Fe,Cr,Ni,Mo,W,N,Nb,C,Si,Mn,Cu,P,S,Al,V,Ta,Re,Ce,Ti,Co,B,Mg,Y,Gd,"Avg. Epit, mV (SCE)",Test Temp,pH,ClM,Test Method,Scan Rate mV/s,Heat treatment,Microstructures,Comments,Material class
66.71,18.00,10.00,3.00,0.00,0.00,0.00,0.03,1.00,1.00,0.20,0.05,0.02,0.00,0.00,0.00,0.00,0.00,0.00,0.00,0.00,0.00,0.00,0.00,287.00,50,7.80,0.0051,"Potentiody-1mic Polarization with exposed area of 1 cm2. Potentiody-1mic polarization experiments were carried out using a scan rate of 0.1 mV/s commencing at a potential about 250 mV more active than the stable OCP. Before starting the polarization scan, the specimen in the sample holder (WE) was left in the cell for about 1 h to attain a steady state which is shown by a constant potential and current at the beginning of the experiment. The potcntiody-1mic runs were programmed such that upon attaining a current density of 25?A/cm^2, the scan direction was reversed and the potentials were scanned back to the starting potential.  ",0.10,None,1,S30403 (304L),1
66.71,18.00,10.00,3.00,0.00,0.00,0.00,0.03,1.00,1.00,0.20,0.05,0.02,0.00,0.00,0.00,0.00,0.00,0.00,0.00,0.00,0.00,0.00,0.00,260.00,50,7.80,0.0086,"Potentiody-1mic Polarization with exposed area of 1 cm2. Potentiody-1mic polarization experiments were carried out using a scan rate of 0.1 mV/s commencing at a potential about 250 mV more active than the stable OCP. Before starting the polarization scan, the specimen in the sample holder (WE) was left in the cell for about 1 h to attain a steady state which is shown by a constant potential and current at the beginning of the experiment. The potcntiody-1mic runs were programmed such that upon attaining a current density of 25?A/cm^2, the scan direction was reversed and the potentials were scanned back to the starting potential.  ",0.10,None,1,S30403 (304L),1
66.71,18.00,10.00,3.00,0.00,0.00,0.00,0.03,1.00,1.00,0.20,0.05,0.02,0.00,0.00,0.00,0.00,0.00,0.00,0.00,0.00,0.00,0.00,0.00,218.00,50,7.80,0.0171,"Potentiody-1mic Polarization with exposed area of 1 cm2. Potentiody-1mic polarization experiments were carried out using a scan rate of 0.1 mV/s commencing at a potential about 250 mV more active than the stable OCP. Before starting the polarization scan, the specimen in the sample holder (WE) was left in the cell for about 1 h to attain a steady state which is shown by a constant potential and current at the beginning of the experiment. The potcntiody-1mic runs were programmed such that upon attaining a current density of 25?A/cm^2, the scan direction was reversed and the potentials were scanned back to the starting potential.  ",0.10,None,1,S30403 (304L),1
66.71,18.00,10.00,3.00,0.00,0.00,0.00,0.03,1.00,1.00,0.20,0.05,0.02,0.00,0.00,0.00,0.00,0.00,0.00,0.00,0.00,0.00,0.00,0.00,140.00,50,7.80,0.0856,"Potentiody-1mic Polarization with exposed area of 1 cm2. Potentiody-1mic polarization experiments were carried out using a scan rate of 0.1 mV/s commencing at a potential about 250 mV more active than the stable OCP. Before starting the polarization scan, the specimen in the sample holder (WE) was left in the cell for about 1 h to attain a steady state which is shown by a constant potential and current at the beginning of the experiment. The potcntiody-1mic runs were programmed such that upon attaining a current density of 25?A/cm^2, the scan direction was reversed and the potentials were scanned back to the starting potential.  ",0.10,None,1,S30403 (304L),1
66.70,18.00,10.00,3.00,0.00,0.00,0.00,0.03,1.00,1.00,0.20,0.05,0.02,0.00,0.00,0.00,0.00,0.00,0.00,0.00,0.00,0.00,0.00,0.00,94.00,50,8.20,0.5460,"Potentiody-1mic Polarization with exposed area of 1 cm2. Potentiody-1mic polarization experiments were carried out using a scan rate of 0.1 mV/s commencing at a potential about 250 mV more active than the stable OCP. Before starting the polarization scan, the specimen in the sample holder (WE) was left in the cell for about 1 h to attain a steady state which is shown by a constant potential and current at the beginning of the experiment. The potcntiody-1mic runs were programmed such that upon attaining a current density of 25?A/cm^2, the scan direction was reversed and the potentials were scanned back to the starting potential.  ",0.10,None,1,S30403 (304L),1
67.53,16.00,11.00,3.00,0.00,0.00,0.00,0.02,1.00,1.00,0.20,0.05,0.20,0.00,0.00,0.00,0.00,0.00,0.00,0.00,0.00,0.00,0.00,0.00,344.00,50,7.80,0.0051,"Potentiody-1mic Polarization with exposed area of 1 cm2. Potentiody-1mic polarization experiments were carried out using a scan rate of 0.1 mV/s commencing at a potential about 250 mV more active than the stable OCP. Before starting the polarization scan, the specimen in the sample holder (WE) was left in the cell for about 1 h to attain a steady state which is shown by a constant potential and current at the beginning of the experiment. The potcntiody-1mic runs were programmed such that upon attaining a current density of 25?A/cm^2, the scan direction was reversed and the potentials were scanned back to the starting potential.  ",0.10,None,1,S31603 (316L),1
67.53,16.00,11.00,3.00,0.00,0.00,0.00,0.02,1.00,1.00,0.20,0.05,0.20,0.00,0.00,0.00,0.00,0.00,0.00,0.00,0.00,0.00,0.00,0.00,330.00,50,7.80,0.0086,"Potentiody-1mic Polarization with exposed area of 1 cm2. Potentiody-1mic polarization experiments were carried out using a scan rate of 0.1 mV/s commencing at a potential about 250 mV more active than the stable OCP. Before starting the polarization scan, the specimen in the sample holder (WE) was left in the cell for about 1 h to attain a steady state which is shown by a constant potential and current at the beginning of the experiment. The potcntiody-1mic runs were programmed such that upon attaining a current density of 25?A/cm^2, the scan direction was reversed and the potentials were scanned back to the starting potential.  ",0.10,None,1,S31603 (316L),1
67.53,16.00,11.00,3.00,0.00,0.00,0.00,0.02,1.00,1.00,0.20,0.05,0.20,0.00,0.00,0.00,0.00,0.00,0.00,0.00,0.00,0.00,0.00,0.00,284.00,50,7.80,0.0171,"Potentiody-1mic Polarization with exposed area of 1 cm2. Potentiody-1mic polarization experiments were carried out using a scan rate of 0.1 mV/s commencing at a potential about 250 mV more active than the stable OCP. Before starting the polarization scan, the specimen in the sample holder (WE) was left in the cell for about 1 h to attain a steady state which is shown by a constant potential and current at the beginning of the experiment. The potcntiody-1mic runs were programmed such that upon attaining a current density of 25?A/cm^2, the scan direction was reversed and the potentials were scanned back to the starting potential.  ",0.10,None,1,S31603 (316L),1
67.53,16.00,11.00,3.00,0.00,0.00,0.00,0.02,1.00,1.00,0.20,0.05,0.20,0.00,0.00,0.00,0.00,0.00,0.00,0.00,0.00,0.00,0.00,0.00,232.00,50,7.80,0.0856,"Potentiody-1mic Polarization with exposed area of 1 cm2. Potentiody-1mic polarization experiments were carried out using a scan rate of 0.1 mV/s commencing at a potential about 250 mV more active than the stable OCP. Before starting the polarization scan, the specimen in the sample holder (WE) was left in the cell for about 1 h to attain a steady state which is shown by a constant potential and current at the beginning of the experiment. The potcntiody-1mic runs were programmed such that upon attaining a current density of 25?A/cm^2, the scan direction was reversed and the potentials were scanned back to the starting potential.  ",0.10,None,1,S31603 (316L),1
67.53,16.00,11.00,3.00,0.00,0.00,0.00,0.02,1.00,1.00,0.20,0.05,0.20,0.00,0.00,0.00,0.00,0.00,0.00,0.00,0.00,0.00,0.00,0.00,154.00,50,8.20,0.5460,"Potentiody-1mic Polarization with exposed area of 1 cm2. Potentiody-1mic polarization experiments were carried out using a scan rate of 0.1 mV/s commencing at a potential about 250 mV more active than the stable OCP. Before starting the polarization scan, the specimen in the sample holder (WE) was left in the cell for about 1 h to attain a steady state which is shown by a constant potential and current at the beginning of the experiment. The potcntiody-1mic runs were programmed such that upon attaining a current density of 25?A/cm^2, the scan direction was reversed and the potentials were scanned back to the starting potential.  ",0.10,None,1,S31603 (316L),1
62.53,18.00,13.00,3.00,0.00,0.00,0.00,0.02,1.00,2.00,0.20,0.05,0.20,0.00,0.00,0.00,0.00,0.00,0.00,0.00,0.00,0.00,0.00,0.00,720.00,50,7.80,0.0051,"Potentiody-1mic Polarization with exposed area of 1 cm2. Potentiody-1mic polarization experiments were carried out using a scan rate of 0.1 mV/s commencing at a potential about 250 mV more active than the stable OCP. Before starting the polarization scan, the specimen in the sample holder (WE) was left in the cell for about 1 h to attain a steady state which is shown by a constant potential and current at the beginning of the experiment. The potcntiody-1mic runs were programmed such that upon attaining a current density of 25?A/cm^2, the scan direction was reversed and the potentials were scanned back to the starting potential.  ",0.10,None,1,S31703 (317L),1
62.53,18.00,13.00,3.00,0.00,0.00,0.00,0.02,1.00,2.00,0.20,0.05,0.20,0.00,0.00,0.00,0.00,0.00,0.00,0.00,0.00,0.00,0.00,0.00,647.00,50,7.80,0.0086,"Potentiody-1mic Polarization with exposed area of 1 cm2. Potentiody-1mic polarization experiments were carried out using a scan rate of 0.1 mV/s commencing at a potential about 250 mV more active than the stable OCP. Before starting the polarization scan, the specimen in the sample holder (WE) was left in the cell for about 1 h to attain a steady state which is shown by a constant potential and current at the beginning of the experiment. The potcntiody-1mic runs were programmed such that upon attaining a current density of 25?A/cm^2, the scan direction was reversed and the potentials were scanned back to the starting potential.  ",0.10,None,1,S31703 (317L),1
62.53,18.00,13.00,3.00,0.00,0.00,0.00,0.02,1.00,2.00,0.20,0.05,0.20,0.00,0.00,0.00,0.00,0.00,0.00,0.00,0.00,0.00,0.00,0.00,556.00,50,7.80,0.0171,"Potentiody-1mic Polarization with exposed area of 1 cm2. Potentiody-1mic polarization experiments were carried out using a scan rate of 0.1 mV/s commencing at a potential about 250 mV more active than the stable OCP. Before starting the polarization scan, the specimen in the sample holder (WE) was left in the cell for about 1 h to attain a steady state which is shown by a constant potential and current at the beginning of the experiment. The potcntiody-1mic runs were programmed such that upon attaining a current density of 25?A/cm^2, the scan direction was reversed and the potentials were scanned back to the starting potential.  ",0.10,None,1,S31703 (317L),1
62.53,18.00,13.00,3.00,0.00,0.00,0.00,0.02,1.00,2.00,0.20,0.05,0.20,0.00,0.00,0.00,0.00,0.00,0.00,0.00,0.00,0.00,0.00,0.00,275.00,50,7.80,0.0856,"Potentiody-1mic Polarization with exposed area of 1 cm2. Potentiody-1mic polarization experiments were carried out using a scan rate of 0.1 mV/s commencing at a potential about 250 mV more active than the stable OCP. Before starting the polarization scan, the specimen in the sample holder (WE) was left in the cell for about 1 h to attain a steady state which is shown by a constant potential and current at the beginning of the experiment. The potcntiody-1mic runs were programmed such that upon attaining a current density of 25?A/cm^2, the scan direction was reversed and the potentials were scanned back to the starting potential.  ",0.10,None,1,S31703 (317L),1
62.53,18.00,13.00,3.00,0.00,0.00,0.00,0.02,1.00,2.00,0.20,0.05,0.20,0.00,0.00,0.00,0.00,0.00,0.00,0.00,0.00,0.00,0.00,0.00,204.00,50,8.20,0.5460,"Potentiody-1mic Polarization with exposed area of 1 cm2. Potentiody-1mic polarization experiments were carried out using a scan rate of 0.1 mV/s commencing at a potential about 250 mV more active than the stable OCP. Before starting the polarization scan, the specimen in the sample holder (WE) was left in the cell for about 1 h to attain a steady state which is shown by a constant potential and current at the beginning of the experiment. The potcntiody-1mic runs were programmed such that upon attaining a current density of 25?A/cm^2, the scan direction was reversed and the potentials were scanned back to the starting potential.  ",0.10,None,1,S31703 (317L),1
47.72,20.00,24.50,5.00,0.00,0.00,0.00,0.02,0.01,1.50,1.00,0.05,0.20,0.00,0.00,0.00,0.00,0.00,0.00,0.00,0.00,0.00,0.00,0.00,876.00,50,7.80,0.0051,"Potentiody-1mic Polarization with exposed area of 1 cm2. Potentiody-1mic polarization experiments were carried out using a scan rate of 0.1 mV/s commencing at a potential about 250 mV more active than the stable OCP. Before starting the polarization scan, the specimen in the sample holder (WE) was left in the cell for about 1 h to attain a steady state which is shown by a constant potential and current at the beginning of the experiment. The potcntiody-1mic runs were programmed such that upon attaining a current density of 25?A/cm^2, the scan direction was reversed and the potentials were scanned back to the starting potential.  ",0.10,None,1,N08904 (904L),1
47.72,20.00,24.50,5.00,0.00,0.00,0.00,0.02,0.01,1.50,1.00,0.05,0.20,0.00,0.00,0.00,0.00,0.00,0.00,0.00,0.00,0.00,0.00,0.00,860.00,50,7.80,0.0086,"Potentiody-1mic Polarization with exposed area of 1 cm2. Potentiody-1mic polarization experiments were carried out using a scan rate of 0.1 mV/s commencing at a potential about 250 mV more active than the stable OCP. Before starting the polarization scan, the specimen in the sample holder (WE) was left in the cell for about 1 h to attain a steady state which is shown by a constant potential and current at the beginning of the experiment. The potcntiody-1mic runs were programmed such that upon attaining a current density of 25?A/cm^2, the scan direction was reversed and the potentials were scanned back to the starting potential.  ",0.10,None,1,N08904 (904L),1
47.72,20.00,24.50,5.00,0.00,0.00,0.00,0.02,0.01,1.50,1.00,0.05,0.20,0.00,0.00,0.00,0.00,0.00,0.00,0.00,0.00,0.00,0.00,0.00,780.00,50,7.80,0.0171,"Potentiody-1mic Polarization with exposed area of 1 cm2. Potentiody-1mic polarization experiments were carried out using a scan rate of 0.1 mV/s commencing at a potential about 250 mV more active than the stable OCP. Before starting the polarization scan, the specimen in the sample holder (WE) was left in the cell for about 1 h to attain a steady state which is shown by a constant potential and current at the beginning of the experiment. The potcntiody-1mic runs were programmed such that upon attaining a current density of 25?A/cm^2, the scan direction was reversed and the potentials were scanned back to the starting potential.  ",0.10,None,1,N08904 (904L),1
47.72,20.00,24.50,5.00,0.00,0.00,0.00,0.02,0.01,1.50,1.00,0.05,0.20,0.00,0.00,0.00,0.00,0.00,0.00,0.00,0.00,0.00,0.00,0.00,587.00,50,7.80,0.0856,"Potentiody-1mic Polarization with exposed area of 1 cm2. Potentiody-1mic polarization experiments were carried out using a scan rate of 0.1 mV/s commencing at a potential about 250 mV more active than the stable OCP. Before starting the polarization scan, the specimen in the sample holder (WE) was left in the cell for about 1 h to attain a steady state which is shown by a constant potential and current at the beginning of the experiment. The potcntiody-1mic runs were programmed such that upon attaining a current density of 25?A/cm^2, the scan direction was reversed and the potentials were scanned back to the starting potential.  ",0.10,None,1,N08904 (904L),1
47.72,20.00,24.50,5.00,0.00,0.00,0.00,0.02,0.01,1.50,1.00,0.05,0.20,0.00,0.00,0.00,0.00,0.00,0.00,0.00,0.00,0.00,0.00,0.00,427.00,50,8.20,0.5460,"Potentiody-1mic Polarization with exposed area of 1 cm2. Potentiody-1mic polarization experiments were carried out using a scan rate of 0.1 mV/s commencing at a potential about 250 mV more active than the stable OCP. Before starting the polarization scan, the specimen in the sample holder (WE) was left in the cell for about 1 h to attain a steady state which is shown by a constant potential and current at the beginning of the experiment. The potcntiody-1mic runs were programmed such that upon attaining a current density of 25?A/cm^2, the scan direction was reversed and the potentials were scanned back to the starting potential.  ",0.10,None,1,N08904 (904L),1
84.61,13.00,0.00,0.00,0.00,0.00,0.00,0.00,1.00,1.00,0.00,0.04,0.35,0.00,0.00,0.00,0.00,0.00,0.00,0.00,0.00,0.00,0.00,0.00,144.00,50,7.80,0.0051,"Potentiody-1mic Polarization with exposed area of 1 cm2. Potentiody-1mic polarization experiments were carried out using a scan rate of 0.1 mV/s commencing at a potential about 250 mV more active than the stable OCP. Before starting the polarization scan, the specimen in the sample holder (WE) was left in the cell for about 1 h to attain a steady state which is shown by a constant potential and current at the beginning of the experiment. The potcntiody-1mic runs were programmed such that upon attaining a current density of 25?A/cm^2, the scan direction was reversed and the potentials were scanned back to the starting potential.  ",0.10,None,2,S41000 (410),1
84.61,13.00,0.00,0.00,0.00,0.00,0.00,0.00,1.00,1.00,0.00,0.04,0.35,0.00,0.00,0.00,0.00,0.00,0.00,0.00,0.00,0.00,0.00,0.00,101.00,50,7.80,0.0086,"Potentiody-1mic Polarization with exposed area of 1 cm2. Potentiody-1mic polarization experiments were carried out using a scan rate of 0.1 mV/s commencing at a potential about 250 mV more active than the stable OCP. Before starting the polarization scan, the specimen in the sample holder (WE) was left in the cell for about 1 h to attain a steady state which is shown by a constant potential and current at the beginning of the experiment. The potcntiody-1mic runs were programmed such that upon attaining a current density of 25?A/cm^2, the scan direction was reversed and the potentials were scanned back to the starting potential.  ",0.10,None,2,S41000 (410),1
84.61,13.00,0.00,0.00,0.00,0.00,0.00,0.00,1.00,1.00,0.00,0.04,0.35,0.00,0.00,0.00,0.00,0.00,0.00,0.00,0.00,0.00,0.00,0.00,-120.00,50,7.80,0.0171,"Potentiody-1mic Polarization with exposed area of 1 cm2. Potentiody-1mic polarization experiments were carried out using a scan rate of 0.1 mV/s commencing at a potential about 250 mV more active than the stable OCP. Before starting the polarization scan, the specimen in the sample holder (WE) was left in the cell for about 1 h to attain a steady state which is shown by a constant potential and current at the beginning of the experiment. The potcntiody-1mic runs were programmed such that upon attaining a current density of 25?A/cm^2, the scan direction was reversed and the potentials were scanned back to the starting potential.  ",0.10,None,2,S41000 (410),1
84.61,13.00,0.00,0.00,0.00,0.00,0.00,0.00,1.00,1.00,0.00,0.04,0.35,0.00,0.00,0.00,0.00,0.00,0.00,0.00,0.00,0.00,0.00,0.00,-43.00,50,7.80,0.0856,"Potentiody-1mic Polarization with exposed area of 1 cm2. Potentiody-1mic polarization experiments were carried out using a scan rate of 0.1 mV/s commencing at a potential about 250 mV more active than the stable OCP. Before starting the polarization scan, the specimen in the sample holder (WE) was left in the cell for about 1 h to attain a steady state which is shown by a constant potential and current at the beginning of the experiment. The potcntiody-1mic runs were programmed such that upon attaining a current density of 25?A/cm^2, the scan direction was reversed and the potentials were scanned back to the starting potential.  ",0.10,None,2,S41000 (410),1
84.61,13.00,0.00,0.00,0.00,0.00,0.00,0.00,1.00,1.00,0.00,0.04,0.35,0.00,0.00,0.00,0.00,0.00,0.00,0.00,0.00,0.00,0.00,0.00,-145.00,50,8.20,0.5460,"Potentiody-1mic Polarization with exposed area of 1 cm2. Potentiody-1mic polarization experiments were carried out using a scan rate of 0.1 mV/s commencing at a potential about 250 mV more active than the stable OCP. Before starting the polarization scan, the specimen in the sample holder (WE) was left in the cell for about 1 h to attain a steady state which is shown by a constant potential and current at the beginning of the experiment. The potcntiody-1mic runs were programmed such that upon attaining a current density of 25?A/cm^2, the scan direction was reversed and the potentials were scanned back to the starting potential.  ",0.10,None,2,S41000 (410),1
72.99,16.00,4.50,0.10,0.00,0.00,0.30,0.07,1.00,1.00,4.00,0.04,0.00,0.00,0.00,0.00,0.00,0.00,0.00,0.00,0.00,0.00,0.00,0.00,221.00,50,7.80,0.0051,"Potentiody-1mic Polarization with exposed area of 1 cm2. Potentiody-1mic polarization experiments were carried out using a scan rate of 0.1 mV/s commencing at a potential about 250 mV more active than the stable OCP. Before starting the polarization scan, the specimen in the sample holder (WE) was left in the cell for about 1 h to attain a steady state which is shown by a constant potential and current at the beginning of the experiment. The potcntiody-1mic runs were programmed such that upon attaining a current density of 25?A/cm^2, the scan direction was reversed and the potentials were scanned back to the starting potential.  ",0.10,None,2,S17400 (17-4PH),1
72.99,16.00,4.50,0.10,0.00,0.00,0.30,0.07,1.00,1.00,4.00,0.04,0.00,0.00,0.00,0.00,0.00,0.00,0.00,0.00,0.00,0.00,0.00,0.00,263.00,50,7.80,0.0086,"Potentiody-1mic Polarization with exposed area of 1 cm2. Potentiody-1mic polarization experiments were carried out using a scan rate of 0.1 mV/s commencing at a potential about 250 mV more active than the stable OCP. Before starting the polarization scan, the specimen in the sample holder (WE) was left in the cell for about 1 h to attain a steady state which is shown by a constant potential and current at the beginning of the experiment. The potcntiody-1mic runs were programmed such that upon attaining a current density of 25?A/cm^2, the scan direction was reversed and the potentials were scanned back to the starting potential.  ",0.10,None,2,S17400 (17-4PH),1
72.99,16.00,4.50,0.10,0.00,0.00,0.30,0.07,1.00,1.00,4.00,0.04,0.00,0.00,0.00,0.00,0.00,0.00,0.00,0.00,0.00,0.00,0.00,0.00,251.00,50,7.80,0.0171,"Potentiody-1mic Polarization with exposed area of 1 cm2. Potentiody-1mic polarization experiments were carried out using a scan rate of 0.1 mV/s commencing at a potential about 250 mV more active than the stable OCP. Before starting the polarization scan, the specimen in the sample holder (WE) was left in the cell for about 1 h to attain a steady state which is shown by a constant potential and current at the beginning of the experiment. The potcntiody-1mic runs were programmed such that upon attaining a current density of 25?A/cm^2, the scan direction was reversed and the potentials were scanned back to the starting potential.  ",0.10,None,2,S17400 (17-4PH),1
72.99,16.00,4.50,0.10,0.00,0.00,0.30,0.07,1.00,1.00,4.00,0.04,0.00,0.00,0.00,0.00,0.00,0.00,0.00,0.00,0.00,0.00,0.00,0.00,281.00,50,7.80,0.0856,"Potentiody-1mic Polarization with exposed area of 1 cm2. Potentiody-1mic polarization experiments were carried out using a scan rate of 0.1 mV/s commencing at a potential about 250 mV more active than the stable OCP. Before starting the polarization scan, the specimen in the sample holder (WE) was left in the cell for about 1 h to attain a steady state which is shown by a constant potential and current at the beginning of the experiment. The potcntiody-1mic runs were programmed such that upon attaining a current density of 25?A/cm^2, the scan direction was reversed and the potentials were scanned back to the starting potential.  ",0.10,None,2,S17400 (17-4PH),1
72.99,16.00,4.50,0.10,0.00,0.00,0.30,0.07,1.00,1.00,4.00,0.04,0.00,0.00,0.00,0.00,0.00,0.00,0.00,0.00,0.00,0.00,0.00,0.00,1516.00,50,8.20,0.5460,"Potentiody-1mic Polarization with exposed area of 1 cm2. Potentiody-1mic polarization experiments were carried out using a scan rate of 0.1 mV/s commencing at a potential about 250 mV more active than the stable OCP. Before starting the polarization scan, the specimen in the sample holder (WE) was left in the cell for about 1 h to attain a steady state which is shown by a constant potential and current at the beginning of the experiment. The potcntiody-1mic runs were programmed such that upon attaining a current density of 25?A/cm^2, the scan direction was reversed and the potentials were scanned back to the starting potential.  ",0.10,None,2,S17400 (17-4PH),1
55.07,20.00,18.00,6.00,0.00,0.20,0.00,0.02,0.00,0.01,0.70,0.00,0.00,0.00,0.00,0.00,0.00,0.00,0.00,0.00,0.00,0.00,0.00,0.00,840.00,50,7.80,0.0051,"Potentiody-1mic Polarization with exposed area of 1 cm2. Potentiody-1mic polarization experiments were carried out using a scan rate of 0.1 mV/s commencing at a potential about 250 mV more active than the stable OCP. Before starting the polarization scan, the specimen in the sample holder (WE) was left in the cell for about 1 h to attain a steady state which is shown by a constant potential and current at the beginning of the experiment. The potcntiody-1mic runs were programmed such that upon attaining a current density of 25?A/cm^2, the scan direction was reversed and the potentials were scanned back to the starting potential.  ",0.10,None,1,S31254 (SMO 254),1
55.07,20.00,18.00,6.00,0.00,0.20,0.00,0.02,0.00,0.01,0.70,0.00,0.00,0.00,0.00,0.00,0.00,0.00,0.00,0.00,0.00,0.00,0.00,0.00,830.00,50,7.80,0.0086,"Potentiody-1mic Polarization with exposed area of 1 cm2. Potentiody-1mic polarization experiments were carried out using a scan rate of 0.1 mV/s commencing at a potential about 250 mV more active than the stable OCP. Before starting the polarization scan, the specimen in the sample holder (WE) was left in the cell for about 1 h to attain a steady state which is shown by a constant potential and current at the beginning of the experiment. The potcntiody-1mic runs were programmed such that upon attaining a current density of 25?A/cm^2, the scan direction was reversed and the potentials were scanned back to the starting potential.  ",0.10,None,1,S31254 (SMO 254),1
55.07,20.00,18.00,6.00,0.00,0.20,0.00,0.02,0.00,0.01,0.70,0.00,0.00,0.00,0.00,0.00,0.00,0.00,0.00,0.00,0.00,0.00,0.00,0.00,821.00,50,7.80,0.0171,"Potentiody-1mic Polarization with exposed area of 1 cm2. Potentiody-1mic polarization experiments were carried out using a scan rate of 0.1 mV/s commencing at a potential about 250 mV more active than the stable OCP. Before starting the polarization scan, the specimen in the sample holder (WE) was left in the cell for about 1 h to attain a steady state which is shown by a constant potential and current at the beginning of the experiment. The potcntiody-1mic runs were programmed such that upon attaining a current density of 25?A/cm^2, the scan direction was reversed and the potentials were scanned back to the starting potential.  ",0.10,None,1,S31254 (SMO 254),1
55.07,20.00,18.00,6.00,0.00,0.20,0.00,0.02,0.00,0.01,0.70,0.00,0.00,0.00,0.00,0.00,0.00,0.00,0.00,0.00,0.00,0.00,0.00,0.00,785.00,50,7.80,0.0856,"Potentiody-1mic Polarization with exposed area of 1 cm2. Potentiody-1mic polarization experiments were carried out using a scan rate of 0.1 mV/s commencing at a potential about 250 mV more active than the stable OCP. Before starting the polarization scan, the specimen in the sample holder (WE) was left in the cell for about 1 h to attain a steady state which is shown by a constant potential and current at the beginning of the experiment. The potcntiody-1mic runs were programmed such that upon attaining a current density of 25?A/cm^2, the scan direction was reversed and the potentials were scanned back to the starting potential.  ",0.10,None,1,S31254 (SMO 254),1
55.07,20.00,18.00,6.00,0.00,0.20,0.00,0.02,0.00,0.01,0.70,0.00,0.00,0.00,0.00,0.00,0.00,0.00,0.00,0.00,0.00,0.00,0.00,0.00,813.00,50,8.20,0.5460,"Potentiody-1mic Polarization with exposed area of 1 cm2. Potentiody-1mic polarization experiments were carried out using a scan rate of 0.1 mV/s commencing at a potential about 250 mV more active than the stable OCP. Before starting the polarization scan, the specimen in the sample holder (WE) was left in the cell for about 1 h to attain a steady state which is shown by a constant potential and current at the beginning of the experiment. The potcntiody-1mic runs were programmed such that upon attaining a current density of 25?A/cm^2, the scan direction was reversed and the potentials were scanned back to the starting potential.  ",0.10,None,1,S31254 (SMO 254),1
44.57,25.00,22.00,7.00,0.00,0.50,0.00,0.02,0.01,0.50,0.40,0.00,0.00,0.00,0.00,0.00,0.00,0.00,0.00,0.00,0.00,0.00,0.00,0.00,979.00,50,7.80,0.0051,"Potentiody-1mic Polarization with exposed area of 1 cm2. Potentiody-1mic polarization experiments were carried out using a scan rate of 0.1 mV/s commencing at a potential about 250 mV more active than the stable OCP. Before starting the polarization scan, the specimen in the sample holder (WE) was left in the cell for about 1 h to attain a steady state which is shown by a constant potential and current at the beginning of the experiment. The potcntiody-1mic runs were programmed such that upon attaining a current density of 25?A/cm^2, the scan direction was reversed and the potentials were scanned back to the starting potential.  ",0.10,None,1,S32654 (SMO 654),1
44.57,25.00,22.00,7.00,0.00,0.50,0.00,0.02,0.01,0.50,0.40,0.00,0.00,0.00,0.00,0.00,0.00,0.00,0.00,0.00,0.00,0.00,0.00,0.00,975.00,50,7.80,0.0086,"Potentiody-1mic Polarization with exposed area of 1 cm2. Potentiody-1mic polarization experiments were carried out using a scan rate of 0.1 mV/s commencing at a potential about 250 mV more active than the stable OCP. Before starting the polarization scan, the specimen in the sample holder (WE) was left in the cell for about 1 h to attain a steady state which is shown by a constant potential and current at the beginning of the experiment. The potcntiody-1mic runs were programmed such that upon attaining a current density of 25?A/cm^2, the scan direction was reversed and the potentials were scanned back to the starting potential.  ",0.10,None,1,S32654 (SMO 654),1
44.57,25.00,22.00,7.00,0.00,0.50,0.00,0.02,0.01,0.50,0.40,0.00,0.00,0.00,0.00,0.00,0.00,0.00,0.00,0.00,0.00,0.00,0.00,0.00,972.00,50,7.80,0.0171,"Potentiody-1mic Polarization with exposed area of 1 cm2. Potentiody-1mic polarization experiments were carried out using a scan rate of 0.1 mV/s commencing at a potential about 250 mV more active than the stable OCP. Before starting the polarization scan, the specimen in the sample holder (WE) was left in the cell for about 1 h to attain a steady state which is shown by a constant potential and current at the beginning of the experiment. The potcntiody-1mic runs were programmed such that upon attaining a current density of 25?A/cm^2, the scan direction was reversed and the potentials were scanned back to the starting potential.  ",0.10,None,1,S32654 (SMO 654),1
44.57,25.00,22.00,7.00,0.00,0.50,0.00,0.02,0.01,0.50,0.40,0.00,0.00,0.00,0.00,0.00,0.00,0.00,0.00,0.00,0.00,0.00,0.00,0.00,908.00,50,7.80,0.0856,"Potentiody-1mic Polarization with exposed area of 1 cm2. Potentiody-1mic polarization experiments were carried out using a scan rate of 0.1 mV/s commencing at a potential about 250 mV more active than the stable OCP. Before starting the polarization scan, the specimen in the sample holder (WE) was left in the cell for about 1 h to attain a steady state which is shown by a constant potential and current at the beginning of the experiment. The potcntiody-1mic runs were programmed such that upon attaining a current density of 25?A/cm^2, the scan direction was reversed and the potentials were scanned back to the starting potential.  ",0.10,None,1,S32654 (SMO 654),1
44.57,25.00,22.00,7.00,0.00,0.50,0.00,0.02,0.01,0.50,0.40,0.00,0.00,0.00,0.00,0.00,0.00,0.00,0.00,0.00,0.00,0.00,0.00,0.00,883.00,50,8.20,0.5460,"Potentiody-1mic Polarization with exposed area of 1 cm2. Potentiody-1mic polarization experiments were carried out using a scan rate of 0.1 mV/s commencing at a potential about 250 mV more active than the stable OCP. Before starting the polarization scan, the specimen in the sample holder (WE) was left in the cell for about 1 h to attain a steady state which is shown by a constant potential and current at the beginning of the experiment. The potcntiody-1mic runs were programmed such that upon attaining a current density of 25?A/cm^2, the scan direction was reversed and the potentials were scanned back to the starting potential.  ",0.10,None,1,S32654 (SMO 654),1
45.99,21.00,25.00,6.00,0.00,0.20,0.00,0.01,0.00,0.90,0.90,0.00,0.00,0.00,0.00,0.00,0.00,0.00,0.00,0.00,0.00,0.00,0.00,0.00,917.00,50,7.80,0.0051,"Potentiody-1mic Polarization with exposed area of 1 cm2. Potentiody-1mic polarization experiments were carried out using a scan rate of 0.1 mV/s commencing at a potential about 250 mV more active than the stable OCP. Before starting the polarization scan, the specimen in the sample holder (WE) was left in the cell for about 1 h to attain a steady state which is shown by a constant potential and current at the beginning of the experiment. The potcntiody-1mic runs were programmed such that upon attaining a current density of 25?A/cm^2, the scan direction was reversed and the potentials were scanned back to the starting potential.  ",0.10,None,1,N08925 (hMo 1925),1
45.99,21.00,25.00,6.00,0.00,0.20,0.00,0.01,0.00,0.90,0.90,0.00,0.00,0.00,0.00,0.00,0.00,0.00,0.00,0.00,0.00,0.00,0.00,0.00,867.00,50,7.80,0.0086,"Potentiody-1mic Polarization with exposed area of 1 cm2. Potentiody-1mic polarization experiments were carried out using a scan rate of 0.1 mV/s commencing at a potential about 250 mV more active than the stable OCP. Before starting the polarization scan, the specimen in the sample holder (WE) was left in the cell for about 1 h to attain a steady state which is shown by a constant potential and current at the beginning of the experiment. The potcntiody-1mic runs were programmed such that upon attaining a current density of 25?A/cm^2, the scan direction was reversed and the potentials were scanned back to the starting potential.  ",0.10,None,1,N08925 (hMo 1925),1
45.99,21.00,25.00,6.00,0.00,0.20,0.00,0.01,0.00,0.90,0.90,0.00,0.00,0.00,0.00,0.00,0.00,0.00,0.00,0.00,0.00,0.00,0.00,0.00,738.00,50,7.80,0.0171,"Potentiody-1mic Polarization with exposed area of 1 cm2. Potentiody-1mic polarization experiments were carried out using a scan rate of 0.1 mV/s commencing at a potential about 250 mV more active than the stable OCP. Before starting the polarization scan, the specimen in the sample holder (WE) was left in the cell for about 1 h to attain a steady state which is shown by a constant potential and current at the beginning of the experiment. The potcntiody-1mic runs were programmed such that upon attaining a current density of 25?A/cm^2, the scan direction was reversed and the potentials were scanned back to the starting potential.  ",0.10,None,1,N08925 (hMo 1925),1
45.99,21.00,25.00,6.00,0.00,0.20,0.00,0.01,0.00,0.90,0.90,0.00,0.00,0.00,0.00,0.00,0.00,0.00,0.00,0.00,0.00,0.00,0.00,0.00,530.00,50,7.80,0.0856,"Potentiody-1mic Polarization with exposed area of 1 cm2. Potentiody-1mic polarization experiments were carried out using a scan rate of 0.1 mV/s commencing at a potential about 250 mV more active than the stable OCP. Before starting the polarization scan, the specimen in the sample holder (WE) was left in the cell for about 1 h to attain a steady state which is shown by a constant potential and current at the beginning of the experiment. The potcntiody-1mic runs were programmed such that upon attaining a current density of 25?A/cm^2, the scan direction was reversed and the potentials were scanned back to the starting potential.  ",0.10,None,1,N08925 (hMo 1925),1
45.99,21.00,25.00,6.00,0.00,0.20,0.00,0.01,0.00,0.90,0.90,0.00,0.00,0.00,0.00,0.00,0.00,0.00,0.00,0.00,0.00,0.00,0.00,0.00,1060.00,50,8.20,0.5460,"Potentiody-1mic Polarization with exposed area of 1 cm2. Potentiody-1mic polarization experiments were carried out using a scan rate of 0.1 mV/s commencing at a potential about 250 mV more active than the stable OCP. Before starting the polarization scan, the specimen in the sample holder (WE) was left in the cell for about 1 h to attain a steady state which is shown by a constant potential and current at the beginning of the experiment. The potcntiody-1mic runs were programmed such that upon attaining a current density of 25?A/cm^2, the scan direction was reversed and the potentials were scanned back to the starting potential.  ",0.10,None,1,N08925 (hMo 1925),1
31.47,27.00,32.00,6.50,0.00,0.00,0.00,0.02,0.01,2.00,1.00,0.00,0.00,0.00,0.00,0.00,0.00,0.00,0.00,0.00,0.00,0.00,0.00,0.00,997.00,50,7.80,0.0051,"Potentiody-1mic Polarization with exposed area of 1 cm2. Potentiody-1mic polarization experiments were carried out using a scan rate of 0.1 mV/s commencing at a potential about 250 mV more active than the stable OCP. Before starting the polarization scan, the specimen in the sample holder (WE) was left in the cell for about 1 h to attain a steady state which is shown by a constant potential and current at the beginning of the experiment. The potcntiody-1mic runs were programmed such that upon attaining a current density of 25?A/cm^2, the scan direction was reversed and the potentials were scanned back to the starting potential.  ",0.10,None,1,N0828 (hMo 3127),1
31.47,27.00,32.00,6.50,0.00,0.00,0.00,0.02,0.01,2.00,1.00,0.00,0.00,0.00,0.00,0.00,0.00,0.00,0.00,0.00,0.00,0.00,0.00,0.00,980.00,50,7.80,0.0086,"Potentiody-1mic Polarization with exposed area of 1 cm2. Potentiody-1mic polarization experiments were carried out using a scan rate of 0.1 mV/s commencing at a potential about 250 mV more active than the stable OCP. Before starting the polarization scan, the specimen in the sample holder (WE) was left in the cell for about 1 h to attain a steady state which is shown by a constant potential and current at the beginning of the experiment. The potcntiody-1mic runs were programmed such that upon attaining a current density of 25?A/cm^2, the scan direction was reversed and the potentials were scanned back to the starting potential.  ",0.10,None,1,N0828 (hMo 3127),1
31.47,27.00,32.00,6.50,0.00,0.00,0.00,0.02,0.01,2.00,1.00,0.00,0.00,0.00,0.00,0.00,0.00,0.00,0.00,0.00,0.00,0.00,0.00,0.00,973.00,50,7.80,0.0171,"Potentiody-1mic Polarization with exposed area of 1 cm2. Potentiody-1mic polarization experiments were carried out using a scan rate of 0.1 mV/s commencing at a potential about 250 mV more active than the stable OCP. Before starting the polarization scan, the specimen in the sample holder (WE) was left in the cell for about 1 h to attain a steady state which is shown by a constant potential and current at the beginning of the experiment. The potcntiody-1mic runs were programmed such that upon attaining a current density of 25?A/cm^2, the scan direction was reversed and the potentials were scanned back to the starting potential.  ",0.10,None,1,N0828 (hMo 3127),1
31.47,27.00,32.00,6.50,0.00,0.00,0.00,0.02,0.01,2.00,1.00,0.00,0.00,0.00,0.00,0.00,0.00,0.00,0.00,0.00,0.00,0.00,0.00,0.00,933.00,50,7.80,0.0856,"Potentiody-1mic Polarization with exposed area of 1 cm2. Potentiody-1mic polarization experiments were carried out using a scan rate of 0.1 mV/s commencing at a potential about 250 mV more active than the stable OCP. Before starting the polarization scan, the specimen in the sample holder (WE) was left in the cell for about 1 h to attain a steady state which is shown by a constant potential and current at the beginning of the experiment. The potcntiody-1mic runs were programmed such that upon attaining a current density of 25?A/cm^2, the scan direction was reversed and the potentials were scanned back to the starting potential.  ",0.10,None,1,N0828 (hMo 3127),1
31.47,27.00,32.00,6.50,0.00,0.00,0.00,0.02,0.01,2.00,1.00,0.00,0.00,0.00,0.00,0.00,0.00,0.00,0.00,0.00,0.00,0.00,0.00,0.00,883.00,50,8.20,0.5460,"Potentiody-1mic Polarization with exposed area of 1 cm2. Potentiody-1mic polarization experiments were carried out using a scan rate of 0.1 mV/s commencing at a potential about 250 mV more active than the stable OCP. Before starting the polarization scan, the specimen in the sample holder (WE) was left in the cell for about 1 h to attain a steady state which is shown by a constant potential and current at the beginning of the experiment. The potcntiody-1mic runs were programmed such that upon attaining a current density of 25?A/cm^2, the scan direction was reversed and the potentials were scanned back to the starting potential.  ",0.10,None,1,N0828 (hMo 3127),1
37.18,19.00,33.00,2.00,0.00,0.00,2.50,0.02,0.40,0.40,3.00,0.00,0.00,0.00,0.00,2.50,0.00,0.00,0.00,0.00,0.00,0.00,0.00,0.00,912.00,50,7.80,0.0051,"Potentiody-1mic Polarization with exposed area of 1 cm2. Potentiody-1mic polarization experiments were carried out using a scan rate of 0.1 mV/s commencing at a potential about 250 mV more active than the stable OCP. Before starting the polarization scan, the specimen in the sample holder (WE) was left in the cell for about 1 h to attain a steady state which is shown by a constant potential and current at the beginning of the experiment. The potcntiody-1mic runs were programmed such that upon attaining a current density of 25?A/cm^2, the scan direction was reversed and the potentials were scanned back to the starting potential.  ",0.10,None,1,"N08020 (20 Cb3), Nb + Ta = 5%",1
37.18,19.00,33.00,2.00,0.00,0.00,2.50,0.02,0.40,0.40,3.00,0.00,0.00,0.00,0.00,2.50,0.00,0.00,0.00,0.00,0.00,0.00,0.00,0.00,631.00,50,7.80,0.0086,"Potentiody-1mic Polarization with exposed area of 1 cm2. Potentiody-1mic polarization experiments were carried out using a scan rate of 0.1 mV/s commencing at a potential about 250 mV more active than the stable OCP. Before starting the polarization scan, the specimen in the sample holder (WE) was left in the cell for about 1 h to attain a steady state which is shown by a constant potential and current at the beginning of the experiment. The potcntiody-1mic runs were programmed such that upon attaining a current density of 25?A/cm^2, the scan direction was reversed and the potentials were scanned back to the starting potential.  ",0.10,None,1,"N08020 (20 Cb3), Nb + Ta = 5%",1
37.18,19.00,33.00,2.00,0.00,0.00,2.50,0.02,0.40,0.40,3.00,0.00,0.00,0.00,0.00,2.50,0.00,0.00,0.00,0.00,0.00,0.00,0.00,0.00,761.00,50,7.80,0.0171,"Potentiody-1mic Polarization with exposed area of 1 cm2. Potentiody-1mic polarization experiments were carried out using a scan rate of 0.1 mV/s commencing at a potential about 250 mV more active than the stable OCP. Before starting the polarization scan, the specimen in the sample holder (WE) was left in the cell for about 1 h to attain a steady state which is shown by a constant potential and current at the beginning of the experiment. The potcntiody-1mic runs were programmed such that upon attaining a current density of 25?A/cm^2, the scan direction was reversed and the potentials were scanned back to the starting potential.  ",0.10,None,1,"N08020 (20 Cb3), Nb + Ta = 5%",1
37.18,19.00,33.00,2.00,0.00,0.00,2.50,0.02,0.40,0.40,3.00,0.00,0.00,0.00,0.00,2.50,0.00,0.00,0.00,0.00,0.00,0.00,0.00,0.00,830.00,50,7.80,0.0856,"Potentiody-1mic Polarization with exposed area of 1 cm2. Potentiody-1mic polarization experiments were carried out using a scan rate of 0.1 mV/s commencing at a potential about 250 mV more active than the stable OCP. Before starting the polarization scan, the specimen in the sample holder (WE) was left in the cell for about 1 h to attain a steady state which is shown by a constant potential and current at the beginning of the experiment. The potcntiody-1mic runs were programmed such that upon attaining a current density of 25?A/cm^2, the scan direction was reversed and the potentials were scanned back to the starting potential.  ",0.10,None,1,"N08020 (20 Cb3), Nb + Ta = 5%",1
37.18,19.00,33.00,2.00,0.00,0.00,2.50,0.02,0.40,0.40,3.00,0.00,0.00,0.00,0.00,2.50,0.00,0.00,0.00,0.00,0.00,0.00,0.00,0.00,538.00,50,8.20,0.5460,"Potentiody-1mic Polarization with exposed area of 1 cm2. Potentiody-1mic polarization experiments were carried out using a scan rate of 0.1 mV/s commencing at a potential about 250 mV more active than the stable OCP. Before starting the polarization scan, the specimen in the sample holder (WE) was left in the cell for about 1 h to attain a steady state which is shown by a constant potential and current at the beginning of the experiment. The potcntiody-1mic runs were programmed such that upon attaining a current density of 25?A/cm^2, the scan direction was reversed and the potentials were scanned back to the starting potential.  ",0.10,None,1,"N08020 (20 Cb3), Nb + Ta = 5%",1
66.36,25.00,4.00,4.00,0.00,0.00,0.00,0.03,0.01,0.40,0.20,0.00,0.00,0.00,0.00,0.00,0.00,0.00,0.00,0.00,0.00,0.00,0.00,0.00,1006.00,50,7.80,0.0051,"Potentiody-1mic Polarization with exposed area of 1 cm2. Potentiody-1mic polarization experiments were carried out using a scan rate of 0.1 mV/s commencing at a potential about 250 mV more active than the stable OCP. Before starting the polarization scan, the specimen in the sample holder (WE) was left in the cell for about 1 h to attain a steady state which is shown by a constant potential and current at the beginning of the experiment. The potcntiody-1mic runs were programmed such that upon attaining a current density of 25?A/cm^2, the scan direction was reversed and the potentials were scanned back to the starting potential.  ",0.10,None,2,S44635 (Monit 44635),1
66.36,25.00,4.00,4.00,0.00,0.00,0.00,0.03,0.01,0.40,0.20,0.00,0.00,0.00,0.00,0.00,0.00,0.00,0.00,0.00,0.00,0.00,0.00,0.00,1003.00,50,7.80,0.0086,"Potentiody-1mic Polarization with exposed area of 1 cm2. Potentiody-1mic polarization experiments were carried out using a scan rate of 0.1 mV/s commencing at a potential about 250 mV more active than the stable OCP. Before starting the polarization scan, the specimen in the sample holder (WE) was left in the cell for about 1 h to attain a steady state which is shown by a constant potential and current at the beginning of the experiment. The potcntiody-1mic runs were programmed such that upon attaining a current density of 25?A/cm^2, the scan direction was reversed and the potentials were scanned back to the starting potential.  ",0.10,None,2,S44635 (Monit 44635),1
66.36,25.00,4.00,4.00,0.00,0.00,0.00,0.03,0.01,0.40,0.20,0.00,0.00,0.00,0.00,0.00,0.00,0.00,0.00,0.00,0.00,0.00,0.00,0.00,942.00,50,7.80,0.0171,"Potentiody-1mic Polarization with exposed area of 1 cm2. Potentiody-1mic polarization experiments were carried out using a scan rate of 0.1 mV/s commencing at a potential about 250 mV more active than the stable OCP. Before starting the polarization scan, the specimen in the sample holder (WE) was left in the cell for about 1 h to attain a steady state which is shown by a constant potential and current at the beginning of the experiment. The potcntiody-1mic runs were programmed such that upon attaining a current density of 25?A/cm^2, the scan direction was reversed and the potentials were scanned back to the starting potential.  ",0.10,None,2,S44635 (Monit 44635),1
66.36,25.00,4.00,4.00,0.00,0.00,0.00,0.03,0.01,0.40,0.20,0.00,0.00,0.00,0.00,0.00,0.00,0.00,0.00,0.00,0.00,0.00,0.00,0.00,940.00,50,7.80,0.0856,"Potentiody-1mic Polarization with exposed area of 1 cm2. Potentiody-1mic polarization experiments were carried out using a scan rate of 0.1 mV/s commencing at a potential about 250 mV more active than the stable OCP. Before starting the polarization scan, the specimen in the sample holder (WE) was left in the cell for about 1 h to attain a steady state which is shown by a constant potential and current at the beginning of the experiment. The potcntiody-1mic runs were programmed such that upon attaining a current density of 25?A/cm^2, the scan direction was reversed and the potentials were scanned back to the starting potential.  ",0.10,None,2,S44635 (Monit 44635),1
66.36,25.00,4.00,4.00,0.00,0.00,0.00,0.03,0.01,0.40,0.20,0.00,0.00,0.00,0.00,0.00,0.00,0.00,0.00,0.00,0.00,0.00,0.00,0.00,721.00,50,8.20,0.5460,"Potentiody-1mic Polarization with exposed area of 1 cm2. Potentiody-1mic polarization experiments were carried out using a scan rate of 0.1 mV/s commencing at a potential about 250 mV more active than the stable OCP. Before starting the polarization scan, the specimen in the sample holder (WE) was left in the cell for about 1 h to attain a steady state which is shown by a constant potential and current at the beginning of the experiment. The potcntiody-1mic runs were programmed such that upon attaining a current density of 25?A/cm^2, the scan direction was reversed and the potentials were scanned back to the starting potential.  ",0.10,None,2,S44635 (Monit 44635),1
66.67,22.00,6.00,3.00,0.00,0.00,0.30,0.02,0.01,1.50,0.20,0.00,0.00,0.00,0.00,0.30,0.00,0.00,0.00,0.00,0.00,0.00,0.00,0.00,885.00,50,7.80,0.0051,"Potentiody-1mic Polarization with exposed area of 1 cm2. Potentiody-1mic polarization experiments were carried out using a scan rate of 0.1 mV/s commencing at a potential about 250 mV more active than the stable OCP. Before starting the polarization scan, the specimen in the sample holder (WE) was left in the cell for about 1 h to attain a steady state which is shown by a constant potential and current at the beginning of the experiment. The potcntiody-1mic runs were programmed such that upon attaining a current density of 25?A/cm^2, the scan direction was reversed and the potentials were scanned back to the starting potential.  ",0.10,None,3,"S31803 (Duplex 2205), Nb + Ta = 0.6%",1
66.67,22.00,6.00,3.00,0.00,0.00,0.30,0.02,0.01,1.50,0.20,0.00,0.00,0.00,0.00,0.30,0.00,0.00,0.00,0.00,0.00,0.00,0.00,0.00,855.00,50,7.80,0.0086,"Potentiody-1mic Polarization with exposed area of 1 cm2. Potentiody-1mic polarization experiments were carried out using a scan rate of 0.1 mV/s commencing at a potential about 250 mV more active than the stable OCP. Before starting the polarization scan, the specimen in the sample holder (WE) was left in the cell for about 1 h to attain a steady state which is shown by a constant potential and current at the beginning of the experiment. The potcntiody-1mic runs were programmed such that upon attaining a current density of 25?A/cm^2, the scan direction was reversed and the potentials were scanned back to the starting potential.  ",0.10,None,3,"S31803 (Duplex 2205), Nb + Ta = 0.6%",1
66.67,22.00,6.00,3.00,0.00,0.00,0.30,0.02,0.01,1.50,0.20,0.00,0.00,0.00,0.00,0.30,0.00,0.00,0.00,0.00,0.00,0.00,0.00,0.00,872.00,50,7.80,0.0171,"Potentiody-1mic Polarization with exposed area of 1 cm2. Potentiody-1mic polarization experiments were carried out using a scan rate of 0.1 mV/s commencing at a potential about 250 mV more active than the stable OCP. Before starting the polarization scan, the specimen in the sample holder (WE) was left in the cell for about 1 h to attain a steady state which is shown by a constant potential and current at the beginning of the experiment. The potcntiody-1mic runs were programmed such that upon attaining a current density of 25?A/cm^2, the scan direction was reversed and the potentials were scanned back to the starting potential.  ",0.10,None,3,"S31803 (Duplex 2205), Nb + Ta = 0.6%",1
66.67,22.00,6.00,3.00,0.00,0.00,0.30,0.02,0.01,1.50,0.20,0.00,0.00,0.00,0.00,0.30,0.00,0.00,0.00,0.00,0.00,0.00,0.00,0.00,851.00,50,7.80,0.0856,"Potentiody-1mic Polarization with exposed area of 1 cm2. Potentiody-1mic polarization experiments were carried out using a scan rate of 0.1 mV/s commencing at a potential about 250 mV more active than the stable OCP. Before starting the polarization scan, the specimen in the sample holder (WE) was left in the cell for about 1 h to attain a steady state which is shown by a constant potential and current at the beginning of the experiment. The potcntiody-1mic runs were programmed such that upon attaining a current density of 25?A/cm^2, the scan direction was reversed and the potentials were scanned back to the starting potential.  ",0.10,None,3,"S31803 (Duplex 2205), Nb + Ta = 0.6%",1
66.67,22.00,6.00,3.00,0.00,0.00,0.30,0.02,0.01,1.50,0.20,0.00,0.00,0.00,0.00,0.30,0.00,0.00,0.00,0.00,0.00,0.00,0.00,0.00,629.00,50,8.20,0.5460,"Potentiody-1mic Polarization with exposed area of 1 cm2. Potentiody-1mic polarization experiments were carried out using a scan rate of 0.1 mV/s commencing at a potential about 250 mV more active than the stable OCP. Before starting the polarization scan, the specimen in the sample holder (WE) was left in the cell for about 1 h to attain a steady state which is shown by a constant potential and current at the beginning of the experiment. The potcntiody-1mic runs were programmed such that upon attaining a current density of 25?A/cm^2, the scan direction was reversed and the potentials were scanned back to the starting potential.  ",0.10,None,3,"S31803 (Duplex 2205), Nb + Ta = 0.6%",1
69.82,18.92,8.51,0.35,0.00,0.04,0.00,0.06,0.46,1.59,0.21,0.04,0.01,0.00,0.00,0.00,0.00,0.00,0.00,0.00,0.00,0.00,0.00,0.00,265.50,25,-0.30,0.5000,Potentiody-1mic Polarization,-1.00,The laboratory heats were processed to produce fully solution-annealed steel ranging from 0.8 to 6.4 mm thick and having an ASTM 5 to 6 grain size. These alloys were in the mill-annealed condition.,-1,None,1
69.60,18.87,8.59,0.36,0.00,0.11,0.00,0.04,0.46,1.77,0.16,0.03,0.01,0.00,0.00,0.00,0.00,0.00,0.00,0.00,0.00,0.00,0.00,0.00,328.50,25,-0.30,0.5000,Potentiody-1mic Polarization,-1.00,The laboratory heats were processed to produce fully solution-annealed steel ranging from 0.8 to 6.4 mm thick and having an ASTM 5 to 6 grain size. These alloys were in the mill-annealed condition.,-1,None,1
69.60,18.80,8.63,0.38,0.00,0.16,0.00,0.04,0.41,1.78,0.16,0.03,0.01,0.00,0.00,0.00,0.00,0.00,0.00,0.00,0.00,0.00,0.00,0.00,532.30,25,-0.30,0.5000,Potentiody-1mic Polarization,-1.00,The laboratory heats were processed to produce fully solution-annealed steel ranging from 0.8 to 6.4 mm thick and having an ASTM 5 to 6 grain size. These alloys were in the mill-annealed condition.,-1,None,1
58.39,17.38,20.15,0.02,0.00,0.04,0.00,0.03,0.13,3.84,0.00,0.01,0.01,0.00,0.00,0.00,0.00,0.00,0.00,0.00,0.00,0.00,0.00,0.00,-65.00,25,7.68,0.6000,"Following pretreatment for 5 min at -1.5 V, the potential was increased-rapidly to -0.5V and thereafter at a steady rate of 1V in 50 min. In this work the critical pitting potential was taken as that at which there was an anodic current flow of 10^-5 A/cm^2. ",0.33,Ingots were cast and hot rolled to 20 mm diameter bars which were heat treated at ll00°c for 30 min and cooled in still air,-1,The specimen surface was ground to a 120 grit finish and 5 cm2 was exposed to the corrodent.,1
57.05,17.68,20.43,0.08,0.00,0.30,0.00,0.03,0.19,4.22,0.00,0.02,0.01,0.00,0.00,0.00,0.00,0.00,0.00,0.00,0.00,0.00,0.00,0.00,-25.00,25,7.68,0.6000,"Following pretreatment for 5 min at -1.5 V, the potential was increased-rapidly to -0.5V and thereafter at a steady rate of 1V in 50 min. In this work the critical pitting potential was taken as that at which there was an anodic current flow of 10^-5 A/cm^2. ",0.33,Ingots were cast and hot rolled to 20 mm diameter bars which were heat treated at ll00°c for 30 min and cooled in still air,-1,The specimen surface was ground to a 120 grit finish and 5 cm2 was exposed to the corrodent.,1
56.46,17.95,19.90,1.03,0.00,0.03,0.00,0.04,0.19,4.38,0.00,0.02,0.01,0.00,0.00,0.00,0.00,0.00,0.00,0.00,0.00,0.00,0.00,0.00,-40.00,25,7.68,0.6000,"Following pretreatment for 5 min at -1.5 V, the potential was increased-rapidly to -0.5V and thereafter at a steady rate of 1V in 50 min. In this work the critical pitting potential was taken as that at which there was an anodic current flow of 10^-5 A/cm^2. ",0.33,Ingots were cast and hot rolled to 20 mm diameter bars which were heat treated at ll00°c for 30 min and cooled in still air,-1,The specimen surface was ground to a 120 grit finish and 5 cm2 was exposed to the corrodent.,1
58.15,16.42,19.90,1.03,0.00,0.16,0.00,0.01,0.22,4.08,0.00,0.02,0.02,0.00,0.00,0.00,0.00,0.00,0.00,0.00,0.00,0.00,0.00,0.00,-15.00,25,7.68,0.6000,"Following pretreatment for 5 min at -1.5 V, the potential was increased-rapidly to -0.5V and thereafter at a steady rate of 1V in 50 min. In this work the critical pitting potential was taken as that at which there was an anodic current flow of 10^-5 A/cm^2. ",0.33,Ingots were cast and hot rolled to 20 mm diameter bars which were heat treated at 1100°c for 30 min and cooled in still air,-1,The specimen surface was ground to a 120 grit finish and 5 cm2 was exposed to the corrodent.,1
57.41,16.86,19.98,1.03,0.00,0.27,0.00,0.02,0.33,4.06,0.00,0.02,0.02,0.00,0.00,0.00,0.00,0.00,0.00,0.00,0.00,0.00,0.00,0.00,65.00,25,7.68,0.6000,"Following pretreatment for 5 min at -1.5 V, the potential was increased-rapidly to -0.5V and thereafter at a steady rate of 1V in 50 min. In this work the critical pitting potential was taken as that at which there was an anodic current flow of 10^-5 A/cm^2. ",0.33,Ingots were cast and hot rolled to 20 mm diameter bars which were heat treated at 1100°c for 30 min and cooled in still air,-1,The specimen surface was ground to a 120 grit finish and 5 cm2 was exposed to the corrodent.,1
56.76,16.86,20.54,1.01,0.00,0.29,0.00,0.03,0.17,4.31,0.00,0.02,0.01,0.00,0.00,0.00,0.00,0.00,0.00,0.00,0.00,0.00,0.00,0.00,50.00,25,7.68,0.6000,"Following pretreatment for 5 min at -1.5 V, the potential was increased-rapidly to -0.5V and thereafter at a steady rate of 1V in 50 min. In this work the critical pitting potential was taken as that at which there was an anodic current flow of 10^-5 A/cm^2. ",0.33,Ingots were cast and hot rolled to 20 mm diameter bars which were heat treated at 1100°c for 30 min and cooled in still air,-1,The specimen surface was ground to a 120 grit finish and 5 cm2 was exposed to the corrodent.,1
57.00,16.34,19.16,2.98,0.00,0.03,0.00,0.02,0.18,4.25,0.00,0.02,0.01,0.00,0.00,0.00,0.00,0.00,0.00,0.00,0.00,0.00,0.00,0.00,20.00,25,7.68,0.6000,"Following pretreatment for 5 min at -1.5 V, the potential was increased-rapidly to -0.5V and thereafter at a steady rate of 1V in 50 min. In this work the critical pitting potential was taken as that at which there was an anodic current flow of 10^-5 A/cm^2. ",0.33,Ingots were cast and hot rolled to 20 mm diameter bars which were heat treated at 1100°c for 30 min and cooled in still air,-1,The specimen surface was ground to a 120 grit finish and 5 cm2 was exposed to the corrodent.,1
56.34,16.70,19.65,2.92,0.00,0.15,0.00,0.01,0.14,4.06,0.00,0.02,0.02,0.00,0.00,0.00,0.00,0.00,0.00,0.00,0.00,0.00,0.00,0.00,85.00,25,7.68,0.6000,"Following pretreatment for 5 min at -1.5 V, the potential was increased-rapidly to -0.5V and thereafter at a steady rate of 1V in 50 min. In this work the critical pitting potential was taken as that at which there was an anodic current flow of 10^-5 A/cm^2. ",0.33,Ingots were cast and hot rolled to 20 mm diameter bars which were heat treated at 1100°c for 30 min and cooled in still air,-1,The specimen surface was ground to a 120 grit finish and 5 cm2 was exposed to the corrodent.,1
55.53,16.80,20.05,2.94,0.00,0.29,0.00,0.01,0.27,4.07,0.00,0.02,0.02,0.00,0.00,0.00,0.00,0.00,0.00,0.00,0.00,0.00,0.00,0.00,80.00,25,7.68,0.6000,"Following pretreatment for 5 min at -1.5 V, the potential was increased-rapidly to -0.5V and thereafter at a steady rate of 1V in 50 min. In this work the critical pitting potential was taken as that at which there was an anodic current flow of 10^-5 A/cm^2. ",0.33,Ingots were cast and hot rolled to 20 mm diameter bars which were heat treated at 1100°c for 30 min and cooled in still air,-1,The specimen surface was ground to a 120 grit finish and 5 cm2 was exposed to the corrodent.,1
55.29,16.58,20.29,2.72,0.00,0.31,0.00,0.03,0.23,4.53,0.00,0.02,0.01,0.00,0.00,0.00,0.00,0.00,0.00,0.00,0.00,0.00,0.00,0.00,95.00,25,7.68,0.6000,"Following pretreatment for 5 min at -1.5 V, the potential was increased-rapidly to -0.5V and thereafter at a steady rate of 1V in 50 min. In this work the critical pitting potential was taken as that at which there was an anodic current flow of 10^-5 A/cm^2. ",0.33,Ingots were cast and hot rolled to 20 mm diameter bars which were heat treated at 1100°c for 30 min and cooled in still air,-1,The specimen surface was ground to a 120 grit finish and 5 cm2 was exposed to the corrodent.,1
53.00,22.58,19.88,0.05,0.00,0.05,0.00,0.01,0.13,4.28,0.00,0.01,0.01,0.00,0.00,0.00,0.00,0.00,0.00,0.00,0.00,0.00,0.00,0.00,-30.00,25,7.68,0.6000,"Following pretreatment for 5 min at -1.5 V, the potential was increased-rapidly to -0.5V and thereafter at a steady rate of 1V in 50 min. In this work the critical pitting potential was taken as that at which there was an anodic current flow of 10^-5 A/cm^2. ",0.33,Ingots were cast and hot rolled to 20 mm diameter bars which were heat treated at 1100°c for 30 min and cooled in still air,-1,The specimen surface was ground to a 120 grit finish and 5 cm2 was exposed to the corrodent.,1
52.28,22.46,20.27,0.10,0.00,0.39,0.00,0.02,0.14,4.33,0.00,0.01,0.01,0.00,0.00,0.00,0.00,0.00,0.00,0.00,0.00,0.00,0.00,0.00,50.00,25,7.68,0.6000,"Following pretreatment for 5 min at -1.5 V, the potential was increased-rapidly to -0.5V and thereafter at a steady rate of 1V in 50 min. In this work the critical pitting potential was taken as that at which there was an anodic current flow of 10^-5 A/cm^2. ",0.33,Ingots were cast and hot rolled to 20 mm diameter bars which were heat treated at 1100°c for 30 min and cooled in still air,-1,The specimen surface was ground to a 120 grit finish and 5 cm2 was exposed to the corrodent.,1
52.12,22.13,20.30,0.99,0.00,0.05,0.00,0.02,0.16,4.20,0.00,0.02,0.01,0.00,0.00,0.00,0.00,0.00,0.00,0.00,0.00,0.00,0.00,0.00,-10.00,25,7.68,0.6000,"Following pretreatment for 5 min at -1.5 V, the potential was increased-rapidly to -0.5V and thereafter at a steady rate of 1V in 50 min. In this work the critical pitting potential was taken as that at which there was an anodic current flow of 10^-5 A/cm^2. ",0.33,Ingots were cast and hot rolled to 20 mm diameter bars which were heat treated at 1100°c for 30 min and cooled in still air,-1,The specimen surface was ground to a 120 grit finish and 5 cm2 was exposed to the corrodent.,1
52.19,22.52,19.85,1.07,0.00,0.16,0.00,0.01,0.15,4.02,0.00,0.02,0.02,0.00,0.00,0.00,0.00,0.00,0.00,0.00,0.00,0.00,0.00,0.00,35.00,25,7.68,0.6000,"Following pretreatment for 5 min at -1.5 V, the potential was increased-rapidly to -0.5V and thereafter at a steady rate of 1V in 50 min. In this work the critical pitting potential was taken as that at which there was an anodic current flow of 10^-5 A/cm^2. ",0.33,Ingots were cast and hot rolled to 20 mm diameter bars which were heat treated at 1100°c for 30 min and cooled in still air,-1,The specimen surface was ground to a 120 grit finish and 5 cm2 was exposed to the corrodent.,1
51.85,22.72,19.95,1.02,0.00,0.41,0.00,0.01,0.20,3.80,0.00,0.02,0.02,0.00,0.00,0.00,0.00,0.00,0.00,0.00,0.00,0.00,0.00,0.00,200.00,25,7.68,0.6000,"Following pretreatment for 5 min at -1.5 V, the potential was increased-rapidly to -0.5V and thereafter at a steady rate of 1V in 50 min. In this work the critical pitting potential was taken as that at which there was an anodic current flow of 10^-5 A/cm^2. ",0.33,Ingots were cast and hot rolled to 20 mm diameter bars which were heat treated at 1100°c for 30 min and cooled in still air,-1,The specimen surface was ground to a 120 grit finish and 5 cm2 was exposed to the corrodent.,1
50.37,22.41,19.96,2.64,0.00,0.07,0.00,0.03,0.21,4.29,0.00,0.01,0.01,0.00,0.00,0.00,0.00,0.00,0.00,0.00,0.00,0.00,0.00,0.00,125.00,25,7.68,0.6000,"Following pretreatment for 5 min at -1.5 V, the potential was increased-rapidly to -0.5V and thereafter at a steady rate of 1V in 50 min. In this work the critical pitting potential was taken as that at which there was an anodic current flow of 10^-5 A/cm^2. ",0.33,Ingots were cast and hot rolled to 20 mm diameter bars which were heat treated at 1100°c for 30 min and cooled in still air,-1,The specimen surface was ground to a 120 grit finish and 5 cm2 was exposed to the corrodent.,1
50.11,22.84,20.05,2.85,0.00,0.16,0.00,0.01,0.14,3.80,0.00,0.02,0.02,0.00,0.00,0.00,0.00,0.00,0.00,0.00,0.00,0.00,0.00,0.00,170.00,25,7.68,0.6000,"Following pretreatment for 5 min at -1.5 V, the potential was increased-rapidly to -0.5V and thereafter at a steady rate of 1V in 50 min. In this work the critical pitting potential was taken as that at which there was an anodic current flow of 10^-5 A/cm^2. ",0.33,Ingots were cast and hot rolled to 20 mm diameter bars which were heat treated at 1100°c for 30 min and cooled in still air,-1,The specimen surface was ground to a 120 grit finish and 5 cm2 was exposed to the corrodent.,1
49.66,22.35,20.39,2.73,0.00,0.31,0.00,0.02,0.16,4.35,0.00,0.02,0.01,0.00,0.00,0.00,0.00,0.00,0.00,0.00,0.00,0.00,0.00,0.00,920.00,25,7.68,0.6000,"Following pretreatment for 5 min at -1.5 V, the potential was increased-rapidly to -0.5V and thereafter at a steady rate of 1V in 50 min. In this work the critical pitting potential was taken as that at which there was an anodic current flow of 10^-5 A/cm^2. ",0.33,Ingots were cast and hot rolled to 20 mm diameter bars which were heat treated at 1100°c for 30 min and cooled in still air,-1,The specimen surface was ground to a 120 grit finish and 5 cm2 was exposed to the corrodent.,1
50.08,22.52,19.95,2.96,0.00,0.46,0.00,0.02,0.23,3.75,0.00,0.02,0.02,0.00,0.00,0.00,0.00,0.00,0.00,0.00,0.00,0.00,0.00,0.00,940.00,25,7.68,0.6000,"Following pretreatment for 5 min at -1.5 V, the potential was increased-rapidly to -0.5V and thereafter at a steady rate of 1V in 50 min. In this work the critical pitting potential was taken as that at which there was an anodic current flow of 10^-5 A/cm^2. ",0.33,Ingots were cast and hot rolled to 20 mm diameter bars which were heat treated at 1100°c for 30 min and cooled in still air,-1,The specimen surface was ground to a 120 grit finish and 5 cm2 was exposed to the corrodent.,1
68.53,16.30,14.40,0.00,0.00,0.00,0.00,0.01,0.33,0.43,0.00,0.00,0.00,0.00,0.00,0.00,0.00,0.00,0.00,0.00,0.00,0.00,0.00,0.00,77.70,60,7.00,0.1000,"Polarization curves were obtained potentiody-1mically at a scan rate of 20 mV/min, using a Tacussel electrochemical set composed of a potentiostat, a current recorder, and a high impedance electronic millivoltmeter.",0.33, Solution treatment was performed by heating in nitrogen at 1150 C for 30 minutes followed by water quenching.  ,-1,"The temperature was not specified for this experiment, but was explicitely shown as 60 oC for parallel experiments. For electrochemical measurement, the surfaces studied were mechanically polished with emery paper under water up to grade 1000, then were degreased in absolute ethyl alcohol, washed in deionized water, and dried by warm air blowing. ",1
66.47,16.30,14.00,0.00,2.49,0.00,0.00,0.01,0.40,0.33,0.00,0.00,0.00,0.00,0.00,0.00,0.00,0.00,0.00,0.00,0.00,0.00,0.00,0.00,214.30,60,7.00,0.1000,"Polarization curves were obtained potentiody-1mically at a scan rate of 20 mV/min, using a Tacussel electrochemical set composed of a potentiostat, a current recorder, and a high impedance electronic millivoltmeter.",0.33, Solution treatment was performed by heating in nitrogen at 1150 C for 30 minutes followed by water quenching.  ,-1,"The temperature was not specified for this experiment, but was explicitely shown as 60 oC for parallel experiments. For electrochemical measurement, the surfaces studied were mechanically polished with emery paper under water up to grade 1000, then were degreased in absolute ethyl alcohol, washed in deionized water, and dried by warm air blowing. ",1
63.87,16.50,14.10,0.00,4.81,0.00,0.00,0.01,0.41,0.30,0.00,0.00,0.00,0.00,0.00,0.00,0.00,0.00,0.00,0.00,0.00,0.00,0.00,0.00,297.10,60,7.00,0.1000,"Polarization curves were obtained potentiody-1mically at a scan rate of 20 mV/min, using a Tacussel electrochemical set composed of a potentiostat, a current recorder, and a high impedance electronic millivoltmeter.",0.33, Solution treatment was performed by heating in nitrogen at 1150 C for 30 minutes followed by water quenching.  ,-1,"The temperature was not specified for this experiment, but was explicitely shown as 60 oC for parallel experiments. For electrochemical measurement, the surfaces studied were mechanically polished with emery paper under water up to grade 1000, then were degreased in absolute ethyl alcohol, washed in deionized water, and dried by warm air blowing. ",1
66.47,16.30,14.00,0.00,2.49,0.00,0.00,0.01,0.40,0.33,0.00,0.00,0.00,0.00,0.00,0.00,0.00,0.00,0.00,0.00,0.00,0.00,0.00,0.00,58.84,60,1.00,0.1000,"Polarization curves were obtained potentiody-1mically at a scan rate of 20 mV/min, using a Tacussel electrochemical set composed of a potentiostat, a current recorder, and a high impedance electronic millivoltmeter.",0.33, Solution treatment was performed by heating in nitrogen at 1150 C for 30 minutes followed by water quenching.  ,-1,"The temperature was not specified for this experiment, but was explicitely shown as 60 oC for parallel experiments. For electrochemical measurement, the surfaces studied were mechanically polished with emery paper under water up to grade 1000, then were degreased in absolute ethyl alcohol, washed in deionized water, and dried by warm air blowing. ",1
63.87,16.50,14.10,0.00,4.81,0.00,0.00,0.01,0.41,0.30,0.00,0.00,0.00,0.00,0.00,0.00,0.00,0.00,0.00,0.00,0.00,0.00,0.00,0.00,121.31,60,1.00,0.1000,"Polarization curves were obtained potentiody-1mically at a scan rate of 20 mV/min, using a Tacussel electrochemical set composed of a potentiostat, a current recorder, and a high impedance electronic millivoltmeter.",0.33, Solution treatment was performed by heating in nitrogen at 1150 C for 30 minutes followed by water quenching.  ,-1,"The temperature was not specified for this experiment, but was explicitely shown as 60 oC for parallel experiments. For electrochemical measurement, the surfaces studied were mechanically polished with emery paper under water up to grade 1000, then were degreased in absolute ethyl alcohol, washed in deionized water, and dried by warm air blowing. ",1
60.34,16.17,14.10,0.00,8.66,0.00,0.00,0.01,0.40,0.32,0.00,0.00,0.00,0.00,0.00,0.00,0.00,0.00,0.00,0.00,0.00,0.00,0.00,0.00,208.47,60,1.00,0.1000,"Polarization curves were obtained potentiody-1mically at a scan rate of 20 mV/min, using a Tacussel electrochemical set composed of a potentiostat, a current recorder, and a high impedance electronic millivoltmeter.",0.33, Solution treatment was performed by heating in nitrogen at 1150 C for 30 minutes followed by water quenching.  ,-1,"The temperature was not specified for this experiment, but was explicitely shown as 60 oC for parallel experiments. For electrochemical measurement, the surfaces studied were mechanically polished with emery paper under water up to grade 1000, then were degreased in absolute ethyl alcohol, washed in deionized water, and dried by warm air blowing. ",1
56.64,16.22,14.00,0.00,12.40,0.00,0.00,0.01,0.43,0.30,0.00,0.00,0.00,0.00,0.00,0.00,0.00,0.00,0.00,0.00,0.00,0.00,0.00,0.00,252.06,60,1.00,0.1000,"Polarization curves were obtained potentiody-1mically at a scan rate of 20 mV/min, using a Tacussel electrochemical set composed of a potentiostat, a current recorder, and a high impedance electronic millivoltmeter.",0.33, Solution treatment was performed by heating in nitrogen at 1150 C for 30 minutes followed by water quenching.  ,-1,"The temperature was not specified for this experiment, but was explicitely shown as 60 oC for parallel experiments. For electrochemical measurement, the surfaces studied were mechanically polished with emery paper under water up to grade 1000, then were degreased in absolute ethyl alcohol, washed in deionized water, and dried by warm air blowing. ",1
66.47,16.30,14.00,0.00,2.49,0.00,0.00,0.01,0.40,0.33,0.00,0.00,0.00,0.00,0.00,0.00,0.00,0.00,0.00,0.00,0.00,0.00,0.00,0.00,122.90,60,1.00,0.2000,"Polarization curves were obtained potentiody-1mically at a scan rate of 20 mV/min, using a Tacussel electrochemical set composed of a potentiostat, a current recorder, and a high impedance electronic millivoltmeter.",0.33, Solution treatment was performed by heating in nitrogen at 1150 C for 30 minutes followed by water quenching.  ,-1,"The temperature was not specified for this experiment, but was explicitely shown as 60 oC for parallel experiments. For electrochemical measurement, the surfaces studied were mechanically polished with emery paper under water up to grade 1000, then were degreased in absolute ethyl alcohol, washed in deionized water, and dried by warm air blowing. ",1
63.87,16.50,14.10,0.00,4.81,0.00,0.00,0.01,0.41,0.30,0.00,0.00,0.00,0.00,0.00,0.00,0.00,0.00,0.00,0.00,0.00,0.00,0.00,0.00,185.50,60,1.00,0.2000,"Polarization curves were obtained potentiody-1mically at a scan rate of 20 mV/min, using a Tacussel electrochemical set composed of a potentiostat, a current recorder, and a high impedance electronic millivoltmeter.",0.33, Solution treatment was performed by heating in nitrogen at 1150 C for 30 minutes followed by water quenching.  ,-1,"The temperature was not specified for this experiment, but was explicitely shown as 60 oC for parallel experiments. For electrochemical measurement, the surfaces studied were mechanically polished with emery paper under water up to grade 1000, then were degreased in absolute ethyl alcohol, washed in deionized water, and dried by warm air blowing. ",1
60.34,16.17,14.10,0.00,8.66,0.00,0.00,0.01,0.40,0.32,0.00,0.00,0.00,0.00,0.00,0.00,0.00,0.00,0.00,0.00,0.00,0.00,0.00,0.00,286.26,60,1.00,0.2000,"Polarization curves were obtained potentiody-1mically at a scan rate of 20 mV/min, using a Tacussel electrochemical set composed of a potentiostat, a current recorder, and a high impedance electronic millivoltmeter.",0.33, Solution treatment was performed by heating in nitrogen at 1150 C for 30 minutes followed by water quenching.  ,-1,"The temperature was not specified for this experiment, but was explicitely shown as 60 oC for parallel experiments. For electrochemical measurement, the surfaces studied were mechanically polished with emery paper under water up to grade 1000, then were degreased in absolute ethyl alcohol, washed in deionized water, and dried by warm air blowing. ",1
56.64,16.22,14.00,0.00,12.40,0.00,0.00,0.01,0.43,0.30,0.00,0.00,0.00,0.00,0.00,0.00,0.00,0.00,0.00,0.00,0.00,0.00,0.00,0.00,315.27,60,1.00,0.2000,"Polarization curves were obtained potentiody-1mically at a scan rate of 20 mV/min, using a Tacussel electrochemical set composed of a potentiostat, a current recorder, and a high impedance electronic millivoltmeter.",0.33, Solution treatment was performed by heating in nitrogen at 1150 C for 30 minutes followed by water quenching.  ,-1,"The temperature was not specified for this experiment, but was explicitely shown as 60 oC for parallel experiments. For electrochemical measurement, the surfaces studied were mechanically polished with emery paper under water up to grade 1000, then were degreased in absolute ethyl alcohol, washed in deionized water, and dried by warm air blowing. ",1
72.07,16.62,8.46,0.21,0.00,0.00,0.00,0.05,0.56,1.78,0.21,0.03,0.01,0.00,0.00,0.00,0.00,0.00,0.00,0.00,0.00,0.00,0.00,0.00,455.00,80,7.00,0.0007,"Potentiody-1mic Polarization. The potential was controlled by a Wenkingt potentiostat (Model 68 TS-3) and changed in steps of 10 mV with a Wenking SMP 69 scanning potentiometer every hour for the positive polarization direction until the onset of pitting or appearance of pits, and every 100 s for the reverse scan until zero current. The potential was initially held at 150 mV for 1 h to attain stable current, whereupon the scanning potentiometer was activated.",0.0028,"AISI SS304, as -recieved",-1,Surface finish: 4/0,1
47.75,18.50,31.79,0.20,0.00,0.00,0.00,0.02,0.39,0.70,0.64,0.00,0.00,0.00,0.00,0.00,0.00,0.00,0.00,0.00,0.00,0.00,0.00,0.00,505.00,80,7.00,0.0007,"Potentiody-1mic Polarization. The potential was controlled by a Wenkingt potentiostat (Model 68 TS-3) and changed in steps of 10 mV with a Wenking SMP 69 scanning potentiometer every hour for the positive polarization direction until the onset of pitting or appearance of pits, and every 100 s for the reverse scan until zero current. The potential was initially held at 150 mV for 1 h to attain stable current, whereupon the scanning potentiometer was activated.",0.0028,"Alloy 800, as-recieved",-1,Surface finish: 4/0,1
72.07,16.62,8.46,0.21,0.00,0.00,0.00,0.05,0.56,1.78,0.21,0.03,0.01,0.00,0.00,0.00,0.00,0.00,0.00,0.00,0.00,0.00,0.00,0.00,170.00,80,7.00,0.0007,"Potentiody-1mic Polarization. The potential was controlled by a Wenkingt potentiostat (Model 68 TS-3) and changed in steps of 10 mV with a Wenking SMP 69 scanning potentiometer every hour for the positive polarization direction until the onset of pitting or appearance of pits, and every 100 s for the reverse scan until zero current. The potential was initially held at 150 mV for 1 h to attain stable current, whereupon the scanning potentiometer was activated.",0.0028,"AISI SS304, as -recieved",-1,Surface finish: 4/0,1
47.75,18.50,31.79,0.20,0.00,0.00,0.00,0.02,0.39,0.70,0.64,0.00,0.00,0.00,0.00,0.00,0.00,0.00,0.00,0.00,0.00,0.00,0.00,0.00,245.00,80,7.00,0.0007,"Potentiody-1mic Polarization. The potential was controlled by a Wenkingt potentiostat (Model 68 TS-3) and changed in steps of 10 mV with a Wenking SMP 69 scanning potentiometer every hour for the positive polarization direction until the onset of pitting or appearance of pits, and every 100 s for the reverse scan until zero current. The potential was initially held at 150 mV for 1 h to attain stable current, whereupon the scanning potentiometer was activated.",0.0028,"Alloy 800, as-recieved",-1,Surface finish: 4/0,1
53.17,20.14,24.75,0.08,0.00,0.01,0.00,0.00,0.53,1.31,0.00,0.01,0.003,0.00,0.00,0.00,0.00,0.00,0.00,0.00,0.00,0.00,0.00,0.00,320.36,40,7.00,1.0000,"Potentiody-1mic Polarization. For pitting tests, specimens were allowed to passivate in air for at least 18 h prior to testing.",0.33,"low nitrogen contents was attained by denitriding in hydrogen for 72h at 1200C, followed by cold rolling to reduce the grain size and fi-1l annealing for 20 min at 1100C",-1,Ground to 600 mesh SiC.  The test area is 1 cm2,1
53.10,20.14,24.75,0.08,0.00,0.06,0.00,0.01,0.53,1.31,0.00,0.01,0.003,0.00,0.00,0.00,0.00,0.00,0.00,0.00,0.00,0.00,0.00,0.00,455.25,40,7.00,1.0000,"Potentiody-1mic Polarization. For pitting tests, specimens were allowed to passivate in air for at least 18 h prior to testing.",0.33,"produced as laboratory heats, then forged, hot rolled and cold rolled to produce 2 mm strip, annealed for 20 min at 1100C and brine-quenched",1,Ground to 600 mesh SiC.  The test area is 1 cm2,1
52.93,20.03,24.87,0.04,0.00,0.13,0.00,0.01,0.55,1.43,0.00,0.01,0.003,0.00,0.00,0.00,0.00,0.00,0.00,0.00,0.00,0.00,0.00,0.00,477.04,40,7.00,1.0000,"Potentiody-1mic Polarization. For pitting tests, specimens were allowed to passivate in air for at least 18 h prior to testing.",0.33,"produced as laboratory heats, then forged, hot rolled and cold rolled to produce 2 mm strip, annealed for 20 min at 1100C and brine-quenched",1,Ground to 600 mesh SiC.  The test area is 1 cm2,1
52.92,19.96,24.90,0.04,0.00,0.18,0.00,0.01,0.55,1.43,0.00,0.01,0.003,0.00,0.00,0.00,0.00,0.00,0.00,0.00,0.00,0.00,0.00,0.00,654.47,40,7.00,1.0000,"Potentiody-1mic Polarization. For pitting tests, specimens were allowed to passivate in air for at least 18 h prior to testing.",0.33,"produced as laboratory heats, then forged, hot rolled and cold rolled to produce 2 mm strip, annealed for 20 min at 1100C and brine-quenched",1,Ground to 600 mesh SiC.  The test area is 1 cm2,1
53.17,20.14,24.75,0.08,0.00,0.01,0.00,0.00,0.53,1.31,0.00,0.01,0.003,0.00,0.00,0.00,0.00,0.00,0.00,0.00,0.00,0.00,0.00,0.00,251.84,50,7.00,1.0000,"Potentiody-1mic Polarization. For pitting tests, specimens were allowed to passivate in air for at least 18 h prior to testing.",0.33,"low nitrogen contents was attained by denitriding in hydrogen for 72h at 1200C, followed by cold rolling to reduce the grain size and fi-1l annealing for 20 min at 1100C",-1,Ground to 600 mesh SiC.  The test area is 1 cm2,1
53.10,20.14,24.75,0.08,0.00,0.06,0.00,0.01,0.53,1.31,0.00,0.01,0.003,0.00,0.00,0.00,0.00,0.00,0.00,0.00,0.00,0.00,0.00,0.00,269.12,50,7.00,1.0000,"Potentiody-1mic Polarization. For pitting tests, specimens were allowed to passivate in air for at least 18 h prior to testing.",0.33,"produced as laboratory heats, then forged, hot rolled and cold rolled to produce 2 mm strip, annealed for 20 min at 1100C and brine-quenched",1,Ground to 600 mesh SiC.  The test area is 1 cm2,1
52.93,20.03,24.87,0.04,0.00,0.13,0.00,0.01,0.55,1.43,0.00,0.01,0.003,0.00,0.00,0.00,0.00,0.00,0.00,0.00,0.00,0.00,0.00,0.00,338.25,50,7.00,1.0000,"Potentiody-1mic Polarization. For pitting tests, specimens were allowed to passivate in air for at least 18 h prior to testing.",0.33,"produced as laboratory heats, then forged, hot rolled and cold rolled to produce 2 mm strip, annealed for 20 min at 1100C and brine-quenched",1,Ground to 600 mesh SiC.  The test area is 1 cm2,1
52.92,19.96,24.90,0.04,0.00,0.18,0.00,0.01,0.55,1.43,0.00,0.01,0.003,0.00,0.00,0.00,0.00,0.00,0.00,0.00,0.00,0.00,0.00,0.00,382.97,50,7.00,1.0000,"Potentiody-1mic Polarization. For pitting tests, specimens were allowed to passivate in air for at least 18 h prior to testing.",0.33,"produced as laboratory heats, then forged, hot rolled and cold rolled to produce 2 mm strip, annealed for 20 min at 1100C and brine-quenched",1,Ground to 600 mesh SiC.  The test area is 1 cm2,1
49.45,19.20,24.86,4.50,0.00,0.02,0.00,0.00,0.54,1.42,0.00,0.01,0.003,0.00,0.00,0.00,0.00,0.00,0.00,0.00,0.00,0.00,0.00,0.00,439.70,75,7.00,1.0000,"Potentiody-1mic Polarization. For pitting tests, specimens were allowed to passivate in air for at least 18 h prior to testing.",0.33,"low nitrogen contents was attained by denitriding in hydrogen for 72h at 1200C, followed by cold rolling to reduce the grain size and fi-1l annealing for 20 min at 1100C",-1,Ground to 600 mesh SiC.  The test area is 1 cm2,1
48.74,19.85,24.86,4.50,0.00,0.06,0.00,0.02,0.54,1.42,0.00,0.01,0.003,0.00,0.00,0.00,0.00,0.00,0.00,0.00,0.00,0.00,0.00,0.00,457.90,75,7.00,1.0000,"Potentiody-1mic Polarization. For pitting tests, specimens were allowed to passivate in air for at least 18 h prior to testing.",0.33,"produced as laboratory heats, then forged, hot rolled and cold rolled to produce 2 mm strip, annealed for 20 min at 1100C and brine-quenched",1,Ground to 600 mesh SiC.  The test area is 1 cm2,1
48.54,19.87,24.95,4.55,0.00,0.13,0.00,0.02,0.49,1.45,0.00,0.01,0.003,0.00,0.00,0.00,0.00,0.00,0.00,0.00,0.00,0.00,0.00,0.00,583.31,75,7.00,1.0000,"Potentiody-1mic Polarization. For pitting tests, specimens were allowed to passivate in air for at least 18 h prior to testing.",0.33,"produced as laboratory heats, then forged, hot rolled and cold rolled to produce 2 mm strip, annealed for 20 min at 1100C and brine-quenched",1,Ground to 600 mesh SiC.  The test area is 1 cm2,1
48.38,19.83,24.99,4.59,0.00,0.21,0.00,0.01,0.54,1.44,0.00,0.01,0.003,0.00,0.00,0.00,0.00,0.00,0.00,0.00,0.00,0.00,0.00,0.00,740.08,75,7.00,1.0000,"Potentiody-1mic Polarization. For pitting tests, specimens were allowed to passivate in air for at least 18 h prior to testing.",0.33,"produced as laboratory heats, then forged, hot rolled and cold rolled to produce 2 mm strip, annealed for 20 min at 1100C and brine-quenched",1,Ground to 600 mesh SiC.  The test area is 1 cm2,1
49.45,19.20,24.86,4.50,0.00,0.02,0.00,0.00,0.54,1.42,0.00,0.01,0.003,0.00,0.00,0.00,0.00,0.00,0.00,0.00,0.00,0.00,0.00,0.00,379.70,90,7.00,1.0000,"Potentiody-1mic Polarization. For pitting tests, specimens were allowed to passivate in air for at least 18 h prior to testing.",0.33,"low nitrogen contents was attained by denitriding in hydrogen for 72h at 1200C, followed by cold rolling to reduce the grain size and fi-1l annealing for 20 min at 1100C",-1,Ground to 600 mesh SiC.  The test area is 1 cm2,1
48.74,19.85,24.86,4.50,0.00,0.06,0.00,0.02,0.54,1.42,0.00,0.01,0.003,0.00,0.00,0.00,0.00,0.00,0.00,0.00,0.00,0.00,0.00,0.00,361.42,90,7.00,1.0000,"Potentiody-1mic Polarization. For pitting tests, specimens were allowed to passivate in air for at least 18 h prior to testing.",0.33,"produced as laboratory heats, then forged, hot rolled and cold rolled to produce 2 mm strip, annealed for 20 min at 1100C and brine-quenched",1,Ground to 600 mesh SiC.  The test area is 1 cm2,1
48.54,19.87,24.95,4.55,0.00,0.13,0.00,0.02,0.49,1.45,0.00,0.01,0.003,0.00,0.00,0.00,0.00,0.00,0.00,0.00,0.00,0.00,0.00,0.00,436.55,90,7.00,1.0000,"Potentiody-1mic Polarization. For pitting tests, specimens were allowed to passivate in air for at least 18 h prior to testing.",0.33,"produced as laboratory heats, then forged, hot rolled and cold rolled to produce 2 mm strip, annealed for 20 min at 1100C and brine-quenched",1,Ground to 600 mesh SiC.  The test area is 1 cm2,1
48.38,19.83,24.99,4.59,0.00,0.21,0.00,0.01,0.54,1.44,0.00,0.01,0.003,0.00,0.00,0.00,0.00,0.00,0.00,0.00,0.00,0.00,0.00,0.00,450.76,90,7.00,1.0000,"Potentiody-1mic Polarization. For pitting tests, specimens were allowed to passivate in air for at least 18 h prior to testing.",0.33,"produced as laboratory heats, then forged, hot rolled and cold rolled to produce 2 mm strip, annealed for 20 min at 1100C and brine-quenched",1,Ground to 600 mesh SiC.  The test area is 1 cm2,1
67.04,21.89,5.57,3.22,0.00,0.05,0.00,0.01,0.49,1.72,0.00,0.00,0.00,0.00,0.00,0.00,0.00,0.00,0.00,0.00,0.00,0.00,0.00,0.00,190.77,60,7.00,0.9000,Potentiody-1mic Polarization,0.33,"Melted in the laboratory. The ingots were forged, hot rolled to plates of 5 mm in thickness, and then solution heat treated at 1050 C for 30 min, followed by water quenching",3,Ground to 600,1
67.21,21.72,5.58,3.16,0.00,0.08,0.00,0.01,0.49,1.74,0.00,0.00,0.00,0.00,0.00,0.00,0.00,0.00,0.00,0.00,0.00,0.00,0.00,0.00,225.31,60,7.00,0.9000,Potentiody-1mic Polarization,0.33,"Melted in the laboratory. The ingots were forged, hot rolled to plates of 5 mm in thickness, and then solution heat treated at 1050 C for 30 min, followed by water quenching",3,Ground to 600,1
66.84,21.92,5.60,3.22,0.00,0.12,0.00,0.01,0.51,1.77,0.00,0.00,0.00,0.00,0.00,0.00,0.00,0.00,0.00,0.00,0.00,0.00,0.00,0.00,226.23,60,7.00,0.9000,Potentiody-1mic Polarization,0.33,"Melted in the laboratory. The ingots were forged, hot rolled to plates of 5 mm in thickness, and then solution heat treated at 1050 C for 30 min, followed by water quenching",3,Ground to 600,1
66.91,21.75,5.56,3.30,0.00,0.14,0.00,0.02,0.49,1.83,0.00,0.00,0.01,0.00,0.00,0.00,0.00,0.00,0.00,0.00,0.00,0.00,0.00,0.00,277.95,60,7.00,0.9000,Potentiody-1mic Polarization,0.33,"Melted in the laboratory. The ingots were forged, hot rolled to plates of 5 mm in thickness, and then solution heat treated at 1050 C for 30 min, followed by water quenching",3,Ground to 600,1
67.24,21.70,5.51,3.14,0.00,0.16,0.00,0.01,0.50,1.73,0.00,0.00,0.00,0.00,0.00,0.00,0.00,0.00,0.00,0.00,0.00,0.00,0.00,0.00,352.91,60,7.00,0.9000,Potentiody-1mic Polarization,0.33,"Melted in the laboratory. The ingots were forged, hot rolled to plates of 5 mm in thickness, and then solution heat treated at 1050 C for 30 min, followed by water quenching",3,Ground to 600,1
67.17,21.70,5.51,3.16,0.00,0.24,0.00,0.02,0.50,1.70,0.00,0.00,0.00,0.00,0.00,0.00,0.00,0.00,0.00,0.00,0.00,0.00,0.00,0.00,724.53,60,7.00,0.9000,Potentiody-1mic Polarization,0.33,"Melted in the laboratory. The ingots were forged, hot rolled to plates of 5 mm in thickness, and then solution heat treated at 1050 C for 30 min, followed by water quenching",3,Ground to 600,1
67.04,21.89,5.57,3.22,0.00,0.05,0.00,0.01,0.49,1.72,0.00,0.00,0.00,0.00,0.00,0.00,0.00,0.00,0.00,0.00,0.00,0.00,0.00,0.00,156.33,60,7.00,0.9000,Potentiody-1mic Polarization,0.33,"Melted in the laboratory. The ingots were forged, hot rolled to plates of 5 mm in thickness, and then solution heat treated at 1050 C for 30 min, followed by water quenching",3,Ground to 600,1
67.21,21.72,5.58,3.16,0.00,0.08,0.00,0.01,0.49,1.74,0.00,0.00,0.00,0.00,0.00,0.00,0.00,0.00,0.00,0.00,0.00,0.00,0.00,0.00,169.92,60,7.00,0.9000,Potentiody-1mic Polarization,0.33,"Melted in the laboratory. The ingots were forged, hot rolled to plates of 5 mm in thickness, and then solution heat treated at 1050 C for 30 min, followed by water quenching",3,Ground to 600,1
66.84,21.92,5.60,3.22,0.00,0.12,0.00,0.01,0.51,1.77,0.00,0.00,0.00,0.00,0.00,0.00,0.00,0.00,0.00,0.00,0.00,0.00,0.00,0.00,163.34,60,7.00,0.9000,Potentiody-1mic Polarization,0.33,"Melted in the laboratory. The ingots were forged, hot rolled to plates of 5 mm in thickness, and then solution heat treated at 1050 C for 30 min, followed by water quenching",3,Ground to 600,1
66.91,21.75,5.56,3.30,0.00,0.14,0.00,0.02,0.49,1.83,0.00,0.00,0.01,0.00,0.00,0.00,0.00,0.00,0.00,0.00,0.00,0.00,0.00,0.00,186.61,60,7.00,0.9000,Potentiody-1mic Polarization,0.33,"Melted in the laboratory. The ingots were forged, hot rolled to plates of 5 mm in thickness, and then solution heat treated at 1050 C for 30 min, followed by water quenching",3,Ground to 600,1
67.24,21.70,5.51,3.14,0.00,0.16,0.00,0.01,0.50,1.73,0.00,0.00,0.00,0.00,0.00,0.00,0.00,0.00,0.00,0.00,0.00,0.00,0.00,0.00,243.61,60,7.00,0.9000,Potentiody-1mic Polarization,0.33,"Melted in the laboratory. The ingots were forged, hot rolled to plates of 5 mm in thickness, and then solution heat treated at 1050 C for 30 min, followed by water quenching",3,Ground to 600,1
67.17,21.70,5.51,3.16,0.00,0.24,0.00,0.02,0.50,1.70,0.00,0.00,0.00,0.00,0.00,0.00,0.00,0.00,0.00,0.00,0.00,0.00,0.00,0.00,461.75,60,7.00,0.9000,Potentiody-1mic Polarization,0.33,"Melted in the laboratory. The ingots were forged, hot rolled to plates of 5 mm in thickness, and then solution heat treated at 1050 C for 30 min, followed by water quenching",3,Ground to 600,1
66.91,21.75,5.56,3.30,0.00,0.14,0.00,0.02,0.49,1.83,0.00,0.00,0.01,0.00,0.00,0.00,0.00,0.00,0.00,0.00,0.00,0.00,0.00,0.00,256.93,60,7.00,0.9000,Potentiody-1mic Polarization,0.33,"Melted in the laboratory. The ingots were forged, hot rolled to plates of 5 mm in thickness, and then solution heat treated at 1050 C for 30 min, followed by water quenching, then 500 C heated for 1 h",3,Ground to 600,1
66.91,21.75,5.56,3.30,0.00,0.14,0.00,0.02,0.49,1.83,0.00,0.00,0.01,0.00,0.00,0.00,0.00,0.00,0.00,0.00,0.00,0.00,0.00,0.00,243.35,60,7.00,0.9000,Potentiody-1mic Polarization,0.33,"Melted in the laboratory. The ingots were forged, hot rolled to plates of 5 mm in thickness, and then solution heat treated at 1050 C for 30 min, followed by water quenching, then 600 C heated for 1 h",3,Ground to 600,1
66.91,21.75,5.56,3.30,0.00,0.14,0.00,0.02,0.49,1.83,0.00,0.00,0.01,0.00,0.00,0.00,0.00,0.00,0.00,0.00,0.00,0.00,0.00,0.00,160.40,60,7.00,0.9000,Potentiody-1mic Polarization,0.33,"Melted in the laboratory. The ingots were forged, hot rolled to plates of 5 mm in thickness, and then solution heat treated at 1050 C for 30 min, followed by water quenching, then 700 C heated for 1 h",3,Ground to 600,1
66.91,21.75,5.56,3.30,0.00,0.14,0.00,0.02,0.49,1.83,0.00,0.00,0.01,0.00,0.00,0.00,0.00,0.00,0.00,0.00,0.00,0.00,0.00,0.00,88.43,60,7.00,0.9000,Potentiody-1mic Polarization,0.33,"Melted in the laboratory. The ingots were forged, hot rolled to plates of 5 mm in thickness, and then solution heat treated at 1050 C for 30 min, followed by water quenching, then 800 C heated for 1 h",3,Ground to 600,1
66.91,21.75,5.56,3.30,0.00,0.14,0.00,0.02,0.49,1.83,0.00,0.00,0.01,0.00,0.00,0.00,0.00,0.00,0.00,0.00,0.00,0.00,0.00,0.00,58.67,60,7.00,0.9000,Potentiody-1mic Polarization,0.33,"Melted in the laboratory. The ingots were forged, hot rolled to plates of 5 mm in thickness, and then solution heat treated at 1050 C for 30 min, followed by water quenching, then 900 C heated for 1 h",3,Ground to 600,1
61.68,25.92,5.90,3.19,0.00,0.20,0.00,0.03,0.47,0.96,1.62,0.02,0.01,0.00,0.00,0.00,0.00,0.00,0.00,0.00,0.00,0.00,0.00,0.00,322.00,65,7.00,0.6200,"Potentiody-1mic Polarization. Potentiody-1mic sweeps in hot 3.5% -1Cl solution were carried out at a rate of 1 mV s-1. The tests were carried out in a glass three-electrode cell held in a water bath at 65 °C. In all experiments the rod under test was supported in a holder on the lid of the cell such that the end face just touched the surface of the test solution as described above. The counter electrode was a platinum wire, the reference electrode a saturated calomel electrode (SCE) at the same solution temperature; all potentials are given against the SCE. The potential at which the current density exceeded 50 uA cm-2 was defined as the pitting potential.",1.00,"annealled at 1020C for 2h, then water quenched",3,25 Cr duplex SS UNS S32550,1
61.68,25.92,5.90,3.19,0.00,0.20,0.00,0.03,0.47,0.96,1.62,0.02,0.01,0.00,0.00,0.00,0.00,0.00,0.00,0.00,0.00,0.00,0.00,0.00,255.00,65,7.00,0.6200,"Potentiody-1mic Polarization. Potentiody-1mic sweeps in hot 3.5% -1Cl solution were carried out at a rate of 1 mV s-1. The tests were carried out in a glass three-electrode cell held in a water bath at 65 °C. In all experiments the rod under test was supported in a holder on the lid of the cell such that the end face just touched the surface of the test solution as described above. The counter electrode was a platinum wire, the reference electrode a saturated calomel electrode (SCE) at the same solution temperature; all potentials are given against the SCE. The potential at which the current density exceeded 50 uA cm-2 was defined as the pitting potential.",1.00,"annealled at 1060C for 2h, then water quenched",3,25 Cr duplex SS UNS S32550,1
61.68,25.92,5.90,3.19,0.00,0.20,0.00,0.03,0.47,0.96,1.62,0.02,0.01,0.00,0.00,0.00,0.00,0.00,0.00,0.00,0.00,0.00,0.00,0.00,209.00,65,7.00,0.6200,"Potentiody-1mic Polarization. Potentiody-1mic sweeps in hot 3.5% -1Cl solution were carried out at a rate of 1 mV s-1. The tests were carried out in a glass three-electrode cell held in a water bath at 65 °C. In all experiments the rod under test was supported in a holder on the lid of the cell such that the end face just touched the surface of the test solution as described above. The counter electrode was a platinum wire, the reference electrode a saturated calomel electrode (SCE) at the same solution temperature; all potentials are given against the SCE. The potential at which the current density exceeded 50 uA cm-2 was defined as the pitting potential.",1.00,"annealled at 1100C for 2h, then water quenched",3,25 Cr duplex SS UNS S32550,1
61.68,25.92,5.90,3.19,0.00,0.20,0.00,0.03,0.47,0.96,1.62,0.02,0.01,0.00,0.00,0.00,0.00,0.00,0.00,0.00,0.00,0.00,0.00,0.00,176.00,65,7.00,0.6200,"Potentiody-1mic Polarization. Potentiody-1mic sweeps in hot 3.5% -1Cl solution were carried out at a rate of 1 mV s-1. The tests were carried out in a glass three-electrode cell held in a water bath at 65 °C. In all experiments the rod under test was supported in a holder on the lid of the cell such that the end face just touched the surface of the test solution as described above. The counter electrode was a platinum wire, the reference electrode a saturated calomel electrode (SCE) at the same solution temperature; all potentials are given against the SCE. The potential at which the current density exceeded 50 uA cm-2 was defined as the pitting potential.",1.00,"annealled at 1140C for 2h, then water quenched",3,25 Cr duplex SS UNS S32550,1
65.88,20.80,11.70,0.22,0.00,0.03,0.00,0.05,0.70,0.60,0.00,0.01,0.01,0.00,0.00,0.00,0.00,0.00,0.00,0.00,0.00,0.00,0.00,0.00,547.70,27,0.00,0.5000,Potentiody-1mic Polarization,0.83,"solution-treated (1 h, 1120 C, water quench)",3,"Cast Duplex CF-Type SS (cast equivalent of AISI 304SS), 9-µm diamond paste surface finish",1
66.86,20.90,10.50,0.22,0.00,0.05,0.00,0.05,0.70,0.70,0.00,0.01,0.01,0.00,0.00,0.00,0.00,0.00,0.00,0.00,0.00,0.00,0.00,0.00,562.99,27,0.00,0.5000,Potentiody-1mic Polarization,0.83,"solution-treated (1 h, 1120 C, water quench)",3,"Cast Duplex CF-Type SS (cast equivalent of AISI 304SS), 9-µm diamond paste surface finish",1
68.22,20.80,9.20,0.23,0.00,0.08,0.00,0.05,0.70,0.70,0.00,0.01,0.01,0.00,0.00,0.00,0.00,0.00,0.00,0.00,0.00,0.00,0.00,0.00,625.00,27,0.00,0.5000,Potentiody-1mic Polarization,0.83,"solution-treated (1 h, 1120 C, water quench)",3,"Cast Duplex CF-Type SS (cast equivalent of AISI 304SS), 9-µm diamond paste surface finish",1
69.10,21.00,8.00,0.23,0.00,0.10,0.00,0.05,0.80,0.70,0.00,0.01,0.01,0.00,0.00,0.00,0.00,0.00,0.00,0.00,0.00,0.00,0.00,0.00,682.64,27,0.00,0.5000,Potentiody-1mic Polarization,0.83,"solution-treated (1 h, 1120 C, water quench)",3,"Cast Duplex CF-Type SS (cast equivalent of AISI 304SS), 9-µm diamond paste surface finish",1
70.31,20.60,7.40,0.00,0.00,0.17,0.00,0.02,1.10,0.40,0.00,0.00,0.00,0.00,0.00,0.00,0.00,0.00,0.00,0.00,0.00,0.00,0.00,0.00,726.74,27,0.00,0.5000,Potentiody-1mic Polarization,0.83,"solution-treated (1 h, 1120 C, water quench)",3,"Cast Duplex CF-Type SS (cast equivalent of AISI 304SS), 9-µm diamond paste surface finish",1
70.57,20.50,7.20,0.00,0.00,0.17,0.00,0.06,1.10,0.40,0.00,0.00,0.00,0.00,0.00,0.00,0.00,0.00,0.00,0.00,0.00,0.00,0.00,0.00,765.17,27,0.00,0.5000,Potentiody-1mic Polarization,0.83,"solution-treated (1 h, 1120 C, water quench)",3,"Cast Duplex CF-Type SS (cast equivalent of AISI 304SS), 9-µm diamond paste surface finish",1
64.23,17.40,13.20,2.57,0.00,0.16,0.00,0.02,0.64,1.73,0.00,0.02,0.03,0.00,0.00,0.00,0.00,0.00,0.00,0.00,0.00,0.00,0.00,0.00,500.00,25,0.00,0.0000,"Potentiody-1mic Polarization. the sample was kept immersed in the experimental solution for 5 min at open-circuit potential (OCP). The anodic potential was increased in steps of 20 mVSCE, and the current readings were recorded after waiting at each set potential for 1 min.",0.33,soution-annealed at 1100C for 20 min and water quenched,1,"600 grit surface finish, 316LN (UNS S31653), exposed area 3 cm2",1
64.23,17.40,13.20,2.57,0.00,0.16,0.00,0.02,0.64,1.73,0.00,0.02,0.03,0.00,0.00,0.00,0.00,0.00,0.00,0.00,0.00,0.00,0.00,0.00,720.00,25,7.00,3.0000,"Potentiody-1mic Polarization. the sample was kept immersed in the experimental solution for 5 min at open-circuit potential (OCP). The anodic potential was increased in steps of 20 mVSCE, and the current readings were recorded after waiting at each set potential for 1 min.",0.33,soution-annealed at 1100C for 20 min and water quenched,1,"600 grit surface finish, 316LN (UNS S31653), exposed area 3 cm2",1
64.23,17.40,13.20,2.57,0.00,0.16,0.00,0.02,0.64,1.73,0.00,0.02,0.03,0.00,0.00,0.00,0.00,0.00,0.00,0.00,0.00,0.00,0.00,0.00,500.00,25,7.00,4.0000,"Potentiody-1mic Polarization. the sample was kept immersed in the experimental solution for 5 min at open-circuit potential (OCP). The anodic potential was increased in steps of 20 mVSCE, and the current readings were recorded after waiting at each set potential for 1 min.",0.33,soution-annealed at 1100C for 20 min and water quenched,1,"600 grit surface finish, 316LN (UNS S31653), exposed area 3 cm2",1
64.23,17.40,13.20,2.57,0.00,0.16,0.00,0.02,0.64,1.73,0.00,0.02,0.03,0.00,0.00,0.00,0.00,0.00,0.00,0.00,0.00,0.00,0.00,0.00,350.00,25,7.00,6.2000,"Potentiody-1mic Polarization. the sample was kept immersed in the experimental solution for 5 min at open-circuit potential (OCP). The anodic potential was increased in steps of 20 mVSCE, and the current readings were recorded after waiting at each set potential for 1 min.",0.33,soution-annealed at 1100C for 20 min and water quenched,1,"600 grit surface finish, 316LN (UNS S31653), exposed area 3 cm2",1
59.39,20.12,20.18,0.01,0.02,0.01,0.00,0.00,0.08,0.18,0.00,0.00,0.00,0.00,0.00,0.00,0.00,0.00,0.00,0.00,0.00,0.00,0.00,0.00,239.00,22,1.00,0.5000,"Potentiody-1mic Polarization. All solutions used were deaerated with high-purity argon for at least 2 h before a-1lysis. Potentials were measured against a saturated calomel electrode (SCE). Cathodic pretreatments were performed in 0.1 M hydrochloric acid (HCl) for 15 min at –700 mV SCE , while the current was monitored, in order to remove the air-formed oxide film.",1.00,"0.25 um diamond finish, annealed at 1100C for 3h and water quenched",-1,None,1
82.37,16.35,0.17,0.02,0.00,0.00,0.00,0.09,0.32,0.56,0.08,0.03,0.01,0.00,0.00,0.00,0.00,0.00,0.00,0.00,0.00,0.00,0.00,0.00,-185.00,25,7.00,1.0000,Potentiody-1mic Polarization,0.17,solution-annealed,2,"AISI 430SS, abraded through 2.0 emery paper",1
82.37,16.35,0.17,0.02,0.00,0.00,0.00,0.09,0.32,0.56,0.08,0.03,0.01,0.00,0.00,0.00,0.00,0.00,0.00,0.00,0.00,0.00,0.00,0.00,-130.00,25,7.00,1.0000,Potentiody-1mic Polarization,0.17,solution-annealed,2,"AISI 430SS, abraded through 2.0 emery paper",1
82.37,16.35,0.17,0.02,0.00,0.00,0.00,0.09,0.32,0.56,0.08,0.03,0.01,0.00,0.00,0.00,0.00,0.00,0.00,0.00,0.00,0.00,0.00,0.00,-100.00,25,7.00,1.0000,Potentiody-1mic Polarization,0.17,solution-annealed,2,"AISI 430SS, abraded through 2.0 emery paper",1
82.37,16.35,0.17,0.02,0.00,0.00,0.00,0.09,0.32,0.56,0.08,0.03,0.01,0.00,0.00,0.00,0.00,0.00,0.00,0.00,0.00,0.00,0.00,0.00,-35.00,25,7.00,1.0000,Potentiody-1mic Polarization,0.17,solution-annealed,2,"AISI 430SS, abraded through 2.0 emery paper",1
71.07,18.10,8.22,0.36,0.00,0.00,0.00,0.08,0.56,1.33,0.22,0.03,0.03,0.00,0.00,0.00,0.00,0.00,0.00,0.00,0.00,0.00,0.00,0.00,-50.00,25,7.00,1.0000,Potentiody-1mic Polarization,0.17,solution-annealed,1,"AISI 304SS, abraded through 2.0 emery paper",1
71.07,18.10,8.22,0.36,0.00,0.00,0.00,0.08,0.56,1.33,0.22,0.03,0.03,0.00,0.00,0.00,0.00,0.00,0.00,0.00,0.00,0.00,0.00,0.00,-20.00,25,7.00,1.0000,Potentiody-1mic Polarization,0.17,solution-annealed,1,"AISI 304SS, abraded through 2.0 emery paper",1
71.07,18.10,8.22,0.36,0.00,0.00,0.00,0.08,0.56,1.33,0.22,0.03,0.03,0.00,0.00,0.00,0.00,0.00,0.00,0.00,0.00,0.00,0.00,0.00,50.00,25,7.00,1.0000,Potentiody-1mic Polarization,0.17,solution-annealed,1,"AISI 304SS, abraded through 2.0 emery paper",1
71.07,18.10,8.22,0.36,0.00,0.00,0.00,0.08,0.56,1.33,0.22,0.03,0.03,0.00,0.00,0.00,0.00,0.00,0.00,0.00,0.00,0.00,0.00,0.00,65.00,25,7.00,1.0000,Potentiody-1mic Polarization,0.17,solution-annealed,1,"AISI 304SS, abraded through 2.0 emery paper",1
63.12,17.95,0.07,0.00,0.00,0.03,0.00,0.02,0.34,18.25,0.20,0.01,0.01,0.00,0.00,0.00,0.00,0.00,0.00,0.00,0.00,0.00,0.00,0.00,26.83,25,5.00,0.0171,"Potentiody-1mic Polarization. Before the test, the sample remain in contact with the solution for 30 min. at -0.3 to -0.1 V to passivate or reach equilibrium.",0.19,-1,-1,exposed area 1 cm2,1
63.16,17.88,0.07,0.00,0.00,0.10,0.00,0.03,0.32,18.20,0.22,0.01,0.01,0.00,0.00,0.00,0.00,0.00,0.00,0.00,0.00,0.00,0.00,0.00,49.87,25,5.00,0.0171,"Potentiody-1mic Polarization. Before the test, the sample remain in contact with the solution for 30 min. at -0.3 to -0.1 V to passivate or reach equilibrium.",0.19,-1,-1,exposed area 1 cm2,1
63.07,17.88,0.07,0.00,0.00,0.18,0.00,0.03,0.38,18.14,0.23,0.01,0.02,0.00,0.00,0.00,0.00,0.00,0.00,0.00,0.00,0.00,0.00,0.00,107.73,25,5.00,0.0171,"Potentiody-1mic Polarization. Before the test, the sample remain in contact with the solution for 30 min. at -0.3 to -0.1 V to passivate or reach equilibrium.",0.19,-1,-1,exposed area 1 cm2,1
62.87,17.88,0.08,0.00,0.00,0.33,0.00,0.03,0.37,18.20,0.22,0.01,0.01,0.00,0.00,0.00,0.00,0.00,0.00,0.00,0.00,0.00,0.00,0.00,265.77,25,5.00,0.0171,"Potentiody-1mic Polarization. Before the test, the sample remain in contact with the solution for 30 min. at -0.3 to -0.1 V to passivate or reach equilibrium.",0.19,-1,-1,exposed area 1 cm2,1
62.78,18.10,0.08,0.00,0.00,0.40,0.00,0.03,0.37,18.00,0.22,0.01,0.01,0.00,0.00,0.00,0.00,0.00,0.00,0.00,0.00,0.00,0.00,0.00,306.39,25,5.00,0.0171,"Potentiody-1mic Polarization. Before the test, the sample remain in contact with the solution for 30 min. at -0.3 to -0.1 V to passivate or reach equilibrium.",0.19,-1,-1,exposed area 1 cm2,1
63.20,17.83,0.08,0.00,0.00,0.52,0.00,0.04,0.29,17.80,0.22,0.01,0.01,0.00,0.00,0.00,0.00,0.00,0.00,0.00,0.00,0.00,0.00,0.00,334.86,25,5.00,0.0171,"Potentiody-1mic Polarization. Before the test, the sample remain in contact with the solution for 30 min. at -0.3 to -0.1 V to passivate or reach equilibrium.",0.19,-1,-1,exposed area 1 cm2,1
62.04,18.25,0.07,0.00,0.00,0.69,0.00,0.04,0.40,18.25,0.24,0.01,0.01,0.00,0.00,0.00,0.00,0.00,0.00,0.00,0.00,0.00,0.00,0.00,398.91,25,5.00,0.0171,"Potentiody-1mic Polarization. Before the test, the sample remain in contact with the solution for 30 min. at -0.3 to -0.1 V to passivate or reach equilibrium.",0.19,-1,-1,exposed area 1 cm2,1
53.13,20.14,24.75,0.08,0.00,0.01,0.00,0.00,0.53,1.31,0.04,0.01,0.00,0.00,0.00,0.00,0.00,0.00,0.00,0.00,0.00,0.00,0.00,0.00,324.73,40,7.00,1.0000,Potentiody-1mic Polarization. Gound to 600 grit at least 18 h before the test,0.33,"denitrided in a hydrogen atmosphere for three days at 1300C quenched. Then annealled at 1100C for 20min, brine quenched",-1,-1,1
53.06,20.14,24.75,0.08,0.00,0.06,0.00,0.01,0.53,1.31,0.04,0.01,0.00,0.00,0.00,0.00,0.00,0.00,0.00,0.00,0.00,0.00,0.00,0.00,424.28,40,7.00,1.0000,Potentiody-1mic Polarization. Gound to 600 grit at least 18 h before the test,0.33,"annealled at 1100C for 20min, brine quenched",-1,-1,1
52.89,20.03,24.87,0.04,0.00,0.13,0.00,0.01,0.55,1.43,0.04,0.01,0.00,0.00,0.00,0.00,0.00,0.00,0.00,0.00,0.00,0.00,0.00,0.00,491.00,40,7.00,1.0000,Potentiody-1mic Polarization. Gound to 600 grit at least 18 h before the test,0.33,"annealled at 1100C for 20min, brine quenched",-1,-1,1
52.88,19.96,24.90,0.04,0.00,0.18,0.00,0.01,0.55,1.43,0.04,0.01,0.00,0.00,0.00,0.00,0.00,0.00,0.00,0.00,0.00,0.00,0.00,0.00,664.19,40,7.00,1.0000,Potentiody-1mic Polarization. Gound to 600 grit at least 18 h before the test,0.33,"annealled at 1100C for 20min, brine quenched",-1,-1,1
48.76,19.85,24.86,4.50,0.00,0.02,0.00,0.00,0.54,1.42,0.04,0.01,0.00,0.00,0.00,0.00,0.00,0.00,0.00,0.00,0.00,0.00,0.00,0.00,441.12,75,7.00,1.0000,Potentiody-1mic Polarization. Gound to 600 grit at least 18 h before the test,0.33,"denitrided in a hydrogen atmosphere for three days at 1300C quenched. Then annealled at 1100C for 20min, brine quenched",-1,-1,1
48.70,19.85,24.86,4.50,0.00,0.06,0.00,0.02,0.54,1.42,0.04,0.01,0.00,0.00,0.00,0.00,0.00,0.00,0.00,0.00,0.00,0.00,0.00,0.00,443.98,75,7.00,1.0000,Potentiody-1mic Polarization. Gound to 600 grit at least 18 h before the test,0.33,"annealled at 1100C for 20min, brine quenched",-1,-1,1
48.49,19.87,24.95,4.55,0.00,0.13,0.00,0.02,0.49,1.45,0.04,0.01,0.00,0.00,0.00,0.00,0.00,0.00,0.00,0.00,0.00,0.00,0.00,0.00,589.29,75,7.00,1.0000,Potentiody-1mic Polarization. Gound to 600 grit at least 18 h before the test,0.33,"annealled at 1100C for 20min, brine quenched",-1,-1,1
48.33,19.83,24.99,4.59,0.00,0.21,0.00,0.01,0.54,1.44,0.04,0.01,0.00,0.00,0.00,0.00,0.00,0.00,0.00,0.00,0.00,0.00,0.00,0.00,751.98,75,7.00,1.0000,Potentiody-1mic Polarization. Gound to 600 grit at least 18 h before the test,0.33,"annealled at 1100C for 20min, brine quenched",-1,-1,1
52.21,20.06,25.58,0.01,0.00,0.00,0.00,0.05,0.54,1.53,0.00,0.01,0.01,0.00,0.00,0.00,0.00,0.00,0.00,0.00,0.00,0.00,0.00,0.00,0.00,25,0.00,1.0000,Potentiody-1mic Polarization,0.42,-1,-1,None,1
51.04,19.99,25.88,1.05,0.00,0.00,0.00,0.06,0.48,1.48,0.00,0.01,0.01,0.00,0.00,0.00,0.00,0.00,0.00,0.00,0.00,0.00,0.00,0.00,0.00,25,0.00,1.0000,Potentiody-1mic Polarization,0.42,-1,-1,None,1
49.28,20.16,25.52,2.97,0.00,0.00,0.00,0.06,0.52,1.47,0.00,0.01,0.01,0.00,0.00,0.00,0.00,0.00,0.00,0.00,0.00,0.00,0.00,0.00,850.00,25,0.00,1.0000,Potentiody-1mic Polarization,0.42,-1,-1,None,1
47.34,19.96,25.66,5.06,0.00,0.00,0.00,0.06,0.46,1.44,0.00,0.01,0.01,0.00,0.00,0.00,0.00,0.00,0.00,0.00,0.00,0.00,0.00,0.00,850.00,25,0.00,1.0000,Potentiody-1mic Polarization,0.42,-1,-1,None,1
54.98,20.00,25.00,0.00,0.00,0.00,0.00,0.00,0.01,0.01,0.00,0.00,0.00,0.00,0.00,0.00,0.00,0.00,0.00,0.00,0.00,0.00,0.00,0.00,0.00,25,0.00,1.0000,Potentiody-1mic Polarization,0.42,-1,-1,None,1
49.98,20.00,25.00,5.00,0.00,0.00,0.00,0.00,0.01,0.01,0.00,0.00,0.00,0.00,0.00,0.00,0.00,0.00,0.00,0.00,0.00,0.00,0.00,0.00,850.00,25,0.00,1.0000,Potentiody-1mic Polarization,0.42,-1,-1,None,1
84.98,15.00,0.00,0.00,0.00,0.00,0.00,0.00,0.01,0.01,0.00,0.00,0.00,0.00,0.00,0.00,0.00,0.00,0.00,0.00,0.00,0.00,0.00,0.00,-100.00,25,0.00,1.0000,Potentiody-1mic Polarization,0.42,-1,-1,None,1
79.98,20.00,0.00,0.00,0.00,0.00,0.00,0.00,0.01,0.01,0.00,0.00,0.00,0.00,0.00,0.00,0.00,0.00,0.00,0.00,0.00,0.00,0.00,0.00,-100.00,25,0.00,1.0000,Potentiody-1mic Polarization,0.42,-1,-1,None,1
76.98,23.00,0.00,0.00,0.00,0.00,0.00,0.00,0.01,0.01,0.00,0.00,0.00,0.00,0.00,0.00,0.00,0.00,0.00,0.00,0.00,0.00,0.00,0.00,180.00,25,0.00,1.0000,Potentiody-1mic Polarization,0.42,-1,-1,None,1
71.98,28.00,0.00,0.00,0.00,0.00,0.00,0.00,0.01,0.01,0.00,0.00,0.00,0.00,0.00,0.00,0.00,0.00,0.00,0.00,0.00,0.00,0.00,0.00,910.00,25,0.00,1.0000,Potentiody-1mic Polarization,0.42,-1,-1,None,1
69.98,30.00,0.00,0.00,0.00,0.00,0.00,0.00,0.01,0.01,0.00,0.00,0.00,0.00,0.00,0.00,0.00,0.00,0.00,0.00,0.00,0.00,0.00,0.00,900.00,25,0.00,1.0000,Potentiody-1mic Polarization,0.42,-1,-1,None,1
59.98,40.00,0.00,0.00,0.00,0.00,0.00,0.00,0.01,0.01,0.00,0.00,0.00,0.00,0.00,0.00,0.00,0.00,0.00,0.00,0.00,0.00,0.00,0.00,900.00,25,0.00,1.0000,Potentiody-1mic Polarization,0.42,-1,-1,None,1
39.98,60.00,0.00,0.00,0.00,0.00,0.00,0.00,0.01,0.01,0.00,0.00,0.00,0.00,0.00,0.00,0.00,0.00,0.00,0.00,0.00,0.00,0.00,0.00,910.00,25,0.00,1.0000,Potentiody-1mic Polarization,0.42,-1,-1,None,1
95.98,0.00,0.00,4.00,0.00,0.00,0.00,0.00,0.01,0.01,0.00,0.00,0.00,0.00,0.00,0.00,0.00,0.00,0.00,0.00,0.00,0.00,0.00,0.00,1500.00,25,0.00,0.0000,Potentiody-1mic Polarization,0.42,-1,-1,None,1
91.98,0.00,0.00,8.00,0.00,0.00,0.00,0.00,0.01,0.01,0.00,0.00,0.00,0.00,0.00,0.00,0.00,0.00,0.00,0.00,0.00,0.00,0.00,0.00,1550.00,25,0.00,0.0000,Potentiody-1mic Polarization,0.42,-1,-1,None,1
89.98,0.00,0.00,10.00,0.00,0.00,0.00,0.00,0.01,0.01,0.00,0.00,0.00,0.00,0.00,0.00,0.00,0.00,0.00,0.00,0.00,0.00,0.00,0.00,1550.00,25,0.00,0.0000,Potentiody-1mic Polarization,0.42,-1,-1,None,1
79.98,0.00,0.00,20.00,0.00,0.00,0.00,0.00,0.01,0.01,0.00,0.00,0.00,0.00,0.00,0.00,0.00,0.00,0.00,0.00,0.00,0.00,0.00,0.00,1550.00,25,0.00,0.0000,Potentiody-1mic Polarization,0.42,-1,-1,None,1
40.98,0.00,0.00,59.00,0.00,0.00,0.00,0.00,0.01,0.01,0.00,0.00,0.00,0.00,0.00,0.00,0.00,0.00,0.00,0.00,0.00,0.00,0.00,0.00,1600.00,25,0.00,0.0000,Potentiody-1mic Polarization,0.42,-1,-1,None,1
64.98,5.00,25.00,5.00,0.00,0.00,0.00,0.00,0.01,0.01,0.00,0.00,0.00,0.00,0.00,0.00,0.00,0.00,0.00,0.00,0.00,0.00,0.00,0.00,-310.00,25,0.00,1.0000,Potentiody-1mic Polarization,0.42,-1,-1,None,1
59.98,10.00,25.00,5.00,0.00,0.00,0.00,0.00,0.01,0.01,0.00,0.00,0.00,0.00,0.00,0.00,0.00,0.00,0.00,0.00,0.00,0.00,0.00,0.00,250.00,25,0.00,1.0000,Potentiody-1mic Polarization,0.42,-1,-1,None,1
55.98,14.00,25.00,5.00,0.00,0.00,0.00,0.00,0.01,0.01,0.00,0.00,0.00,0.00,0.00,0.00,0.00,0.00,0.00,0.00,0.00,0.00,0.00,0.00,350.00,25,0.00,1.0000,Potentiody-1mic Polarization,0.42,-1,-1,None,1
52.98,17.00,25.00,5.00,0.00,0.00,0.00,0.00,0.01,0.01,0.00,0.00,0.00,0.00,0.00,0.00,0.00,0.00,0.00,0.00,0.00,0.00,0.00,0.00,400.00,25,0.00,1.0000,Potentiody-1mic Polarization,0.42,-1,-1,None,1
49.98,20.00,25.00,5.00,0.00,0.00,0.00,0.00,0.01,0.01,0.00,0.00,0.00,0.00,0.00,0.00,0.00,0.00,0.00,0.00,0.00,0.00,0.00,0.00,880.00,25,0.00,1.0000,Potentiody-1mic Polarization,0.42,-1,-1,None,1
75.59,24.30,0.00,0.06,0.00,0.00,0.00,0.00,0.04,0.00,0.00,0.00,0.01,0.00,0.00,0.00,0.00,0.00,0.00,0.00,0.00,0.00,0.00,0.00,497.00,25,0.70,0.0000,Potentiody-1mic Polarization,-1.00,1300C 58h,-1,None,1
64.65,24.30,0.00,10.90,0.02,0.00,0.00,0.00,0.01,0.12,0.00,0.00,0.01,0.00,0.00,0.00,0.00,0.00,0.00,0.00,0.00,0.00,0.00,0.00,895.00,25,0.70,0.0000,Potentiody-1mic Polarization,-1.00,1300C 58h,-1,None,1
75.59,24.30,0.00,0.06,0.00,0.00,0.00,0.00,0.04,0.00,0.00,0.00,0.01,0.00,0.00,0.00,0.00,0.00,0.00,0.00,0.00,0.00,0.00,0.00,1056.00,25,0.70,0.1200,Potentiody-1mic Polarization,-1.00,1300C 58h,-1,None,1
64.65,24.30,0.00,10.90,0.02,0.00,0.00,0.00,0.01,0.12,0.00,0.00,0.01,0.00,0.00,0.00,0.00,0.00,0.00,0.00,0.00,0.00,0.00,0.00,856.00,25,0.70,0.1200,Potentiody-1mic Polarization,-1.00,1300C 58h,-1,None,1
75.98,24.00,0.00,0.00,0.00,0.00,0.00,0.00,0.01,0.01,0.00,0.00,0.00,0.00,0.00,0.00,0.00,0.00,0.00,0.00,0.00,0.00,0.00,0.00,884.30,65,0.70,0.0000,"Potentiostatic Polarization at different potentials. The working electrode was a rotating disk, the rotation rate was 3000 rpm in all experiments.",-1.00,-1,-1,Since no chloride ion was present. The breakdown potential measured was likely due to transpassive dissolution. The alloys were mecanically polished and cathodically prepolarised before an experiment. The polarisation experiments were carried out in absence of air by applying a constant potential for three hours.,1
75.98,24.00,0.00,0.00,0.00,0.00,0.00,0.00,0.01,0.01,0.00,0.00,0.00,0.00,0.00,0.00,0.00,0.00,0.00,0.00,0.00,0.00,0.00,0.00,487.50,65,0.70,0.1200,"Potentiostatic Polarization at different potentials. The working electrode was a rotating disk, the rotation rate was 3000 rpm in all experiments.",-1.00,-1,-1,The alloys were mecanically polished and cathodically prepolarised before an experiment. The polarisation experiments were carried out in absence of air by applying a constant potential for three hours.,1
59.31,20.12,20.18,0.01,0.02,0.01,0.00,0.00,0.08,0.18,0.00,0.00,0.08,0.00,0.00,0.00,0.00,0.00,0.00,0.00,0.00,0.00,0.00,0.00,549.60,22,1.00,0.5000,Potentiody-1mic Polarization. The specimens were activated at the cathodic potential of 2700 mV saturated calomel electrode (SCE) for 10 min.,1.00,-1,-1,"Specimens, with an area of 0.95 cm2, were pretreated by grinding on emery paper down to 600 grit, polished with diamond paste to 1 mm, ultrasonically cleaned in ethanol, and dried in hot air. The electrolyte was deaerated by Ar bubbling for 2 h before exposure.",1
71.70,19.20,9.00,0.00,0.00,0.00,0.00,0.05,0.01,0.01,0.00,0.00,0.03,0.00,0.00,0.00,0.00,0.00,0.00,0.00,0.00,0.00,0.00,0.00,-50.00,25,5.40,0.3000,"Potentiody-1mic Polarization. Before athe test, specimens were cathodically polarized at - 1.150 V(SCE) for 15 min to reduce the polish-formed film.",1.00,annealed at 1100 C for 3 h followed by a water quench,-1,"0.25 um diamond polish finish, cathodically polarized at - 1.150 V(SCE) for 15 min to reduce the polish-formed film",1
71.70,19.20,9.00,0.00,0.00,0.00,0.00,0.05,0.01,0.01,0.00,0.00,0.03,0.00,0.00,0.00,0.00,0.00,0.00,0.00,0.00,0.00,0.00,0.00,525.00,25,9.00,0.3000,"Potentiody-1mic Polarization. Before athe test, specimens were cathodically polarized at - 1.150 V(SCE) for 15 min to reduce the polish-formed film.",1.00,annealed at 1100 C for 3 h followed by a water quench,-1,"0.25 um diamond polish finish, cathodically polarized at - 1.150 V(SCE) for 15 min to reduce the polish-formed film",1
72.08,17.60,10.30,0.00,0.00,0.00,0.00,0.00,0.01,0.01,0.00,0.00,0.00,0.00,0.00,0.00,0.00,0.00,0.00,0.00,0.00,0.00,0.00,0.00,507.01,0,7.00,0.1000,"Potentiostatic Polarization, Potentiostatic polarization curves were obtained at 25°C and at 0°C in N,-saturated 0.1N -1Cl and O*lN -1Br. The electrode totally immersed was first polarized in the least noble passive region for 15min, then the potential was moved in the noble direction 50mV every Smin until the pitting potential was approximated and the current showed a marked increase. This was followed by longer-time runs of 12-15h at a single potential in the neighbourhood of the critical potential in order to establish the steady state value. The least noble potential at which the current did not continuously increase with time and at which no pits could be observed under a low power microscope was taken as the fi-1l value. ",0.17,"Alloys were prepared by vacuum melting in dense alumi-1 crucibles decarburized electrolytic Fe, electrolytic Cr and carbonyl Ni, the latter supplied by courtesy of the Inter-1tio-1l Nickel Company. Re containing 15 ppm Fe but less than I ppm of any other detectable impurity was supplied by courtesy of Ledgemont Laboratory,Kennecott Copper Corporation. The melt was cast in a purified argon atmosphere by drawing into 7mm dia. Vycor tubes and quenching in water. The alloys were homogenized at 1050°C for 17h, swaged to 0.4cm diameter rods, annealed at 1050°C and water quenched. ",-1,"The electrode totally immersed was first polarized in the least noble passive region for 15min, then the potential was moved in the noble direction 50mV every 5min until the pitting potential was approximated and the current showed a marked increase.",1
72.38,17.40,10.20,0.00,0.00,0.00,0.00,0.00,0.01,0.01,0.00,0.00,0.00,0.00,0.00,0.00,0.00,0.00,0.00,0.00,0.00,0.00,0.00,0.00,458.43,0,7.00,0.1000,"Potentiostatic Polarization, Potentiostatic polarization curves were obtained at 25°C and at 0°C in N,-saturated 0.1N -1Cl and O*lN -1Br. The electrode totally immersed was first polarized in the least noble passive region for 15min, then the potential was moved in the noble direction 50mV every Smin until the pitting potential was approximated and the current showed a marked increase. This was followed by longer-time runs of 12-15h at a single potential in the neighbourhood of the critical potential in order to establish the steady state value. The least noble potential at which the current did not continuously increase with time and at which no pits could be observed under a low power microscope was taken as the fi-1l value. ",0.17,"Alloys were prepared by vacuum melting in dense alumi-1 crucibles decarburized electrolytic Fe, electrolytic Cr and carbonyl Ni, the latter supplied by courtesy of the Inter-1tio-1l Nickel Company. Re containing 15 ppm Fe but less than I ppm of any other detectable impurity was supplied by courtesy of Ledgemont Laboratory,Kennecott Copper Corporation. The melt was cast in a purified argon atmosphere by drawing into 7mm dia. Vycor tubes and quenching in water. The alloys were homogenized at 1050°C for 17h, swaged to 0.4cm diameter rods, annealed at 1050°C and water quenched. ",-1,"The electrode totally immersed was first polarized in the least noble passive region for 15min, then the potential was moved in the noble direction 50mV every 5min until the pitting potential was approximated and the current showed a marked increase.",1
72.18,17.80,10.00,0.00,0.00,0.00,0.00,0.00,0.01,0.01,0.00,0.00,0.00,0.00,0.00,0.00,0.00,0.00,0.00,0.00,0.00,0.00,0.00,0.00,431.71,0,7.00,0.1000,"Potentiostatic Polarization, Potentiostatic polarization curves were obtained at 25°C and at 0°C in N,-saturated 0.1N -1Cl and O*lN -1Br. The electrode totally immersed was first polarized in the least noble passive region for 15min, then the potential was moved in the noble direction 50mV every Smin until the pitting potential was approximated and the current showed a marked increase. This was followed by longer-time runs of 12-15h at a single potential in the neighbourhood of the critical potential in order to establish the steady state value. The least noble potential at which the current did not continuously increase with time and at which no pits could be observed under a low power microscope was taken as the fi-1l value. ",0.17,"Alloys were prepared by vacuum melting in dense alumi-1 crucibles decarburized electrolytic Fe, electrolytic Cr and carbonyl Ni, the latter supplied by courtesy of the Inter-1tio-1l Nickel Company. Re containing 15 ppm Fe but less than I ppm of any other detectable impurity was supplied by courtesy of Ledgemont Laboratory,Kennecott Copper Corporation. The melt was cast in a purified argon atmosphere by drawing into 7mm dia. Vycor tubes and quenching in water. The alloys were homogenized at 1050°C for 17h, swaged to 0.4cm diameter rods, annealed at 1050°C and water quenched. ",-1,"The electrode totally immersed was first polarized in the least noble passive region for 15min, then the potential was moved in the noble direction 50mV every 5min until the pitting potential was approximated and the current showed a marked increase.",1
72.08,17.60,10.30,0.00,0.00,0.00,0.00,0.00,0.01,0.01,0.00,0.00,0.00,0.00,0.00,0.00,0.00,0.00,0.00,0.00,0.00,0.00,0.00,0.00,112.28,25,7.00,0.1000,"Potentiostatic Polarization, Potentiostatic polarization curves were obtained at 25°C and at 0°C in N,-saturated 0.1N -1Cl and O*lN -1Br. The electrode totally immersed was first polarized in the least noble passive region for 15min, then the potential was moved in the noble direction 50mV every Smin until the pitting potential was approximated and the current showed a marked increase. This was followed by longer-time runs of 12-15h at a single potential in the neighbourhood of the critical potential in order to establish the steady state value. The least noble potential at which the current did not continuously increase with time and at which no pits could be observed under a low power microscope was taken as the fi-1l value. ",0.17,"Alloys were prepared by vacuum melting in dense alumi-1 crucibles decarburized electrolytic Fe, electrolytic Cr and carbonyl Ni, the latter supplied by courtesy of the Inter-1tio-1l Nickel Company. Re containing 15 ppm Fe but less than I ppm of any other detectable impurity was supplied by courtesy of Ledgemont Laboratory,Kennecott Copper Corporation. The melt was cast in a purified argon atmosphere by drawing into 7mm dia. Vycor tubes and quenching in water. The alloys were homogenized at 1050°C for 17h, swaged to 0.4cm diameter rods, annealed at 1050°C and water quenched. ",-1,"The electrode totally immersed was first polarized in the least noble passive region for 15min, then the potential was moved in the noble direction 50mV every 5min until the pitting potential was approximated and the current showed a marked increase.",1
72.38,17.40,10.20,0.00,0.00,0.00,0.00,0.00,0.01,0.01,0.00,0.00,0.00,0.00,0.00,0.00,0.00,0.00,0.00,0.00,0.00,0.00,0.00,0.00,132.92,25,7.00,0.1000,"Potentiostatic Polarization, Potentiostatic polarization curves were obtained at 25°C and at 0°C in N,-saturated 0.1N -1Cl and O*lN -1Br. The electrode totally immersed was first polarized in the least noble passive region for 15min, then the potential was moved in the noble direction 50mV every Smin until the pitting potential was approximated and the current showed a marked increase. This was followed by longer-time runs of 12-15h at a single potential in the neighbourhood of the critical potential in order to establish the steady state value. The least noble potential at which the current did not continuously increase with time and at which no pits could be observed under a low power microscope was taken as the fi-1l value. ",0.17,"Alloys were prepared by vacuum melting in dense alumi-1 crucibles decarburized electrolytic Fe, electrolytic Cr and carbonyl Ni, the latter supplied by courtesy of the Inter-1tio-1l Nickel Company. Re containing 15 ppm Fe but less than I ppm of any other detectable impurity was supplied by courtesy of Ledgemont Laboratory,Kennecott Copper Corporation. The melt was cast in a purified argon atmosphere by drawing into 7mm dia. Vycor tubes and quenching in water. The alloys were homogenized at 1050°C for 17h, swaged to 0.4cm diameter rods, annealed at 1050°C and water quenched. ",-1,"The electrode totally immersed was first polarized in the least noble passive region for 15min, then the potential was moved in the noble direction 50mV every 5min until the pitting potential was approximated and the current showed a marked increase.",1
72.18,17.80,10.00,0.00,0.00,0.00,0.00,0.00,0.01,0.01,0.00,0.00,0.00,0.00,0.00,0.00,0.00,0.00,0.00,0.00,0.00,0.00,0.00,0.00,340.62,25,7.00,0.1000,"Potentiostatic Polarization, Potentiostatic polarization curves were obtained at 25°C and at 0°C in N,-saturated 0.1N -1Cl and O*lN -1Br. The electrode totally immersed was first polarized in the least noble passive region for 15min, then the potential was moved in the noble direction 50mV every Smin until the pitting potential was approximated and the current showed a marked increase. This was followed by longer-time runs of 12-15h at a single potential in the neighbourhood of the critical potential in order to establish the steady state value. The least noble potential at which the current did not continuously increase with time and at which no pits could be observed under a low power microscope was taken as the fi-1l value. ",0.17,"Alloys were prepared by vacuum melting in dense alumi-1 crucibles decarburized electrolytic Fe, electrolytic Cr and carbonyl Ni, the latter supplied by courtesy of the Inter-1tio-1l Nickel Company. Re containing 15 ppm Fe but less than I ppm of any other detectable impurity was supplied by courtesy of Ledgemont Laboratory,Kennecott Copper Corporation. The melt was cast in a purified argon atmosphere by drawing into 7mm dia. Vycor tubes and quenching in water. The alloys were homogenized at 1050°C for 17h, swaged to 0.4cm diameter rods, annealed at 1050°C and water quenched. ",-1,"The electrode totally immersed was first polarized in the least noble passive region for 15min, then the potential was moved in the noble direction 50mV every 5min until the pitting potential was approximated and the current showed a marked increase.",1
72.08,17.60,10.30,0.00,0.00,0.00,0.00,0.00,0.01,0.01,0.00,0.00,0.00,0.00,0.00,0.00,0.00,0.00,0.00,0.00,0.00,0.00,0.00,0.00,297.24,25,7.00,0.0000,"Potentiostatic Polarization, Potentiostatic polarization curves were obtained at 25°C and at 0°C in N,-saturated 0.1N -1Cl and O*lN -1Br. The electrode totally immersed was first polarized in the least noble passive region for 15min, then the potential was moved in the noble direction 50mV every Smin until the pitting potential was approximated and the current showed a marked increase. This was followed by longer-time runs of 12-15h at a single potential in the neighbourhood of the critical potential in order to establish the steady state value. The least noble potential at which the current did not continuously increase with time and at which no pits could be observed under a low power microscope was taken as the fi-1l value. ",0.17,"Alloys were prepared by vacuum melting in dense alumi-1 crucibles decarburized electrolytic Fe, electrolytic Cr and carbonyl Ni, the latter supplied by courtesy of the Inter-1tio-1l Nickel Company. Re containing 15 ppm Fe but less than I ppm of any other detectable impurity was supplied by courtesy of Ledgemont Laboratory,Kennecott Copper Corporation. The melt was cast in a purified argon atmosphere by drawing into 7mm dia. Vycor tubes and quenching in water. The alloys were homogenized at 1050°C for 17h, swaged to 0.4cm diameter rods, annealed at 1050°C and water quenched. ",-1,"The electrode totally immersed was first polarized in the least noble passive region for 15min, then the potential was moved in the noble direction 50mV every 5min until the pitting potential was approximated and the current showed a marked increase.",1
72.38,17.40,10.20,0.00,0.00,0.00,0.00,0.00,0.01,0.01,0.00,0.00,0.00,0.00,0.00,0.00,0.00,0.00,0.00,0.00,0.00,0.00,0.00,0.00,306.82,25,7.00,0.0000,"Potentiostatic Polarization, Potentiostatic polarization curves were obtained at 25°C and at 0°C in N,-saturated 0.1N -1Cl and O*lN -1Br. The electrode totally immersed was first polarized in the least noble passive region for 15min, then the potential was moved in the noble direction 50mV every Smin until the pitting potential was approximated and the current showed a marked increase. This was followed by longer-time runs of 12-15h at a single potential in the neighbourhood of the critical potential in order to establish the steady state value. The least noble potential at which the current did not continuously increase with time and at which no pits could be observed under a low power microscope was taken as the fi-1l value. ",0.17,"Alloys were prepared by vacuum melting in dense alumi-1 crucibles decarburized electrolytic Fe, electrolytic Cr and carbonyl Ni, the latter supplied by courtesy of the Inter-1tio-1l Nickel Company. Re containing 15 ppm Fe but less than I ppm of any other detectable impurity was supplied by courtesy of Ledgemont Laboratory,Kennecott Copper Corporation. The melt was cast in a purified argon atmosphere by drawing into 7mm dia. Vycor tubes and quenching in water. The alloys were homogenized at 1050°C for 17h, swaged to 0.4cm diameter rods, annealed at 1050°C and water quenched. ",-1,"The electrode totally immersed was first polarized in the least noble passive region for 15min, then the potential was moved in the noble direction 50mV every 5min until the pitting potential was approximated and the current showed a marked increase.",1
72.18,17.80,10.00,0.00,0.00,0.00,0.00,0.00,0.01,0.01,0.00,0.00,0.00,0.00,0.00,0.00,0.00,0.00,0.00,0.00,0.00,0.00,0.00,0.00,386.78,25,7.00,0.0000,"Potentiostatic Polarization, Potentiostatic polarization curves were obtained at 25°C and at 0°C in N,-saturated 0.1N -1Cl and O*lN -1Br. The electrode totally immersed was first polarized in the least noble passive region for 15min, then the potential was moved in the noble direction 50mV every Smin until the pitting potential was approximated and the current showed a marked increase. This was followed by longer-time runs of 12-15h at a single potential in the neighbourhood of the critical potential in order to establish the steady state value. The least noble potential at which the current did not continuously increase with time and at which no pits could be observed under a low power microscope was taken as the fi-1l value. ",0.17,"Alloys were prepared by vacuum melting in dense alumi-1 crucibles decarburized electrolytic Fe, electrolytic Cr and carbonyl Ni, the latter supplied by courtesy of the Inter-1tio-1l Nickel Company. Re containing 15 ppm Fe but less than I ppm of any other detectable impurity was supplied by courtesy of Ledgemont Laboratory,Kennecott Copper Corporation. The melt was cast in a purified argon atmosphere by drawing into 7mm dia. Vycor tubes and quenching in water. The alloys were homogenized at 1050°C for 17h, swaged to 0.4cm diameter rods, annealed at 1050°C and water quenched. ",-1,"The electrode totally immersed was first polarized in the least noble passive region for 15min, then the potential was moved in the noble direction 50mV every 5min until the pitting potential was approximated and the current showed a marked increase.",1
72.08,17.60,10.30,0.00,0.00,0.00,0.00,0.00,0.01,0.01,0.00,0.00,0.00,0.00,0.00,0.00,0.00,0.00,0.00,0.00,0.00,0.00,0.00,0.00,212.22,0,7.00,0.0000,"Potentiostatic Polarization, Potentiostatic polarization curves were obtained at 25°C and at 0°C in N,-saturated 0.1N -1Cl and O*lN -1Br. The electrode totally immersed was first polarized in the least noble passive region for 15min, then the potential was moved in the noble direction 50mV every Smin until the pitting potential was approximated and the current showed a marked increase. This was followed by longer-time runs of 12-15h at a single potential in the neighbourhood of the critical potential in order to establish the steady state value. The least noble potential at which the current did not continuously increase with time and at which no pits could be observed under a low power microscope was taken as the fi-1l value. ",0.17,"Alloys were prepared by vacuum melting in dense alumi-1 crucibles decarburized electrolytic Fe, electrolytic Cr and carbonyl Ni, the latter supplied by courtesy of the Inter-1tio-1l Nickel Company. Re containing 15 ppm Fe but less than I ppm of any other detectable impurity was supplied by courtesy of Ledgemont Laboratory,Kennecott Copper Corporation. The melt was cast in a purified argon atmosphere by drawing into 7mm dia. Vycor tubes and quenching in water. The alloys were homogenized at 1050°C for 17h, swaged to 0.4cm diameter rods, annealed at 1050°C and water quenched. ",-1,"The electrode totally immersed was first polarized in the least noble passive region for 15min, then the potential was moved in the noble direction 50mV every 5min until the pitting potential was approximated and the current showed a marked increase.",1
72.38,17.40,10.20,0.00,0.00,0.00,0.00,0.00,0.01,0.01,0.00,0.00,0.00,0.00,0.00,0.00,0.00,0.00,0.00,0.00,0.00,0.00,0.00,0.00,190.57,0,7.00,0.0000,"Potentiostatic Polarization, Potentiostatic polarization curves were obtained at 25°C and at 0°C in N,-saturated 0.1N -1Cl and O*lN -1Br. The electrode totally immersed was first polarized in the least noble passive region for 15min, then the potential was moved in the noble direction 50mV every Smin until the pitting potential was approximated and the current showed a marked increase. This was followed by longer-time runs of 12-15h at a single potential in the neighbourhood of the critical potential in order to establish the steady state value. The least noble potential at which the current did not continuously increase with time and at which no pits could be observed under a low power microscope was taken as the fi-1l value. ",0.17,"Alloys were prepared by vacuum melting in dense alumi-1 crucibles decarburized electrolytic Fe, electrolytic Cr and carbonyl Ni, the latter supplied by courtesy of the Inter-1tio-1l Nickel Company. Re containing 15 ppm Fe but less than I ppm of any other detectable impurity was supplied by courtesy of Ledgemont Laboratory,Kennecott Copper Corporation. The melt was cast in a purified argon atmosphere by drawing into 7mm dia. Vycor tubes and quenching in water. The alloys were homogenized at 1050°C for 17h, swaged to 0.4cm diameter rods, annealed at 1050°C and water quenched. ",-1,"The electrode totally immersed was first polarized in the least noble passive region for 15min, then the potential was moved in the noble direction 50mV every 5min until the pitting potential was approximated and the current showed a marked increase.",1
72.18,17.80,10.00,0.00,0.00,0.00,0.00,0.00,0.01,0.01,0.00,0.00,0.00,0.00,0.00,0.00,0.00,0.00,0.00,0.00,0.00,0.00,0.00,0.00,189.31,0,7.00,0.0000,"Potentiostatic Polarization, Potentiostatic polarization curves were obtained at 25°C and at 0°C in N,-saturated 0.1N -1Cl and O*lN -1Br. The electrode totally immersed was first polarized in the least noble passive region for 15min, then the potential was moved in the noble direction 50mV every Smin until the pitting potential was approximated and the current showed a marked increase. This was followed by longer-time runs of 12-15h at a single potential in the neighbourhood of the critical potential in order to establish the steady state value. The least noble potential at which the current did not continuously increase with time and at which no pits could be observed under a low power microscope was taken as the fi-1l value. ",0.17,"Alloys were prepared by vacuum melting in dense alumi-1 crucibles decarburized electrolytic Fe, electrolytic Cr and carbonyl Ni, the latter supplied by courtesy of the Inter-1tio-1l Nickel Company. Re containing 15 ppm Fe but less than I ppm of any other detectable impurity was supplied by courtesy of Ledgemont Laboratory,Kennecott Copper Corporation. The melt was cast in a purified argon atmosphere by drawing into 7mm dia. Vycor tubes and quenching in water. The alloys were homogenized at 1050°C for 17h, swaged to 0.4cm diameter rods, annealed at 1050°C and water quenched. ",-1,"The electrode totally immersed was first polarized in the least noble passive region for 15min, then the potential was moved in the noble direction 50mV every 5min until the pitting potential was approximated and the current showed a marked increase.",1
70.12,18.80,6.00,1.01,0.00,0.09,0.00,0.01,0.50,3.47,0.00,0.00,0.00,0.00,0.00,0.00,0.00,0.00,0.00,0.00,0.00,0.00,0.00,0.00,29.00,30,7.00,1.0000,"Polarization test, strips of 1.25 cm x 1.25 cm of the experimental alloys, as well as the commercial alloys, were subjected to anodic polarization in dearated 1 N -1CI solution at 30 C. A Type 308 rod was welded to one side of each specimen and covered with rubber tubing, except the tip for electrical connection to a potentiostat. The specimens were then mounted in epoxy, ground to 600 grit, and rinsed with distilled water. The specimen/mount interface was covered with a thin film of lacquer, and approximately 1 cm 2 of the specimen was exposed. They were then kept in a desiccator until testing. The testing procedure consisted of: (1) introduction of the solution to a one liter polarization cell; (2) setting the temperature of the solution; (3) deoxyge-1ting the solution with prepurified nitrogen at the rate of 90 ml/min starting 30 minutes before immersion of the specimen; (4) cleaning the specimen with distilled water just prior to transferring to the cel]; and (5) anodic polarization 50 minutes after the immersion at a scanning rate of 20 mV/min, using a PAR Model 173 potentiostat and ELSCINT Model ABA-26 Automatic Baseline Advance.",0.33,"The stainless steels evaluated in this study were prepared from commercially pure grades of Fe, Ni, ferrochrome, Mn, Mo, Si, manganese or chromium nitride, and chromium carbide. Melting was done in a vacuum induction fur-1ce.The melting procedure consisted of: (1) melting Fe, Ni, Mo, Mn, and ferrochrome in a vacuum; (2) bleeding nitrogen into the fur-1ce; and (3) introducing Mn4N or CrN, wrapped in iron foil, into the melt, as needed. After casting, only solid sections of the ingots were taken to prepare test specimens. The sections were first soaked for 30 minutes and hot rolled. The temperatures were 1205 C and 1095 C, depending upon hot ductility of the heats. The hot rolled specimens were pickled in a solution containing 10% HNO3 and 2% HF at 65 C to remove the hot working scale, cold rolled to 2 mm, annealed at 1065 C for 5 minutes, water quenched, and pickled again in the same HNO3-HF solution at 65 C. A small section was cut from each heat and used for chemical a-1lysis.",-1,"Some compositions were provided with ""~"" and ""<"" signs in the paper",1
69.13,18.80,6.00,1.98,0.00,0.06,0.00,0.03,0.50,3.50,0.00,0.00,0.00,0.00,0.00,0.00,0.00,0.00,0.00,0.00,0.00,0.00,0.00,0.00,93.00,30,7.00,1.0000,"Polarization test, strips of 1.25 cm x 1.25 cm of the experimental alloys, as well as the commercial alloys, were subjected to anodic polarization in dearated 1 N -1CI solution at 30 C. A Type 308 rod was welded to one side of each specimen and covered with rubber tubing, except the tip for electrical connection to a potentiostat. The specimens were then mounted in epoxy, ground to 600 grit, and rinsed with distilled water. The specimen/mount interface was covered with a thin film of lacquer, and approximately 1 cm 2 of the specimen was exposed. They were then kept in a desiccator until testing. The testing procedure consisted of: (1) introduction of the solution to a one liter polarization cell; (2) setting the temperature of the solution; (3) deoxyge-1ting the solution with prepurified nitrogen at the rate of 90 ml/min starting 30 minutes before immersion of the specimen; (4) cleaning the specimen with distilled water just prior to transferring to the cel]; and (5) anodic polarization 50 minutes after the immersion at a scanning rate of 20 mV/min, using a PAR Model 173 potentiostat and ELSCINT Model ABA-26 Automatic Baseline Advance.",0.33,"The stainless steels evaluated in this study were prepared from commercially pure grades of Fe, Ni, ferrochrome, Mn, Mo, Si, manganese or chromium nitride, and chromium carbide. Melting was done in a vacuum induction fur-1ce.The melting procedure consisted of: (1) melting Fe, Ni, Mo, Mn, and ferrochrome in a vacuum; (2) bleeding nitrogen into the fur-1ce; and (3) introducing Mn4N or CrN, wrapped in iron foil, into the melt, as needed. After casting, only solid sections of the ingots were taken to prepare test specimens. The sections were first soaked for 30 minutes and hot rolled. The temperatures were 1205 C and 1095 C, depending upon hot ductility of the heats. The hot rolled specimens were pickled in a solution containing 10% HNO3 and 2% HF at 65 C to remove the hot working scale, cold rolled to 2 mm, annealed at 1065 C for 5 minutes, water quenched, and pickled again in the same HNO3-HF solution at 65 C. A small section was cut from each heat and used for chemical a-1lysis.",-1,"Some compositions were provided with ""~"" and ""<"" signs in the paper",1
68.52,18.83,6.50,1.02,0.00,0.22,0.00,0.02,0.45,4.44,0.00,0.00,0.00,0.00,0.00,0.00,0.00,0.00,0.00,0.00,0.00,0.00,0.00,0.00,317.00,30,7.00,1.0000,"Polarization test, strips of 1.25 cm x 1.25 cm of the experimental alloys, as well as the commercial alloys, were subjected to anodic polarization in dearated 1 N -1CI solution at 30 C. A Type 308 rod was welded to one side of each specimen and covered with rubber tubing, except the tip for electrical connection to a potentiostat. The specimens were then mounted in epoxy, ground to 600 grit, and rinsed with distilled water. The specimen/mount interface was covered with a thin film of lacquer, and approximately 1 cm 2 of the specimen was exposed. They were then kept in a desiccator until testing. The testing procedure consisted of: (1) introduction of the solution to a one liter polarization cell; (2) setting the temperature of the solution; (3) deoxyge-1ting the solution with prepurified nitrogen at the rate of 90 ml/min starting 30 minutes before immersion of the specimen; (4) cleaning the specimen with distilled water just prior to transferring to the cel]; and (5) anodic polarization 50 minutes after the immersion at a scanning rate of 20 mV/min, using a PAR Model 173 potentiostat and ELSCINT Model ABA-26 Automatic Baseline Advance.",0.33,"The stainless steels evaluated in this study were prepared from commercially pure grades of Fe, Ni, ferrochrome, Mn, Mo, Si, manganese or chromium nitride, and chromium carbide. Melting was done in a vacuum induction fur-1ce.The melting procedure consisted of: (1) melting Fe, Ni, Mo, Mn, and ferrochrome in a vacuum; (2) bleeding nitrogen into the fur-1ce; and (3) introducing Mn4N or CrN, wrapped in iron foil, into the melt, as needed. After casting, only solid sections of the ingots were taken to prepare test specimens. The sections were first soaked for 30 minutes and hot rolled. The temperatures were 1205 C and 1095 C, depending upon hot ductility of the heats. The hot rolled specimens were pickled in a solution containing 10% HNO3 and 2% HF at 65 C to remove the hot working scale, cold rolled to 2 mm, annealed at 1065 C for 5 minutes, water quenched, and pickled again in the same HNO3-HF solution at 65 C. A small section was cut from each heat and used for chemical a-1lysis.",-1,"Some compositions were provided with ""~"" and ""<"" signs in the paper",1
70.03,18.80,6.10,1.01,0.00,0.23,0.00,0.01,0.42,3.41,0.00,0.00,0.00,0.00,0.00,0.00,0.00,0.00,0.00,0.00,0.00,0.00,0.00,0.00,267.00,30,7.00,1.0000,"Polarization test, strips of 1.25 cm x 1.25 cm of the experimental alloys, as well as the commercial alloys, were subjected to anodic polarization in dearated 1 N -1CI solution at 30 C. A Type 308 rod was welded to one side of each specimen and covered with rubber tubing, except the tip for electrical connection to a potentiostat. The specimens were then mounted in epoxy, ground to 600 grit, and rinsed with distilled water. The specimen/mount interface was covered with a thin film of lacquer, and approximately 1 cm 2 of the specimen was exposed. They were then kept in a desiccator until testing. The testing procedure consisted of: (1) introduction of the solution to a one liter polarization cell; (2) setting the temperature of the solution; (3) deoxyge-1ting the solution with prepurified nitrogen at the rate of 90 ml/min starting 30 minutes before immersion of the specimen; (4) cleaning the specimen with distilled water just prior to transferring to the cel]; and (5) anodic polarization 50 minutes after the immersion at a scanning rate of 20 mV/min, using a PAR Model 173 potentiostat and ELSCINT Model ABA-26 Automatic Baseline Advance.",0.33,"The stainless steels evaluated in this study were prepared from commercially pure grades of Fe, Ni, ferrochrome, Mn, Mo, Si, manganese or chromium nitride, and chromium carbide. Melting was done in a vacuum induction fur-1ce.The melting procedure consisted of: (1) melting Fe, Ni, Mo, Mn, and ferrochrome in a vacuum; (2) bleeding nitrogen into the fur-1ce; and (3) introducing Mn4N or CrN, wrapped in iron foil, into the melt, as needed. After casting, only solid sections of the ingots were taken to prepare test specimens. The sections were first soaked for 30 minutes and hot rolled. The temperatures were 1205 C and 1095 C, depending upon hot ductility of the heats. The hot rolled specimens were pickled in a solution containing 10% HNO3 and 2% HF at 65 C to remove the hot working scale, cold rolled to 2 mm, annealed at 1065 C for 5 minutes, water quenched, and pickled again in the same HNO3-HF solution at 65 C. A small section was cut from each heat and used for chemical a-1lysis.",-1,"Some compositions were provided with ""~"" and ""<"" signs in the paper",1
69.48,18.80,6.00,2.09,0.00,0.19,0.00,0.00,0.50,2.94,0.00,0.00,0.00,0.00,0.00,0.00,0.00,0.00,0.00,0.00,0.00,0.00,0.00,0.00,325.00,30,7.00,1.0000,"Polarization test, strips of 1.25 cm x 1.25 cm of the experimental alloys, as well as the commercial alloys, were subjected to anodic polarization in dearated 1 N -1CI solution at 30 C. A Type 308 rod was welded to one side of each specimen and covered with rubber tubing, except the tip for electrical connection to a potentiostat. The specimens were then mounted in epoxy, ground to 600 grit, and rinsed with distilled water. The specimen/mount interface was covered with a thin film of lacquer, and approximately 1 cm 2 of the specimen was exposed. They were then kept in a desiccator until testing. The testing procedure consisted of: (1) introduction of the solution to a one liter polarization cell; (2) setting the temperature of the solution; (3) deoxyge-1ting the solution with prepurified nitrogen at the rate of 90 ml/min starting 30 minutes before immersion of the specimen; (4) cleaning the specimen with distilled water just prior to transferring to the cel]; and (5) anodic polarization 50 minutes after the immersion at a scanning rate of 20 mV/min, using a PAR Model 173 potentiostat and ELSCINT Model ABA-26 Automatic Baseline Advance.",0.33,"The stainless steels evaluated in this study were prepared from commercially pure grades of Fe, Ni, ferrochrome, Mn, Mo, Si, manganese or chromium nitride, and chromium carbide. Melting was done in a vacuum induction fur-1ce.The melting procedure consisted of: (1) melting Fe, Ni, Mo, Mn, and ferrochrome in a vacuum; (2) bleeding nitrogen into the fur-1ce; and (3) introducing Mn4N or CrN, wrapped in iron foil, into the melt, as needed. After casting, only solid sections of the ingots were taken to prepare test specimens. The sections were first soaked for 30 minutes and hot rolled. The temperatures were 1205 C and 1095 C, depending upon hot ductility of the heats. The hot rolled specimens were pickled in a solution containing 10% HNO3 and 2% HF at 65 C to remove the hot working scale, cold rolled to 2 mm, annealed at 1065 C for 5 minutes, water quenched, and pickled again in the same HNO3-HF solution at 65 C. A small section was cut from each heat and used for chemical a-1lysis.",-1,"Some compositions were provided with ""~"" and ""<"" signs in the paper",1
67.40,18.80,6.47,1.02,0.00,0.32,0.00,0.03,0.57,5.39,0.00,0.00,0.00,0.00,0.00,0.00,0.00,0.00,0.00,0.00,0.00,0.00,0.00,0.00,405.00,30,7.00,1.0000,"Polarization test, strips of 1.25 cm x 1.25 cm of the experimental alloys, as well as the commercial alloys, were subjected to anodic polarization in dearated 1 N -1CI solution at 30 C. A Type 308 rod was welded to one side of each specimen and covered with rubber tubing, except the tip for electrical connection to a potentiostat. The specimens were then mounted in epoxy, ground to 600 grit, and rinsed with distilled water. The specimen/mount interface was covered with a thin film of lacquer, and approximately 1 cm 2 of the specimen was exposed. They were then kept in a desiccator until testing. The testing procedure consisted of: (1) introduction of the solution to a one liter polarization cell; (2) setting the temperature of the solution; (3) deoxyge-1ting the solution with prepurified nitrogen at the rate of 90 ml/min starting 30 minutes before immersion of the specimen; (4) cleaning the specimen with distilled water just prior to transferring to the cel]; and (5) anodic polarization 50 minutes after the immersion at a scanning rate of 20 mV/min, using a PAR Model 173 potentiostat and ELSCINT Model ABA-26 Automatic Baseline Advance.",0.33,"The stainless steels evaluated in this study were prepared from commercially pure grades of Fe, Ni, ferrochrome, Mn, Mo, Si, manganese or chromium nitride, and chromium carbide. Melting was done in a vacuum induction fur-1ce.The melting procedure consisted of: (1) melting Fe, Ni, Mo, Mn, and ferrochrome in a vacuum; (2) bleeding nitrogen into the fur-1ce; and (3) introducing Mn4N or CrN, wrapped in iron foil, into the melt, as needed. After casting, only solid sections of the ingots were taken to prepare test specimens. The sections were first soaked for 30 minutes and hot rolled. The temperatures were 1205 C and 1095 C, depending upon hot ductility of the heats. The hot rolled specimens were pickled in a solution containing 10% HNO3 and 2% HF at 65 C to remove the hot working scale, cold rolled to 2 mm, annealed at 1065 C for 5 minutes, water quenched, and pickled again in the same HNO3-HF solution at 65 C. A small section was cut from each heat and used for chemical a-1lysis.",-1,"Some compositions were provided with ""~"" and ""<"" signs in the paper",1
67.69,18.80,6.18,2.13,0.00,0.27,0.00,0.03,0.62,4.28,0.00,0.00,0.00,0.00,0.00,0.00,0.00,0.00,0.00,0.00,0.00,0.00,0.00,0.00,404.00,30,7.00,1.0000,"Polarization test, strips of 1.25 cm x 1.25 cm of the experimental alloys, as well as the commercial alloys, were subjected to anodic polarization in dearated 1 N -1CI solution at 30 C. A Type 308 rod was welded to one side of each specimen and covered with rubber tubing, except the tip for electrical connection to a potentiostat. The specimens were then mounted in epoxy, ground to 600 grit, and rinsed with distilled water. The specimen/mount interface was covered with a thin film of lacquer, and approximately 1 cm 2 of the specimen was exposed. They were then kept in a desiccator until testing. The testing procedure consisted of: (1) introduction of the solution to a one liter polarization cell; (2) setting the temperature of the solution; (3) deoxyge-1ting the solution with prepurified nitrogen at the rate of 90 ml/min starting 30 minutes before immersion of the specimen; (4) cleaning the specimen with distilled water just prior to transferring to the cel]; and (5) anodic polarization 50 minutes after the immersion at a scanning rate of 20 mV/min, using a PAR Model 173 potentiostat and ELSCINT Model ABA-26 Automatic Baseline Advance.",0.33,"The stainless steels evaluated in this study were prepared from commercially pure grades of Fe, Ni, ferrochrome, Mn, Mo, Si, manganese or chromium nitride, and chromium carbide. Melting was done in a vacuum induction fur-1ce.The melting procedure consisted of: (1) melting Fe, Ni, Mo, Mn, and ferrochrome in a vacuum; (2) bleeding nitrogen into the fur-1ce; and (3) introducing Mn4N or CrN, wrapped in iron foil, into the melt, as needed. After casting, only solid sections of the ingots were taken to prepare test specimens. The sections were first soaked for 30 minutes and hot rolled. The temperatures were 1205 C and 1095 C, depending upon hot ductility of the heats. The hot rolled specimens were pickled in a solution containing 10% HNO3 and 2% HF at 65 C to remove the hot working scale, cold rolled to 2 mm, annealed at 1065 C for 5 minutes, water quenched, and pickled again in the same HNO3-HF solution at 65 C. A small section was cut from each heat and used for chemical a-1lysis.",-1,"Some compositions were provided with ""~"" and ""<"" signs in the paper",1
59.29,18.80,15.83,2.01,0.00,0.04,0.00,0.03,0.50,3.50,0.00,0.00,0.00,0.00,0.00,0.00,0.00,0.00,0.00,0.00,0.00,0.00,0.00,0.00,105.00,30,7.00,1.0000,"Polarization test, strips of 1.25 cm x 1.25 cm of the experimental alloys, as well as the commercial alloys, were subjected to anodic polarization in dearated 1 N -1CI solution at 30 C. A Type 308 rod was welded to one side of each specimen and covered with rubber tubing, except the tip for electrical connection to a potentiostat. The specimens were then mounted in epoxy, ground to 600 grit, and rinsed with distilled water. The specimen/mount interface was covered with a thin film of lacquer, and approximately 1 cm 2 of the specimen was exposed. They were then kept in a desiccator until testing. The testing procedure consisted of: (1) introduction of the solution to a one liter polarization cell; (2) setting the temperature of the solution; (3) deoxyge-1ting the solution with prepurified nitrogen at the rate of 90 ml/min starting 30 minutes before immersion of the specimen; (4) cleaning the specimen with distilled water just prior to transferring to the cel]; and (5) anodic polarization 50 minutes after the immersion at a scanning rate of 20 mV/min, using a PAR Model 173 potentiostat and ELSCINT Model ABA-26 Automatic Baseline Advance.",0.33,"The stainless steels evaluated in this study were prepared from commercially pure grades of Fe, Ni, ferrochrome, Mn, Mo, Si, manganese or chromium nitride, and chromium carbide. Melting was done in a vacuum induction fur-1ce.The melting procedure consisted of: (1) melting Fe, Ni, Mo, Mn, and ferrochrome in a vacuum; (2) bleeding nitrogen into the fur-1ce; and (3) introducing Mn4N or CrN, wrapped in iron foil, into the melt, as needed. After casting, only solid sections of the ingots were taken to prepare test specimens. The sections were first soaked for 30 minutes and hot rolled. The temperatures were 1205 C and 1095 C, depending upon hot ductility of the heats. The hot rolled specimens were pickled in a solution containing 10% HNO3 and 2% HF at 65 C to remove the hot working scale, cold rolled to 2 mm, annealed at 1065 C for 5 minutes, water quenched, and pickled again in the same HNO3-HF solution at 65 C. A small section was cut from each heat and used for chemical a-1lysis.",-1,"Some compositions were provided with ""~"" and ""<"" signs in the paper",1
58.55,18.80,14.53,4.02,0.00,0.04,0.00,0.03,0.33,3.70,0.00,0.00,0.00,0.00,0.00,0.00,0.00,0.00,0.00,0.00,0.00,0.00,0.00,0.00,112.00,30,7.00,1.0000,"Polarization test, strips of 1.25 cm x 1.25 cm of the experimental alloys, as well as the commercial alloys, were subjected to anodic polarization in dearated 1 N -1CI solution at 30 C. A Type 308 rod was welded to one side of each specimen and covered with rubber tubing, except the tip for electrical connection to a potentiostat. The specimens were then mounted in epoxy, ground to 600 grit, and rinsed with distilled water. The specimen/mount interface was covered with a thin film of lacquer, and approximately 1 cm 2 of the specimen was exposed. They were then kept in a desiccator until testing. The testing procedure consisted of: (1) introduction of the solution to a one liter polarization cell; (2) setting the temperature of the solution; (3) deoxyge-1ting the solution with prepurified nitrogen at the rate of 90 ml/min starting 30 minutes before immersion of the specimen; (4) cleaning the specimen with distilled water just prior to transferring to the cel]; and (5) anodic polarization 50 minutes after the immersion at a scanning rate of 20 mV/min, using a PAR Model 173 potentiostat and ELSCINT Model ABA-26 Automatic Baseline Advance.",0.33,"The stainless steels evaluated in this study were prepared from commercially pure grades of Fe, Ni, ferrochrome, Mn, Mo, Si, manganese or chromium nitride, and chromium carbide. Melting was done in a vacuum induction fur-1ce.The melting procedure consisted of: (1) melting Fe, Ni, Mo, Mn, and ferrochrome in a vacuum; (2) bleeding nitrogen into the fur-1ce; and (3) introducing Mn4N or CrN, wrapped in iron foil, into the melt, as needed. After casting, only solid sections of the ingots were taken to prepare test specimens. The sections were first soaked for 30 minutes and hot rolled. The temperatures were 1205 C and 1095 C, depending upon hot ductility of the heats. The hot rolled specimens were pickled in a solution containing 10% HNO3 and 2% HF at 65 C to remove the hot working scale, cold rolled to 2 mm, annealed at 1065 C for 5 minutes, water quenched, and pickled again in the same HNO3-HF solution at 65 C. A small section was cut from each heat and used for chemical a-1lysis.",-1,"Some compositions were provided with ""~"" and ""<"" signs in the paper",1
48.26,18.80,26.42,2.51,0.00,0.06,0.00,0.03,0.77,3.15,0.00,0.00,0.00,0.00,0.00,0.00,0.00,0.00,0.00,0.00,0.00,0.00,0.00,0.00,198.00,30,7.00,1.0000,"Polarization test, strips of 1.25 cm x 1.25 cm of the experimental alloys, as well as the commercial alloys, were subjected to anodic polarization in dearated 1 N -1CI solution at 30 C. A Type 308 rod was welded to one side of each specimen and covered with rubber tubing, except the tip for electrical connection to a potentiostat. The specimens were then mounted in epoxy, ground to 600 grit, and rinsed with distilled water. The specimen/mount interface was covered with a thin film of lacquer, and approximately 1 cm 2 of the specimen was exposed. They were then kept in a desiccator until testing. The testing procedure consisted of: (1) introduction of the solution to a one liter polarization cell; (2) setting the temperature of the solution; (3) deoxyge-1ting the solution with prepurified nitrogen at the rate of 90 ml/min starting 30 minutes before immersion of the specimen; (4) cleaning the specimen with distilled water just prior to transferring to the cel]; and (5) anodic polarization 50 minutes after the immersion at a scanning rate of 20 mV/min, using a PAR Model 173 potentiostat and ELSCINT Model ABA-26 Automatic Baseline Advance.",0.33,"The stainless steels evaluated in this study were prepared from commercially pure grades of Fe, Ni, ferrochrome, Mn, Mo, Si, manganese or chromium nitride, and chromium carbide. Melting was done in a vacuum induction fur-1ce.The melting procedure consisted of: (1) melting Fe, Ni, Mo, Mn, and ferrochrome in a vacuum; (2) bleeding nitrogen into the fur-1ce; and (3) introducing Mn4N or CrN, wrapped in iron foil, into the melt, as needed. After casting, only solid sections of the ingots were taken to prepare test specimens. The sections were first soaked for 30 minutes and hot rolled. The temperatures were 1205 C and 1095 C, depending upon hot ductility of the heats. The hot rolled specimens were pickled in a solution containing 10% HNO3 and 2% HF at 65 C to remove the hot working scale, cold rolled to 2 mm, annealed at 1065 C for 5 minutes, water quenched, and pickled again in the same HNO3-HF solution at 65 C. A small section was cut from each heat and used for chemical a-1lysis.",-1,"Some compositions were provided with ""~"" and ""<"" signs in the paper",1
57.92,17.80,6.00,2.10,0.00,0.27,0.00,0.01,0.30,15.60,0.00,0.00,0.00,0.00,0.00,0.00,0.00,0.00,0.00,0.00,0.00,0.00,0.00,0.00,163.00,30,7.00,1.0000,"Polarization test, strips of 1.25 cm x 1.25 cm of the experimental alloys, as well as the commercial alloys, were subjected to anodic polarization in dearated 1 N -1CI solution at 30 C. A Type 308 rod was welded to one side of each specimen and covered with rubber tubing, except the tip for electrical connection to a potentiostat. The specimens were then mounted in epoxy, ground to 600 grit, and rinsed with distilled water. The specimen/mount interface was covered with a thin film of lacquer, and approximately 1 cm 2 of the specimen was exposed. They were then kept in a desiccator until testing. The testing procedure consisted of: (1) introduction of the solution to a one liter polarization cell; (2) setting the temperature of the solution; (3) deoxyge-1ting the solution with prepurified nitrogen at the rate of 90 ml/min starting 30 minutes before immersion of the specimen; (4) cleaning the specimen with distilled water just prior to transferring to the cel]; and (5) anodic polarization 50 minutes after the immersion at a scanning rate of 20 mV/min, using a PAR Model 173 potentiostat and ELSCINT Model ABA-26 Automatic Baseline Advance.",0.33,"The stainless steels evaluated in this study were prepared from commercially pure grades of Fe, Ni, ferrochrome, Mn, Mo, Si, manganese or chromium nitride, and chromium carbide. Melting was done in a vacuum induction fur-1ce.The melting procedure consisted of: (1) melting Fe, Ni, Mo, Mn, and ferrochrome in a vacuum; (2) bleeding nitrogen into the fur-1ce; and (3) introducing Mn4N or CrN, wrapped in iron foil, into the melt, as needed. After casting, only solid sections of the ingots were taken to prepare test specimens. The sections were first soaked for 30 minutes and hot rolled. The temperatures were 1205 C and 1095 C, depending upon hot ductility of the heats. The hot rolled specimens were pickled in a solution containing 10% HNO3 and 2% HF at 65 C to remove the hot working scale, cold rolled to 2 mm, annealed at 1065 C for 5 minutes, water quenched, and pickled again in the same HNO3-HF solution at 65 C. A small section was cut from each heat and used for chemical a-1lysis.",-1,"Some compositions were provided with ""~"" and ""<"" signs in the paper",1
58.80,18.58,15.78,3.84,0.00,0.31,0.00,0.01,0.30,2.38,0.00,0.00,0.00,0.00,0.00,0.00,0.00,0.00,0.00,0.00,0.00,0.00,0.00,0.00,398.00,30,7.00,1.0000,"Polarization test, strips of 1.25 cm x 1.25 cm of the experimental alloys, as well as the commercial alloys, were subjected to anodic polarization in dearated 1 N -1CI solution at 30 C. A Type 308 rod was welded to one side of each specimen and covered with rubber tubing, except the tip for electrical connection to a potentiostat. The specimens were then mounted in epoxy, ground to 600 grit, and rinsed with distilled water. The specimen/mount interface was covered with a thin film of lacquer, and approximately 1 cm 2 of the specimen was exposed. They were then kept in a desiccator until testing. The testing procedure consisted of: (1) introduction of the solution to a one liter polarization cell; (2) setting the temperature of the solution; (3) deoxyge-1ting the solution with prepurified nitrogen at the rate of 90 ml/min starting 30 minutes before immersion of the specimen; (4) cleaning the specimen with distilled water just prior to transferring to the cel]; and (5) anodic polarization 50 minutes after the immersion at a scanning rate of 20 mV/min, using a PAR Model 173 potentiostat and ELSCINT Model ABA-26 Automatic Baseline Advance.",0.33,"The stainless steels evaluated in this study were prepared from commercially pure grades of Fe, Ni, ferrochrome, Mn, Mo, Si, manganese or chromium nitride, and chromium carbide. Melting was done in a vacuum induction fur-1ce.The melting procedure consisted of: (1) melting Fe, Ni, Mo, Mn, and ferrochrome in a vacuum; (2) bleeding nitrogen into the fur-1ce; and (3) introducing Mn4N or CrN, wrapped in iron foil, into the melt, as needed. After casting, only solid sections of the ingots were taken to prepare test specimens. The sections were first soaked for 30 minutes and hot rolled. The temperatures were 1205 C and 1095 C, depending upon hot ductility of the heats. The hot rolled specimens were pickled in a solution containing 10% HNO3 and 2% HF at 65 C to remove the hot working scale, cold rolled to 2 mm, annealed at 1065 C for 5 minutes, water quenched, and pickled again in the same HNO3-HF solution at 65 C. A small section was cut from each heat and used for chemical a-1lysis.",-1,"Some compositions were provided with ""~"" and ""<"" signs in the paper",1
52.37,18.07,14.90,2.16,0.00,0.24,0.00,0.02,0.23,12.02,0.00,0.00,0.00,0.00,0.00,0.00,0.00,0.00,0.00,0.00,0.00,0.00,0.00,0.00,16.00,30,7.00,1.0000,"Polarization test, strips of 1.25 cm x 1.25 cm of the experimental alloys, as well as the commercial alloys, were subjected to anodic polarization in dearated 1 N -1CI solution at 30 C. A Type 308 rod was welded to one side of each specimen and covered with rubber tubing, except the tip for electrical connection to a potentiostat. The specimens were then mounted in epoxy, ground to 600 grit, and rinsed with distilled water. The specimen/mount interface was covered with a thin film of lacquer, and approximately 1 cm 2 of the specimen was exposed. They were then kept in a desiccator until testing. The testing procedure consisted of: (1) introduction of the solution to a one liter polarization cell; (2) setting the temperature of the solution; (3) deoxyge-1ting the solution with prepurified nitrogen at the rate of 90 ml/min starting 30 minutes before immersion of the specimen; (4) cleaning the specimen with distilled water just prior to transferring to the cel]; and (5) anodic polarization 50 minutes after the immersion at a scanning rate of 20 mV/min, using a PAR Model 173 potentiostat and ELSCINT Model ABA-26 Automatic Baseline Advance.",0.33,"The stainless steels evaluated in this study were prepared from commercially pure grades of Fe, Ni, ferrochrome, Mn, Mo, Si, manganese or chromium nitride, and chromium carbide. Melting was done in a vacuum induction fur-1ce.The melting procedure consisted of: (1) melting Fe, Ni, Mo, Mn, and ferrochrome in a vacuum; (2) bleeding nitrogen into the fur-1ce; and (3) introducing Mn4N or CrN, wrapped in iron foil, into the melt, as needed. After casting, only solid sections of the ingots were taken to prepare test specimens. The sections were first soaked for 30 minutes and hot rolled. The temperatures were 1205 C and 1095 C, depending upon hot ductility of the heats. The hot rolled specimens were pickled in a solution containing 10% HNO3 and 2% HF at 65 C to remove the hot working scale, cold rolled to 2 mm, annealed at 1065 C for 5 minutes, water quenched, and pickled again in the same HNO3-HF solution at 65 C. A small section was cut from each heat and used for chemical a-1lysis.",-1,"Some compositions were provided with ""~"" and ""<"" signs in the paper",1
55.62,18.60,15.03,1.48,0.00,0.24,0.00,0.02,0.27,8.74,0.00,0.00,0.00,0.00,0.00,0.00,0.00,0.00,0.00,0.00,0.00,0.00,0.00,0.00,249.00,30,7.00,1.0000,"Polarization test, strips of 1.25 cm x 1.25 cm of the experimental alloys, as well as the commercial alloys, were subjected to anodic polarization in dearated 1 N -1CI solution at 30 C. A Type 308 rod was welded to one side of each specimen and covered with rubber tubing, except the tip for electrical connection to a potentiostat. The specimens were then mounted in epoxy, ground to 600 grit, and rinsed with distilled water. The specimen/mount interface was covered with a thin film of lacquer, and approximately 1 cm 2 of the specimen was exposed. They were then kept in a desiccator until testing. The testing procedure consisted of: (1) introduction of the solution to a one liter polarization cell; (2) setting the temperature of the solution; (3) deoxyge-1ting the solution with prepurified nitrogen at the rate of 90 ml/min starting 30 minutes before immersion of the specimen; (4) cleaning the specimen with distilled water just prior to transferring to the cel]; and (5) anodic polarization 50 minutes after the immersion at a scanning rate of 20 mV/min, using a PAR Model 173 potentiostat and ELSCINT Model ABA-26 Automatic Baseline Advance.",0.33,"The stainless steels evaluated in this study were prepared from commercially pure grades of Fe, Ni, ferrochrome, Mn, Mo, Si, manganese or chromium nitride, and chromium carbide. Melting was done in a vacuum induction fur-1ce.The melting procedure consisted of: (1) melting Fe, Ni, Mo, Mn, and ferrochrome in a vacuum; (2) bleeding nitrogen into the fur-1ce; and (3) introducing Mn4N or CrN, wrapped in iron foil, into the melt, as needed. After casting, only solid sections of the ingots were taken to prepare test specimens. The sections were first soaked for 30 minutes and hot rolled. The temperatures were 1205 C and 1095 C, depending upon hot ductility of the heats. The hot rolled specimens were pickled in a solution containing 10% HNO3 and 2% HF at 65 C to remove the hot working scale, cold rolled to 2 mm, annealed at 1065 C for 5 minutes, water quenched, and pickled again in the same HNO3-HF solution at 65 C. A small section was cut from each heat and used for chemical a-1lysis.",-1,"Some compositions were provided with ""~"" and ""<"" signs in the paper",1
54.63,18.41,15.08,3.72,0.00,0.37,0.00,0.03,0.24,7.52,0.00,0.00,0.00,0.00,0.00,0.00,0.00,0.00,0.00,0.00,0.00,0.00,0.00,0.00,605.00,30,7.00,1.0000,"Polarization test, strips of 1.25 cm x 1.25 cm of the experimental alloys, as well as the commercial alloys, were subjected to anodic polarization in dearated 1 N -1CI solution at 30 C. A Type 308 rod was welded to one side of each specimen and covered with rubber tubing, except the tip for electrical connection to a potentiostat. The specimens were then mounted in epoxy, ground to 600 grit, and rinsed with distilled water. The specimen/mount interface was covered with a thin film of lacquer, and approximately 1 cm 2 of the specimen was exposed. They were then kept in a desiccator until testing. The testing procedure consisted of: (1) introduction of the solution to a one liter polarization cell; (2) setting the temperature of the solution; (3) deoxyge-1ting the solution with prepurified nitrogen at the rate of 90 ml/min starting 30 minutes before immersion of the specimen; (4) cleaning the specimen with distilled water just prior to transferring to the cel]; and (5) anodic polarization 50 minutes after the immersion at a scanning rate of 20 mV/min, using a PAR Model 173 potentiostat and ELSCINT Model ABA-26 Automatic Baseline Advance.",0.33,"The stainless steels evaluated in this study were prepared from commercially pure grades of Fe, Ni, ferrochrome, Mn, Mo, Si, manganese or chromium nitride, and chromium carbide. Melting was done in a vacuum induction fur-1ce.The melting procedure consisted of: (1) melting Fe, Ni, Mo, Mn, and ferrochrome in a vacuum; (2) bleeding nitrogen into the fur-1ce; and (3) introducing Mn4N or CrN, wrapped in iron foil, into the melt, as needed. After casting, only solid sections of the ingots were taken to prepare test specimens. The sections were first soaked for 30 minutes and hot rolled. The temperatures were 1205 C and 1095 C, depending upon hot ductility of the heats. The hot rolled specimens were pickled in a solution containing 10% HNO3 and 2% HF at 65 C to remove the hot working scale, cold rolled to 2 mm, annealed at 1065 C for 5 minutes, water quenched, and pickled again in the same HNO3-HF solution at 65 C. A small section was cut from each heat and used for chemical a-1lysis.",-1,"Some compositions were provided with ""~"" and ""<"" signs in the paper",1
45.68,18.75,24.68,5.72,0.00,0.06,0.00,0.01,0.44,4.66,0.00,0.00,0.00,0.00,0.00,0.00,0.00,0.00,0.00,0.00,0.00,0.00,0.00,0.00,456.00,30,7.00,1.0000,"Polarization test, strips of 1.25 cm x 1.25 cm of the experimental alloys, as well as the commercial alloys, were subjected to anodic polarization in dearated 1 N -1CI solution at 30 C. A Type 308 rod was welded to one side of each specimen and covered with rubber tubing, except the tip for electrical connection to a potentiostat. The specimens were then mounted in epoxy, ground to 600 grit, and rinsed with distilled water. The specimen/mount interface was covered with a thin film of lacquer, and approximately 1 cm 2 of the specimen was exposed. They were then kept in a desiccator until testing. The testing procedure consisted of: (1) introduction of the solution to a one liter polarization cell; (2) setting the temperature of the solution; (3) deoxyge-1ting the solution with prepurified nitrogen at the rate of 90 ml/min starting 30 minutes before immersion of the specimen; (4) cleaning the specimen with distilled water just prior to transferring to the cel]; and (5) anodic polarization 50 minutes after the immersion at a scanning rate of 20 mV/min, using a PAR Model 173 potentiostat and ELSCINT Model ABA-26 Automatic Baseline Advance.",0.33,"The stainless steels evaluated in this study were prepared from commercially pure grades of Fe, Ni, ferrochrome, Mn, Mo, Si, manganese or chromium nitride, and chromium carbide. Melting was done in a vacuum induction fur-1ce.The melting procedure consisted of: (1) melting Fe, Ni, Mo, Mn, and ferrochrome in a vacuum; (2) bleeding nitrogen into the fur-1ce; and (3) introducing Mn4N or CrN, wrapped in iron foil, into the melt, as needed. After casting, only solid sections of the ingots were taken to prepare test specimens. The sections were first soaked for 30 minutes and hot rolled. The temperatures were 1205 C and 1095 C, depending upon hot ductility of the heats. The hot rolled specimens were pickled in a solution containing 10% HNO3 and 2% HF at 65 C to remove the hot working scale, cold rolled to 2 mm, annealed at 1065 C for 5 minutes, water quenched, and pickled again in the same HNO3-HF solution at 65 C. A small section was cut from each heat and used for chemical a-1lysis.",-1,"Some compositions were provided with ""~"" and ""<"" signs in the paper",1
47.47,18.71,14.67,1.85,0.00,0.30,0.00,0.02,0.33,16.65,0.00,0.00,0.00,0.00,0.00,0.00,0.00,0.00,0.00,0.00,0.00,0.00,0.00,0.00,2.00,30,7.00,1.0000,"Polarization test, strips of 1.25 cm x 1.25 cm of the experimental alloys, as well as the commercial alloys, were subjected to anodic polarization in dearated 1 N -1CI solution at 30 C. A Type 308 rod was welded to one side of each specimen and covered with rubber tubing, except the tip for electrical connection to a potentiostat. The specimens were then mounted in epoxy, ground to 600 grit, and rinsed with distilled water. The specimen/mount interface was covered with a thin film of lacquer, and approximately 1 cm 2 of the specimen was exposed. They were then kept in a desiccator until testing. The testing procedure consisted of: (1) introduction of the solution to a one liter polarization cell; (2) setting the temperature of the solution; (3) deoxyge-1ting the solution with prepurified nitrogen at the rate of 90 ml/min starting 30 minutes before immersion of the specimen; (4) cleaning the specimen with distilled water just prior to transferring to the cel]; and (5) anodic polarization 50 minutes after the immersion at a scanning rate of 20 mV/min, using a PAR Model 173 potentiostat and ELSCINT Model ABA-26 Automatic Baseline Advance.",0.33,"The stainless steels evaluated in this study were prepared from commercially pure grades of Fe, Ni, ferrochrome, Mn, Mo, Si, manganese or chromium nitride, and chromium carbide. Melting was done in a vacuum induction fur-1ce.The melting procedure consisted of: (1) melting Fe, Ni, Mo, Mn, and ferrochrome in a vacuum; (2) bleeding nitrogen into the fur-1ce; and (3) introducing Mn4N or CrN, wrapped in iron foil, into the melt, as needed. After casting, only solid sections of the ingots were taken to prepare test specimens. The sections were first soaked for 30 minutes and hot rolled. The temperatures were 1205 C and 1095 C, depending upon hot ductility of the heats. The hot rolled specimens were pickled in a solution containing 10% HNO3 and 2% HF at 65 C to remove the hot working scale, cold rolled to 2 mm, annealed at 1065 C for 5 minutes, water quenched, and pickled again in the same HNO3-HF solution at 65 C. A small section was cut from each heat and used for chemical a-1lysis.",-1,"Some compositions were provided with ""~"" and ""<"" signs in the paper",1
47.27,18.02,15.92,3.56,0.00,0.31,0.00,0.02,0.44,14.46,0.00,0.00,0.00,0.00,0.00,0.00,0.00,0.00,0.00,0.00,0.00,0.00,0.00,0.00,-32.00,30,7.00,1.0000,"Polarization test, strips of 1.25 cm x 1.25 cm of the experimental alloys, as well as the commercial alloys, were subjected to anodic polarization in dearated 1 N -1CI solution at 30 C. A Type 308 rod was welded to one side of each specimen and covered with rubber tubing, except the tip for electrical connection to a potentiostat. The specimens were then mounted in epoxy, ground to 600 grit, and rinsed with distilled water. The specimen/mount interface was covered with a thin film of lacquer, and approximately 1 cm 2 of the specimen was exposed. They were then kept in a desiccator until testing. The testing procedure consisted of: (1) introduction of the solution to a one liter polarization cell; (2) setting the temperature of the solution; (3) deoxyge-1ting the solution with prepurified nitrogen at the rate of 90 ml/min starting 30 minutes before immersion of the specimen; (4) cleaning the specimen with distilled water just prior to transferring to the cel]; and (5) anodic polarization 50 minutes after the immersion at a scanning rate of 20 mV/min, using a PAR Model 173 potentiostat and ELSCINT Model ABA-26 Automatic Baseline Advance.",0.33,"The stainless steels evaluated in this study were prepared from commercially pure grades of Fe, Ni, ferrochrome, Mn, Mo, Si, manganese or chromium nitride, and chromium carbide. Melting was done in a vacuum induction fur-1ce.The melting procedure consisted of: (1) melting Fe, Ni, Mo, Mn, and ferrochrome in a vacuum; (2) bleeding nitrogen into the fur-1ce; and (3) introducing Mn4N or CrN, wrapped in iron foil, into the melt, as needed. After casting, only solid sections of the ingots were taken to prepare test specimens. The sections were first soaked for 30 minutes and hot rolled. The temperatures were 1205 C and 1095 C, depending upon hot ductility of the heats. The hot rolled specimens were pickled in a solution containing 10% HNO3 and 2% HF at 65 C to remove the hot working scale, cold rolled to 2 mm, annealed at 1065 C for 5 minutes, water quenched, and pickled again in the same HNO3-HF solution at 65 C. A small section was cut from each heat and used for chemical a-1lysis.",-1,"Some compositions were provided with ""~"" and ""<"" signs in the paper",1
42.92,18.19,24.46,2.18,0.00,0.25,0.00,0.02,0.32,11.66,0.00,0.00,0.00,0.00,0.00,0.00,0.00,0.00,0.00,0.00,0.00,0.00,0.00,0.00,52.00,30,7.00,1.0000,"Polarization test, strips of 1.25 cm x 1.25 cm of the experimental alloys, as well as the commercial alloys, were subjected to anodic polarization in dearated 1 N -1CI solution at 30 C. A Type 308 rod was welded to one side of each specimen and covered with rubber tubing, except the tip for electrical connection to a potentiostat. The specimens were then mounted in epoxy, ground to 600 grit, and rinsed with distilled water. The specimen/mount interface was covered with a thin film of lacquer, and approximately 1 cm 2 of the specimen was exposed. They were then kept in a desiccator until testing. The testing procedure consisted of: (1) introduction of the solution to a one liter polarization cell; (2) setting the temperature of the solution; (3) deoxyge-1ting the solution with prepurified nitrogen at the rate of 90 ml/min starting 30 minutes before immersion of the specimen; (4) cleaning the specimen with distilled water just prior to transferring to the cel]; and (5) anodic polarization 50 minutes after the immersion at a scanning rate of 20 mV/min, using a PAR Model 173 potentiostat and ELSCINT Model ABA-26 Automatic Baseline Advance.",0.33,"The stainless steels evaluated in this study were prepared from commercially pure grades of Fe, Ni, ferrochrome, Mn, Mo, Si, manganese or chromium nitride, and chromium carbide. Melting was done in a vacuum induction fur-1ce.The melting procedure consisted of: (1) melting Fe, Ni, Mo, Mn, and ferrochrome in a vacuum; (2) bleeding nitrogen into the fur-1ce; and (3) introducing Mn4N or CrN, wrapped in iron foil, into the melt, as needed. After casting, only solid sections of the ingots were taken to prepare test specimens. The sections were first soaked for 30 minutes and hot rolled. The temperatures were 1205 C and 1095 C, depending upon hot ductility of the heats. The hot rolled specimens were pickled in a solution containing 10% HNO3 and 2% HF at 65 C to remove the hot working scale, cold rolled to 2 mm, annealed at 1065 C for 5 minutes, water quenched, and pickled again in the same HNO3-HF solution at 65 C. A small section was cut from each heat and used for chemical a-1lysis.",-1,"Some compositions were provided with ""~"" and ""<"" signs in the paper",1
30.55,18.80,25.21,2.30,0.00,0.35,0.00,0.02,0.31,22.46,0.00,0.00,0.00,0.00,0.00,0.00,0.00,0.00,0.00,0.00,0.00,0.00,0.00,0.00,74.00,30,7.00,1.0000,"Polarization test, strips of 1.25 cm x 1.25 cm of the experimental alloys, as well as the commercial alloys, were subjected to anodic polarization in dearated 1 N -1CI solution at 30 C. A Type 308 rod was welded to one side of each specimen and covered with rubber tubing, except the tip for electrical connection to a potentiostat. The specimens were then mounted in epoxy, ground to 600 grit, and rinsed with distilled water. The specimen/mount interface was covered with a thin film of lacquer, and approximately 1 cm 2 of the specimen was exposed. They were then kept in a desiccator until testing. The testing procedure consisted of: (1) introduction of the solution to a one liter polarization cell; (2) setting the temperature of the solution; (3) deoxyge-1ting the solution with prepurified nitrogen at the rate of 90 ml/min starting 30 minutes before immersion of the specimen; (4) cleaning the specimen with distilled water just prior to transferring to the cel]; and (5) anodic polarization 50 minutes after the immersion at a scanning rate of 20 mV/min, using a PAR Model 173 potentiostat and ELSCINT Model ABA-26 Automatic Baseline Advance.",0.33,"The stainless steels evaluated in this study were prepared from commercially pure grades of Fe, Ni, ferrochrome, Mn, Mo, Si, manganese or chromium nitride, and chromium carbide. Melting was done in a vacuum induction fur-1ce.The melting procedure consisted of: (1) melting Fe, Ni, Mo, Mn, and ferrochrome in a vacuum; (2) bleeding nitrogen into the fur-1ce; and (3) introducing Mn4N or CrN, wrapped in iron foil, into the melt, as needed. After casting, only solid sections of the ingots were taken to prepare test specimens. The sections were first soaked for 30 minutes and hot rolled. The temperatures were 1205 C and 1095 C, depending upon hot ductility of the heats. The hot rolled specimens were pickled in a solution containing 10% HNO3 and 2% HF at 65 C to remove the hot working scale, cold rolled to 2 mm, annealed at 1065 C for 5 minutes, water quenched, and pickled again in the same HNO3-HF solution at 65 C. A small section was cut from each heat and used for chemical a-1lysis.",-1,"Some compositions were provided with ""~"" and ""<"" signs in the paper",1
26.65,19.23,26.13,6.75,0.00,0.34,0.00,0.02,0.48,20.40,0.00,0.00,0.00,0.00,0.00,0.00,0.00,0.00,0.00,0.00,0.00,0.00,0.00,0.00,165.00,30,7.00,1.0000,"Polarization test, strips of 1.25 cm x 1.25 cm of the experimental alloys, as well as the commercial alloys, were subjected to anodic polarization in dearated 1 N -1CI solution at 30 C. A Type 308 rod was welded to one side of each specimen and covered with rubber tubing, except the tip for electrical connection to a potentiostat. The specimens were then mounted in epoxy, ground to 600 grit, and rinsed with distilled water. The specimen/mount interface was covered with a thin film of lacquer, and approximately 1 cm 2 of the specimen was exposed. They were then kept in a desiccator until testing. The testing procedure consisted of: (1) introduction of the solution to a one liter polarization cell; (2) setting the temperature of the solution; (3) deoxyge-1ting the solution with prepurified nitrogen at the rate of 90 ml/min starting 30 minutes before immersion of the specimen; (4) cleaning the specimen with distilled water just prior to transferring to the cel]; and (5) anodic polarization 50 minutes after the immersion at a scanning rate of 20 mV/min, using a PAR Model 173 potentiostat and ELSCINT Model ABA-26 Automatic Baseline Advance.",0.33,"The stainless steels evaluated in this study were prepared from commercially pure grades of Fe, Ni, ferrochrome, Mn, Mo, Si, manganese or chromium nitride, and chromium carbide. Melting was done in a vacuum induction fur-1ce.The melting procedure consisted of: (1) melting Fe, Ni, Mo, Mn, and ferrochrome in a vacuum; (2) bleeding nitrogen into the fur-1ce; and (3) introducing Mn4N or CrN, wrapped in iron foil, into the melt, as needed. After casting, only solid sections of the ingots were taken to prepare test specimens. The sections were first soaked for 30 minutes and hot rolled. The temperatures were 1205 C and 1095 C, depending upon hot ductility of the heats. The hot rolled specimens were pickled in a solution containing 10% HNO3 and 2% HF at 65 C to remove the hot working scale, cold rolled to 2 mm, annealed at 1065 C for 5 minutes, water quenched, and pickled again in the same HNO3-HF solution at 65 C. A small section was cut from each heat and used for chemical a-1lysis.",-1,"Some compositions were provided with ""~"" and ""<"" signs in the paper",1
25.58,18.32,26.65,6.42,0.00,0.40,0.00,0.02,0.62,21.99,0.00,0.00,0.00,0.00,0.00,0.00,0.00,0.00,0.00,0.00,0.00,0.00,0.00,0.00,-8.00,30,7.00,1.0000,"Polarization test, strips of 1.25 cm x 1.25 cm of the experimental alloys, as well as the commercial alloys, were subjected to anodic polarization in dearated 1 N -1CI solution at 30 C. A Type 308 rod was welded to one side of each specimen and covered with rubber tubing, except the tip for electrical connection to a potentiostat. The specimens were then mounted in epoxy, ground to 600 grit, and rinsed with distilled water. The specimen/mount interface was covered with a thin film of lacquer, and approximately 1 cm 2 of the specimen was exposed. They were then kept in a desiccator until testing. The testing procedure consisted of: (1) introduction of the solution to a one liter polarization cell; (2) setting the temperature of the solution; (3) deoxyge-1ting the solution with prepurified nitrogen at the rate of 90 ml/min starting 30 minutes before immersion of the specimen; (4) cleaning the specimen with distilled water just prior to transferring to the cel]; and (5) anodic polarization 50 minutes after the immersion at a scanning rate of 20 mV/min, using a PAR Model 173 potentiostat and ELSCINT Model ABA-26 Automatic Baseline Advance.",0.33,"The stainless steels evaluated in this study were prepared from commercially pure grades of Fe, Ni, ferrochrome, Mn, Mo, Si, manganese or chromium nitride, and chromium carbide. Melting was done in a vacuum induction fur-1ce.The melting procedure consisted of: (1) melting Fe, Ni, Mo, Mn, and ferrochrome in a vacuum; (2) bleeding nitrogen into the fur-1ce; and (3) introducing Mn4N or CrN, wrapped in iron foil, into the melt, as needed. After casting, only solid sections of the ingots were taken to prepare test specimens. The sections were first soaked for 30 minutes and hot rolled. The temperatures were 1205 C and 1095 C, depending upon hot ductility of the heats. The hot rolled specimens were pickled in a solution containing 10% HNO3 and 2% HF at 65 C to remove the hot working scale, cold rolled to 2 mm, annealed at 1065 C for 5 minutes, water quenched, and pickled again in the same HNO3-HF solution at 65 C. A small section was cut from each heat and used for chemical a-1lysis.",-1,"Some compositions were provided with ""~"" and ""<"" signs in the paper",1
62.87,18.36,5.90,1.39,0.00,0.34,0.00,0.02,0.49,9.94,0.00,0.00,0.00,0.00,0.69,0.00,0.00,0.00,0.00,0.00,0.00,0.00,0.00,0.00,268.00,30,7.00,1.5000,"Polarization test, strips of 1.25 cm x 1.25 cm of the experimental alloys, as well as the commercial alloys, were subjected to anodic polarization in dearated 1 N -1CI solution at 30 C. A Type 308 rod was welded to one side of each specimen and covered with rubber tubing, except the tip for electrical connection to a potentiostat. The specimens were then mounted in epoxy, ground to 600 grit, and rinsed with distilled water. The specimen/mount interface was covered with a thin film of lacquer, and approximately 1 cm 2 of the specimen was exposed. They were then kept in a desiccator until testing. The testing procedure consisted of: (1) introduction of the solution to a one liter polarization cell; (2) setting the temperature of the solution; (3) deoxyge-1ting the solution with prepurified nitrogen at the rate of 90 ml/min starting 30 minutes before immersion of the specimen; (4) cleaning the specimen with distilled water just prior to transferring to the cel]; and (5) anodic polarization 50 minutes after the immersion at a scanning rate of 20 mV/min, using a PAR Model 173 potentiostat and ELSCINT Model ABA-26 Automatic Baseline Advance.",0.33,"The stainless steels evaluated in this study were prepared from commercially pure grades of Fe, Ni, ferrochrome, Mn, Mo, Si, manganese or chromium nitride, and chromium carbide. Melting was done in a vacuum induction fur-1ce.The melting procedure consisted of: (1) melting Fe, Ni, Mo, Mn, and ferrochrome in a vacuum; (2) bleeding nitrogen into the fur-1ce; and (3) introducing Mn4N or CrN, wrapped in iron foil, into the melt, as needed. After casting, only solid sections of the ingots were taken to prepare test specimens. The sections were first soaked for 30 minutes and hot rolled. The temperatures were 1205 C and 1095 C, depending upon hot ductility of the heats. The hot rolled specimens were pickled in a solution containing 10% HNO3 and 2% HF at 65 C to remove the hot working scale, cold rolled to 2 mm, annealed at 1065 C for 5 minutes, water quenched, and pickled again in the same HNO3-HF solution at 65 C. A small section was cut from each heat and used for chemical a-1lysis.",-1,"Some compositions were provided with ""~"" and ""<"" signs in the paper",1
57.92,17.80,6.00,2.10,0.00,0.27,0.00,0.01,0.30,15.60,0.00,0.00,0.00,0.00,0.00,0.00,0.00,0.00,0.00,0.00,0.00,0.00,0.00,0.00,-185.00,50,0.69,1.5000,"Polarization test, strips of 1.25 cm x 1.25 cm of the experimental alloys, as well as the commercial alloys, were subjected to anodic polarization in dearated 1 N -1CI solution at 30 C. A Type 308 rod was welded to one side of each specimen and covered with rubber tubing, except the tip for electrical connection to a potentiostat. The specimens were then mounted in epoxy, ground to 600 grit, and rinsed with distilled water. The specimen/mount interface was covered with a thin film of lacquer, and approximately 1 cm 2 of the specimen was exposed. They were then kept in a desiccator until testing. The testing procedure consisted of: (1) introduction of the solution to a one liter polarization cell; (2) setting the temperature of the solution; (3) deoxyge-1ting the solution with prepurified nitrogen at the rate of 90 ml/min starting 30 minutes before immersion of the specimen; (4) cleaning the specimen with distilled water just prior to transferring to the cel]; and (5) anodic polarization 50 minutes after the immersion at a scanning rate of 20 mV/min, using a PAR Model 173 potentiostat and ELSCINT Model ABA-26 Automatic Baseline Advance.",0.33,"The stainless steels evaluated in this study were prepared from commercially pure grades of Fe, Ni, ferrochrome, Mn, Mo, Si, manganese or chromium nitride, and chromium carbide. Melting was done in a vacuum induction fur-1ce.The melting procedure consisted of: (1) melting Fe, Ni, Mo, Mn, and ferrochrome in a vacuum; (2) bleeding nitrogen into the fur-1ce; and (3) introducing Mn4N or CrN, wrapped in iron foil, into the melt, as needed. After casting, only solid sections of the ingots were taken to prepare test specimens. The sections were first soaked for 30 minutes and hot rolled. The temperatures were 1205 C and 1095 C, depending upon hot ductility of the heats. The hot rolled specimens were pickled in a solution containing 10% HNO3 and 2% HF at 65 C to remove the hot working scale, cold rolled to 2 mm, annealed at 1065 C for 5 minutes, water quenched, and pickled again in the same HNO3-HF solution at 65 C. A small section was cut from each heat and used for chemical a-1lysis.",-1,"Some compositions were provided with ""~"" and ""<"" signs in the paper",1
58.80,18.58,15.78,3.84,0.00,0.31,0.00,0.01,0.30,2.38,0.00,0.00,0.00,0.00,0.00,0.00,0.00,0.00,0.00,0.00,0.00,0.00,0.00,0.00,-155.00,50,0.69,1.5000,"Polarization test, strips of 1.25 cm x 1.25 cm of the experimental alloys, as well as the commercial alloys, were subjected to anodic polarization in dearated 1 N -1CI solution at 30 C. A Type 308 rod was welded to one side of each specimen and covered with rubber tubing, except the tip for electrical connection to a potentiostat. The specimens were then mounted in epoxy, ground to 600 grit, and rinsed with distilled water. The specimen/mount interface was covered with a thin film of lacquer, and approximately 1 cm 2 of the specimen was exposed. They were then kept in a desiccator until testing. The testing procedure consisted of: (1) introduction of the solution to a one liter polarization cell; (2) setting the temperature of the solution; (3) deoxyge-1ting the solution with prepurified nitrogen at the rate of 90 ml/min starting 30 minutes before immersion of the specimen; (4) cleaning the specimen with distilled water just prior to transferring to the cel]; and (5) anodic polarization 50 minutes after the immersion at a scanning rate of 20 mV/min, using a PAR Model 173 potentiostat and ELSCINT Model ABA-26 Automatic Baseline Advance.",0.33,"The stainless steels evaluated in this study were prepared from commercially pure grades of Fe, Ni, ferrochrome, Mn, Mo, Si, manganese or chromium nitride, and chromium carbide. Melting was done in a vacuum induction fur-1ce.The melting procedure consisted of: (1) melting Fe, Ni, Mo, Mn, and ferrochrome in a vacuum; (2) bleeding nitrogen into the fur-1ce; and (3) introducing Mn4N or CrN, wrapped in iron foil, into the melt, as needed. After casting, only solid sections of the ingots were taken to prepare test specimens. The sections were first soaked for 30 minutes and hot rolled. The temperatures were 1205 C and 1095 C, depending upon hot ductility of the heats. The hot rolled specimens were pickled in a solution containing 10% HNO3 and 2% HF at 65 C to remove the hot working scale, cold rolled to 2 mm, annealed at 1065 C for 5 minutes, water quenched, and pickled again in the same HNO3-HF solution at 65 C. A small section was cut from each heat and used for chemical a-1lysis.",-1,"Some compositions were provided with ""~"" and ""<"" signs in the paper",1
55.62,18.60,15.03,1.48,0.00,0.24,0.00,0.02,0.27,8.74,0.00,0.00,0.00,0.00,0.00,0.00,0.00,0.00,0.00,0.00,0.00,0.00,0.00,0.00,-152.00,50,0.69,1.5000,"Polarization test, strips of 1.25 cm x 1.25 cm of the experimental alloys, as well as the commercial alloys, were subjected to anodic polarization in dearated 1 N -1CI solution at 30 C. A Type 308 rod was welded to one side of each specimen and covered with rubber tubing, except the tip for electrical connection to a potentiostat. The specimens were then mounted in epoxy, ground to 600 grit, and rinsed with distilled water. The specimen/mount interface was covered with a thin film of lacquer, and approximately 1 cm 2 of the specimen was exposed. They were then kept in a desiccator until testing. The testing procedure consisted of: (1) introduction of the solution to a one liter polarization cell; (2) setting the temperature of the solution; (3) deoxyge-1ting the solution with prepurified nitrogen at the rate of 90 ml/min starting 30 minutes before immersion of the specimen; (4) cleaning the specimen with distilled water just prior to transferring to the cel]; and (5) anodic polarization 50 minutes after the immersion at a scanning rate of 20 mV/min, using a PAR Model 173 potentiostat and ELSCINT Model ABA-26 Automatic Baseline Advance.",0.33,"The stainless steels evaluated in this study were prepared from commercially pure grades of Fe, Ni, ferrochrome, Mn, Mo, Si, manganese or chromium nitride, and chromium carbide. Melting was done in a vacuum induction fur-1ce.The melting procedure consisted of: (1) melting Fe, Ni, Mo, Mn, and ferrochrome in a vacuum; (2) bleeding nitrogen into the fur-1ce; and (3) introducing Mn4N or CrN, wrapped in iron foil, into the melt, as needed. After casting, only solid sections of the ingots were taken to prepare test specimens. The sections were first soaked for 30 minutes and hot rolled. The temperatures were 1205 C and 1095 C, depending upon hot ductility of the heats. The hot rolled specimens were pickled in a solution containing 10% HNO3 and 2% HF at 65 C to remove the hot working scale, cold rolled to 2 mm, annealed at 1065 C for 5 minutes, water quenched, and pickled again in the same HNO3-HF solution at 65 C. A small section was cut from each heat and used for chemical a-1lysis.",-1,"Some compositions were provided with ""~"" and ""<"" signs in the paper",1
54.63,18.41,15.08,3.72,0.00,0.37,0.00,0.03,0.24,7.52,0.00,0.00,0.00,0.00,0.00,0.00,0.00,0.00,0.00,0.00,0.00,0.00,0.00,0.00,-88.00,50,0.69,1.5000,"Polarization test, strips of 1.25 cm x 1.25 cm of the experimental alloys, as well as the commercial alloys, were subjected to anodic polarization in dearated 1 N -1CI solution at 30 C. A Type 308 rod was welded to one side of each specimen and covered with rubber tubing, except the tip for electrical connection to a potentiostat. The specimens were then mounted in epoxy, ground to 600 grit, and rinsed with distilled water. The specimen/mount interface was covered with a thin film of lacquer, and approximately 1 cm 2 of the specimen was exposed. They were then kept in a desiccator until testing. The testing procedure consisted of: (1) introduction of the solution to a one liter polarization cell; (2) setting the temperature of the solution; (3) deoxyge-1ting the solution with prepurified nitrogen at the rate of 90 ml/min starting 30 minutes before immersion of the specimen; (4) cleaning the specimen with distilled water just prior to transferring to the cel]; and (5) anodic polarization 50 minutes after the immersion at a scanning rate of 20 mV/min, using a PAR Model 173 potentiostat and ELSCINT Model ABA-26 Automatic Baseline Advance.",0.33,"The stainless steels evaluated in this study were prepared from commercially pure grades of Fe, Ni, ferrochrome, Mn, Mo, Si, manganese or chromium nitride, and chromium carbide. Melting was done in a vacuum induction fur-1ce.The melting procedure consisted of: (1) melting Fe, Ni, Mo, Mn, and ferrochrome in a vacuum; (2) bleeding nitrogen into the fur-1ce; and (3) introducing Mn4N or CrN, wrapped in iron foil, into the melt, as needed. After casting, only solid sections of the ingots were taken to prepare test specimens. The sections were first soaked for 30 minutes and hot rolled. The temperatures were 1205 C and 1095 C, depending upon hot ductility of the heats. The hot rolled specimens were pickled in a solution containing 10% HNO3 and 2% HF at 65 C to remove the hot working scale, cold rolled to 2 mm, annealed at 1065 C for 5 minutes, water quenched, and pickled again in the same HNO3-HF solution at 65 C. A small section was cut from each heat and used for chemical a-1lysis.",-1,"Some compositions were provided with ""~"" and ""<"" signs in the paper",1
45.68,18.75,24.68,5.72,0.00,0.06,0.00,0.01,0.44,4.66,0.00,0.00,0.00,0.00,0.00,0.00,0.00,0.00,0.00,0.00,0.00,0.00,0.00,0.00,149.00,50,0.69,1.5000,"Polarization test, strips of 1.25 cm x 1.25 cm of the experimental alloys, as well as the commercial alloys, were subjected to anodic polarization in dearated 1 N -1CI solution at 30 C. A Type 308 rod was welded to one side of each specimen and covered with rubber tubing, except the tip for electrical connection to a potentiostat. The specimens were then mounted in epoxy, ground to 600 grit, and rinsed with distilled water. The specimen/mount interface was covered with a thin film of lacquer, and approximately 1 cm 2 of the specimen was exposed. They were then kept in a desiccator until testing. The testing procedure consisted of: (1) introduction of the solution to a one liter polarization cell; (2) setting the temperature of the solution; (3) deoxyge-1ting the solution with prepurified nitrogen at the rate of 90 ml/min starting 30 minutes before immersion of the specimen; (4) cleaning the specimen with distilled water just prior to transferring to the cel]; and (5) anodic polarization 50 minutes after the immersion at a scanning rate of 20 mV/min, using a PAR Model 173 potentiostat and ELSCINT Model ABA-26 Automatic Baseline Advance.",0.33,"The stainless steels evaluated in this study were prepared from commercially pure grades of Fe, Ni, ferrochrome, Mn, Mo, Si, manganese or chromium nitride, and chromium carbide. Melting was done in a vacuum induction fur-1ce.The melting procedure consisted of: (1) melting Fe, Ni, Mo, Mn, and ferrochrome in a vacuum; (2) bleeding nitrogen into the fur-1ce; and (3) introducing Mn4N or CrN, wrapped in iron foil, into the melt, as needed. After casting, only solid sections of the ingots were taken to prepare test specimens. The sections were first soaked for 30 minutes and hot rolled. The temperatures were 1205 C and 1095 C, depending upon hot ductility of the heats. The hot rolled specimens were pickled in a solution containing 10% HNO3 and 2% HF at 65 C to remove the hot working scale, cold rolled to 2 mm, annealed at 1065 C for 5 minutes, water quenched, and pickled again in the same HNO3-HF solution at 65 C. A small section was cut from each heat and used for chemical a-1lysis.",-1,"Some compositions were provided with ""~"" and ""<"" signs in the paper",1
37.32,17.93,25.92,5.00,0.00,0.26,0.00,0.02,0.42,13.13,0.00,0.00,0.00,0.00,0.00,0.00,0.00,0.00,0.00,0.00,0.00,0.00,0.00,0.00,145.00,50,0.69,1.5000,"Polarization test, strips of 1.25 cm x 1.25 cm of the experimental alloys, as well as the commercial alloys, were subjected to anodic polarization in dearated 1 N -1CI solution at 30 C. A Type 308 rod was welded to one side of each specimen and covered with rubber tubing, except the tip for electrical connection to a potentiostat. The specimens were then mounted in epoxy, ground to 600 grit, and rinsed with distilled water. The specimen/mount interface was covered with a thin film of lacquer, and approximately 1 cm 2 of the specimen was exposed. They were then kept in a desiccator until testing. The testing procedure consisted of: (1) introduction of the solution to a one liter polarization cell; (2) setting the temperature of the solution; (3) deoxyge-1ting the solution with prepurified nitrogen at the rate of 90 ml/min starting 30 minutes before immersion of the specimen; (4) cleaning the specimen with distilled water just prior to transferring to the cel]; and (5) anodic polarization 50 minutes after the immersion at a scanning rate of 20 mV/min, using a PAR Model 173 potentiostat and ELSCINT Model ABA-26 Automatic Baseline Advance.",0.33,"The stainless steels evaluated in this study were prepared from commercially pure grades of Fe, Ni, ferrochrome, Mn, Mo, Si, manganese or chromium nitride, and chromium carbide. Melting was done in a vacuum induction fur-1ce.The melting procedure consisted of: (1) melting Fe, Ni, Mo, Mn, and ferrochrome in a vacuum; (2) bleeding nitrogen into the fur-1ce; and (3) introducing Mn4N or CrN, wrapped in iron foil, into the melt, as needed. After casting, only solid sections of the ingots were taken to prepare test specimens. The sections were first soaked for 30 minutes and hot rolled. The temperatures were 1205 C and 1095 C, depending upon hot ductility of the heats. The hot rolled specimens were pickled in a solution containing 10% HNO3 and 2% HF at 65 C to remove the hot working scale, cold rolled to 2 mm, annealed at 1065 C for 5 minutes, water quenched, and pickled again in the same HNO3-HF solution at 65 C. A small section was cut from each heat and used for chemical a-1lysis.",-1,"Some compositions were provided with ""~"" and ""<"" signs in the paper",1
48.95,18.35,25.90,6.11,0.00,0.39,0.00,0.01,0.29,0.00,0.00,0.00,0.00,0.00,0.00,0.00,0.00,0.00,0.00,0.00,0.00,0.00,0.00,0.00,281.00,50,0.69,1.5000,"Polarization test, strips of 1.25 cm x 1.25 cm of the experimental alloys, as well as the commercial alloys, were subjected to anodic polarization in dearated 1 N -1CI solution at 30 C. A Type 308 rod was welded to one side of each specimen and covered with rubber tubing, except the tip for electrical connection to a potentiostat. The specimens were then mounted in epoxy, ground to 600 grit, and rinsed with distilled water. The specimen/mount interface was covered with a thin film of lacquer, and approximately 1 cm 2 of the specimen was exposed. They were then kept in a desiccator until testing. The testing procedure consisted of: (1) introduction of the solution to a one liter polarization cell; (2) setting the temperature of the solution; (3) deoxyge-1ting the solution with prepurified nitrogen at the rate of 90 ml/min starting 30 minutes before immersion of the specimen; (4) cleaning the specimen with distilled water just prior to transferring to the cel]; and (5) anodic polarization 50 minutes after the immersion at a scanning rate of 20 mV/min, using a PAR Model 173 potentiostat and ELSCINT Model ABA-26 Automatic Baseline Advance.",0.33,"The stainless steels evaluated in this study were prepared from commercially pure grades of Fe, Ni, ferrochrome, Mn, Mo, Si, manganese or chromium nitride, and chromium carbide. Melting was done in a vacuum induction fur-1ce.The melting procedure consisted of: (1) melting Fe, Ni, Mo, Mn, and ferrochrome in a vacuum; (2) bleeding nitrogen into the fur-1ce; and (3) introducing Mn4N or CrN, wrapped in iron foil, into the melt, as needed. After casting, only solid sections of the ingots were taken to prepare test specimens. The sections were first soaked for 30 minutes and hot rolled. The temperatures were 1205 C and 1095 C, depending upon hot ductility of the heats. The hot rolled specimens were pickled in a solution containing 10% HNO3 and 2% HF at 65 C to remove the hot working scale, cold rolled to 2 mm, annealed at 1065 C for 5 minutes, water quenched, and pickled again in the same HNO3-HF solution at 65 C. A small section was cut from each heat and used for chemical a-1lysis.",-1,"Some compositions were provided with ""~"" and ""<"" signs in the paper",1
58.39,17.38,20.15,0.02,0.00,0.04,0.00,0.03,0.13,3.84,0.00,0.01,0.01,0.00,0.00,0.00,0.00,0.00,0.00,0.00,0.00,0.00,0.00,0.00,-65.00,25,8.3,0.6000,"Potentiody-1mic Polarization, the specimen surface was ground to a 120 grit finish and 5 cm2 was exposed to the corrodent. The potential was controlled, relative to a standard saturated calomel electrode, by a potentiostat. Following. pretreatment for 5 min at -1.5 V, the -potential was increased-rapidly to -0.5V and thereafter at a steady rate of 1V in 50 min. In this work the critical pitting potential was taken as that at which there was an anodic current flow of 10^-5 A/cm2.",0.33,"5 kg melts were made at atmospheric pressure in an induction fur-1ce using Japanese iron, nickel pellets, electrolytic chromium, ferro-molybdenum, refined manganese, and high-nitrogen ferro-chromium. Ingots were cast and hot rolled to 20 mm diameter bars which were heat treated at 1100°c for 30 min and cooled in still air.",-1,Pitting corrosion data is collected from plain breakdown potential in table II.,1
57.05,17.68,20.43,0.08,0.00,0.30,0.00,0.03,0.19,4.22,0.00,0.02,0.01,0.00,0.00,0.00,0.00,0.00,0.00,0.00,0.00,0.00,0.00,0.00,-25.00,25,8.3,0.6000,"Potentiody-1mic Polarization, the specimen surface was ground to a 120 grit finish and 5 cm2 was exposed to the corrodent. The potential was controlled, relative to a standard saturated calomel electrode, by a potentiostat. Following. pretreatment for 5 min at -1.5 V, the -potential was increased-rapidly to -0.5V and thereafter at a steady rate of 1V in 50 min. In this work the critical pitting potential was taken as that at which there was an anodic current flow of 10^-5 A/cm2.",0.33,"5 kg melts were made at atmospheric pressure in an induction fur-1ce using Japanese iron, nickel pellets, electrolytic chromium, ferro-molybdenum, refined manganese, and high-nitrogen ferro-chromium. Ingots were cast and hot rolled to 20 mm diameter bars which were heat treated at 1100°c for 30 min and cooled in still air.",-1,Pitting corrosion data is collected from plain breakdown potential in table II.,1
56.46,17.95,19.90,1.03,0.00,0.03,0.00,0.04,0.19,4.38,0.00,0.02,0.01,0.00,0.00,0.00,0.00,0.00,0.00,0.00,0.00,0.00,0.00,0.00,-40.00,25,8.3,0.6000,"Potentiody-1mic Polarization, the specimen surface was ground to a 120 grit finish and 5 cm2 was exposed to the corrodent. The potential was controlled, relative to a standard saturated calomel electrode, by a potentiostat. Following. pretreatment for 5 min at -1.5 V, the -potential was increased-rapidly to -0.5V and thereafter at a steady rate of 1V in 50 min. In this work the critical pitting potential was taken as that at which there was an anodic current flow of 10^-5 A/cm2.",0.33,"5 kg melts were made at atmospheric pressure in an induction fur-1ce using Japanese iron, nickel pellets, electrolytic chromium, ferro-molybdenum, refined manganese, and high-nitrogen ferro-chromium. Ingots were cast and hot rolled to 20 mm diameter bars which were heat treated at 1100°c for 30 min and cooled in still air.",-1,Pitting corrosion data is collected from plain breakdown potential in table II.,1
58.15,16.42,19.90,1.03,0.00,0.16,0.00,0.01,0.22,4.08,0.00,0.02,0.02,0.00,0.00,0.00,0.00,0.00,0.00,0.00,0.00,0.00,0.00,0.00,-15.00,25,8.3,0.6000,"Potentiody-1mic Polarization, the specimen surface was ground to a 120 grit finish and 5 cm2 was exposed to the corrodent. The potential was controlled, relative to a standard saturated calomel electrode, by a potentiostat. Following. pretreatment for 5 min at -1.5 V, the -potential was increased-rapidly to -0.5V and thereafter at a steady rate of 1V in 50 min. In this work the critical pitting potential was taken as that at which there was an anodic current flow of 10^-5 A/cm2.",0.33,"5 kg melts were made at atmospheric pressure in an induction fur-1ce using Japanese iron, nickel pellets, electrolytic chromium, ferro-molybdenum, refined manganese, and high-nitrogen ferro-chromium. Ingots were cast and hot rolled to 20 mm diameter bars which were heat treated at 1100°c for 30 min and cooled in still air.",-1,Pitting corrosion data is collected from plain breakdown potential in table II.,1
57.41,16.86,19.98,1.03,0.00,0.27,0.00,0.02,0.33,4.06,0.00,0.02,0.02,0.00,0.00,0.00,0.00,0.00,0.00,0.00,0.00,0.00,0.00,0.00,65.00,25,8.3,0.6000,"Potentiody-1mic Polarization, the specimen surface was ground to a 120 grit finish and 5 cm2 was exposed to the corrodent. The potential was controlled, relative to a standard saturated calomel electrode, by a potentiostat. Following. pretreatment for 5 min at -1.5 V, the -potential was increased-rapidly to -0.5V and thereafter at a steady rate of 1V in 50 min. In this work the critical pitting potential was taken as that at which there was an anodic current flow of 10^-5 A/cm2.",0.33,"5 kg melts were made at atmospheric pressure in an induction fur-1ce using Japanese iron, nickel pellets, electrolytic chromium, ferro-molybdenum, refined manganese, and high-nitrogen ferro-chromium. Ingots were cast and hot rolled to 20 mm diameter bars which were heat treated at 1100°c for 30 min and cooled in still air.",-1,Pitting corrosion data is collected from plain breakdown potential in table II.,1
56.96,16.66,20.54,1.01,0.00,0.29,0.00,0.03,0.17,4.31,0.00,0.02,0.01,0.00,0.00,0.00,0.00,0.00,0.00,0.00,0.00,0.00,0.00,0.00,50.00,25,8.3,0.6000,"Potentiody-1mic Polarization, the specimen surface was ground to a 120 grit finish and 5 cm2 was exposed to the corrodent. The potential was controlled, relative to a standard saturated calomel electrode, by a potentiostat. Following. pretreatment for 5 min at -1.5 V, the -potential was increased-rapidly to -0.5V and thereafter at a steady rate of 1V in 50 min. In this work the critical pitting potential was taken as that at which there was an anodic current flow of 10^-5 A/cm2.",0.33,"5 kg melts were made at atmospheric pressure in an induction fur-1ce using Japanese iron, nickel pellets, electrolytic chromium, ferro-molybdenum, refined manganese, and high-nitrogen ferro-chromium. Ingots were cast and hot rolled to 20 mm diameter bars which were heat treated at 1100°c for 30 min and cooled in still air.",-1,Pitting corrosion data is collected from plain breakdown potential in table II.,1
57.00,16.34,19.16,2.98,0.00,0.03,0.00,0.02,0.18,4.25,0.00,0.02,0.01,0.00,0.00,0.00,0.00,0.00,0.00,0.00,0.00,0.00,0.00,0.00,20.00,25,8.3,0.6000,"Potentiody-1mic Polarization, the specimen surface was ground to a 120 grit finish and 5 cm2 was exposed to the corrodent. The potential was controlled, relative to a standard saturated calomel electrode, by a potentiostat. Following. pretreatment for 5 min at -1.5 V, the -potential was increased-rapidly to -0.5V and thereafter at a steady rate of 1V in 50 min. In this work the critical pitting potential was taken as that at which there was an anodic current flow of 10^-5 A/cm2.",0.33,"5 kg melts were made at atmospheric pressure in an induction fur-1ce using Japanese iron, nickel pellets, electrolytic chromium, ferro-molybdenum, refined manganese, and high-nitrogen ferro-chromium. Ingots were cast and hot rolled to 20 mm diameter bars which were heat treated at 1100°c for 30 min and cooled in still air.",-1,Pitting corrosion data is collected from plain breakdown potential in table II.,1
56.34,16.70,19.65,2.92,0.00,0.15,0.00,0.01,0.14,4.06,0.00,0.02,0.02,0.00,0.00,0.00,0.00,0.00,0.00,0.00,0.00,0.00,0.00,0.00,85.00,25,8.3,0.6000,"Potentiody-1mic Polarization, the specimen surface was ground to a 120 grit finish and 5 cm2 was exposed to the corrodent. The potential was controlled, relative to a standard saturated calomel electrode, by a potentiostat. Following. pretreatment for 5 min at -1.5 V, the -potential was increased-rapidly to -0.5V and thereafter at a steady rate of 1V in 50 min. In this work the critical pitting potential was taken as that at which there was an anodic current flow of 10^-5 A/cm2.",0.33,"5 kg melts were made at atmospheric pressure in an induction fur-1ce using Japanese iron, nickel pellets, electrolytic chromium, ferro-molybdenum, refined manganese, and high-nitrogen ferro-chromium. Ingots were cast and hot rolled to 20 mm diameter bars which were heat treated at 1100°c for 30 min and cooled in still air.",-1,Pitting corrosion data is collected from plain breakdown potential in table II.,1
55.53,16.80,20.05,2.94,0.00,0.29,0.00,0.01,0.27,4.07,0.00,0.02,0.02,0.00,0.00,0.00,0.00,0.00,0.00,0.00,0.00,0.00,0.00,0.00,80.00,25,8.3,0.6000,"Potentiody-1mic Polarization, the specimen surface was ground to a 120 grit finish and 5 cm2 was exposed to the corrodent. The potential was controlled, relative to a standard saturated calomel electrode, by a potentiostat. Following. pretreatment for 5 min at -1.5 V, the -potential was increased-rapidly to -0.5V and thereafter at a steady rate of 1V in 50 min. In this work the critical pitting potential was taken as that at which there was an anodic current flow of 10^-5 A/cm2.",0.33,"5 kg melts were made at atmospheric pressure in an induction fur-1ce using Japanese iron, nickel pellets, electrolytic chromium, ferro-molybdenum, refined manganese, and high-nitrogen ferro-chromium. Ingots were cast and hot rolled to 20 mm diameter bars which were heat treated at 1100°c for 30 min and cooled in still air.",-1,Pitting corrosion data is collected from plain breakdown potential in table II.,1
55.29,16.58,20.29,2.72,0.00,0.31,0.00,0.03,0.23,4.53,0.00,0.02,0.01,0.00,0.00,0.00,0.00,0.00,0.00,0.00,0.00,0.00,0.00,0.00,95.00,25,8.3,0.6000,"Potentiody-1mic Polarization, the specimen surface was ground to a 120 grit finish and 5 cm2 was exposed to the corrodent. The potential was controlled, relative to a standard saturated calomel electrode, by a potentiostat. Following. pretreatment for 5 min at -1.5 V, the -potential was increased-rapidly to -0.5V and thereafter at a steady rate of 1V in 50 min. In this work the critical pitting potential was taken as that at which there was an anodic current flow of 10^-5 A/cm2.",0.33,"5 kg melts were made at atmospheric pressure in an induction fur-1ce using Japanese iron, nickel pellets, electrolytic chromium, ferro-molybdenum, refined manganese, and high-nitrogen ferro-chromium. Ingots were cast and hot rolled to 20 mm diameter bars which were heat treated at 1100°c for 30 min and cooled in still air.",-1,Pitting corrosion data is collected from plain breakdown potential in table II.,1
53.00,22.58,19.88,0.05,0.00,0.05,0.00,0.01,0.13,4.28,0.00,0.01,0.01,0.00,0.00,0.00,0.00,0.00,0.00,0.00,0.00,0.00,0.00,0.00,-30.00,25,8.3,0.6000,"Potentiody-1mic Polarization, the specimen surface was ground to a 120 grit finish and 5 cm2 was exposed to the corrodent. The potential was controlled, relative to a standard saturated calomel electrode, by a potentiostat. Following. pretreatment for 5 min at -1.5 V, the -potential was increased-rapidly to -0.5V and thereafter at a steady rate of 1V in 50 min. In this work the critical pitting potential was taken as that at which there was an anodic current flow of 10^-5 A/cm2.",0.33,"5 kg melts were made at atmospheric pressure in an induction fur-1ce using Japanese iron, nickel pellets, electrolytic chromium, ferro-molybdenum, refined manganese, and high-nitrogen ferro-chromium. Ingots were cast and hot rolled to 20 mm diameter bars which were heat treated at 1100°c for 30 min and cooled in still air.",-1,Pitting corrosion data is collected from plain breakdown potential in table II.,1
52.28,22.46,20.27,0.10,0.00,0.39,0.00,0.02,0.14,4.33,0.00,0.01,0.01,0.00,0.00,0.00,0.00,0.00,0.00,0.00,0.00,0.00,0.00,0.00,50.00,25,8.3,0.6000,"Potentiody-1mic Polarization, the specimen surface was ground to a 120 grit finish and 5 cm2 was exposed to the corrodent. The potential was controlled, relative to a standard saturated calomel electrode, by a potentiostat. Following. pretreatment for 5 min at -1.5 V, the -potential was increased-rapidly to -0.5V and thereafter at a steady rate of 1V in 50 min. In this work the critical pitting potential was taken as that at which there was an anodic current flow of 10^-5 A/cm2.",0.33,"5 kg melts were made at atmospheric pressure in an induction fur-1ce using Japanese iron, nickel pellets, electrolytic chromium, ferro-molybdenum, refined manganese, and high-nitrogen ferro-chromium. Ingots were cast and hot rolled to 20 mm diameter bars which were heat treated at 1100°c for 30 min and cooled in still air.",-1,Pitting corrosion data is collected from plain breakdown potential in table II.,1
52.12,22.13,20.30,0.99,0.00,0.05,0.00,0.02,0.16,4.20,0.00,0.02,0.01,0.00,0.00,0.00,0.00,0.00,0.00,0.00,0.00,0.00,0.00,0.00,-10.00,25,8.3,0.6000,"Potentiody-1mic Polarization, the specimen surface was ground to a 120 grit finish and 5 cm2 was exposed to the corrodent. The potential was controlled, relative to a standard saturated calomel electrode, by a potentiostat. Following. pretreatment for 5 min at -1.5 V, the -potential was increased-rapidly to -0.5V and thereafter at a steady rate of 1V in 50 min. In this work the critical pitting potential was taken as that at which there was an anodic current flow of 10^-5 A/cm2.",0.33,"5 kg melts were made at atmospheric pressure in an induction fur-1ce using Japanese iron, nickel pellets, electrolytic chromium, ferro-molybdenum, refined manganese, and high-nitrogen ferro-chromium. Ingots were cast and hot rolled to 20 mm diameter bars which were heat treated at 1100°c for 30 min and cooled in still air.",-1,Pitting corrosion data is collected from plain breakdown potential in table II.,1
52.19,22.52,19.85,1.07,0.00,0.16,0.00,0.01,0.15,4.02,0.00,0.02,0.02,0.00,0.00,0.00,0.00,0.00,0.00,0.00,0.00,0.00,0.00,0.00,35.00,25,8.3,0.6000,"Potentiody-1mic Polarization, the specimen surface was ground to a 120 grit finish and 5 cm2 was exposed to the corrodent. The potential was controlled, relative to a standard saturated calomel electrode, by a potentiostat. Following. pretreatment for 5 min at -1.5 V, the -potential was increased-rapidly to -0.5V and thereafter at a steady rate of 1V in 50 min. In this work the critical pitting potential was taken as that at which there was an anodic current flow of 10^-5 A/cm2.",0.33,"5 kg melts were made at atmospheric pressure in an induction fur-1ce using Japanese iron, nickel pellets, electrolytic chromium, ferro-molybdenum, refined manganese, and high-nitrogen ferro-chromium. Ingots were cast and hot rolled to 20 mm diameter bars which were heat treated at 1100°c for 30 min and cooled in still air.",-1,Pitting corrosion data is collected from plain breakdown potential in table II.,1
51.85,22.72,19.95,1.02,0.00,0.41,0.00,0.01,0.20,3.80,0.00,0.02,0.02,0.00,0.00,0.00,0.00,0.00,0.00,0.00,0.00,0.00,0.00,0.00,200.00,25,8.3,0.6000,"Potentiody-1mic Polarization, the specimen surface was ground to a 120 grit finish and 5 cm2 was exposed to the corrodent. The potential was controlled, relative to a standard saturated calomel electrode, by a potentiostat. Following. pretreatment for 5 min at -1.5 V, the -potential was increased-rapidly to -0.5V and thereafter at a steady rate of 1V in 50 min. In this work the critical pitting potential was taken as that at which there was an anodic current flow of 10^-5 A/cm2.",0.33,"5 kg melts were made at atmospheric pressure in an induction fur-1ce using Japanese iron, nickel pellets, electrolytic chromium, ferro-molybdenum, refined manganese, and high-nitrogen ferro-chromium. Ingots were cast and hot rolled to 20 mm diameter bars which were heat treated at 1100°c for 30 min and cooled in still air.",-1,Pitting corrosion data is collected from plain breakdown potential in table II.,1
50.37,22.41,19.96,2.64,0.00,0.07,0.00,0.03,0.21,4.29,0.00,0.01,0.01,0.00,0.00,0.00,0.00,0.00,0.00,0.00,0.00,0.00,0.00,0.00,125.00,25,8.3,0.6000,"Potentiody-1mic Polarization, the specimen surface was ground to a 120 grit finish and 5 cm2 was exposed to the corrodent. The potential was controlled, relative to a standard saturated calomel electrode, by a potentiostat. Following. pretreatment for 5 min at -1.5 V, the -potential was increased-rapidly to -0.5V and thereafter at a steady rate of 1V in 50 min. In this work the critical pitting potential was taken as that at which there was an anodic current flow of 10^-5 A/cm2.",0.33,"5 kg melts were made at atmospheric pressure in an induction fur-1ce using Japanese iron, nickel pellets, electrolytic chromium, ferro-molybdenum, refined manganese, and high-nitrogen ferro-chromium. Ingots were cast and hot rolled to 20 mm diameter bars which were heat treated at 1100°c for 30 min and cooled in still air.",-1,Pitting corrosion data is collected from plain breakdown potential in table II.,1
50.11,22.84,20.05,2.85,0.00,0.16,0.00,0.01,0.14,3.80,0.00,0.02,0.02,0.00,0.00,0.00,0.00,0.00,0.00,0.00,0.00,0.00,0.00,0.00,170.00,25,8.3,0.6000,"Potentiody-1mic Polarization, the specimen surface was ground to a 120 grit finish and 5 cm2 was exposed to the corrodent. The potential was controlled, relative to a standard saturated calomel electrode, by a potentiostat. Following. pretreatment for 5 min at -1.5 V, the -potential was increased-rapidly to -0.5V and thereafter at a steady rate of 1V in 50 min. In this work the critical pitting potential was taken as that at which there was an anodic current flow of 10^-5 A/cm2.",0.33,"5 kg melts were made at atmospheric pressure in an induction fur-1ce using Japanese iron, nickel pellets, electrolytic chromium, ferro-molybdenum, refined manganese, and high-nitrogen ferro-chromium. Ingots were cast and hot rolled to 20 mm diameter bars which were heat treated at 1100°c for 30 min and cooled in still air.",-1,Pitting corrosion data is collected from plain breakdown potential in table II.,1
49.66,22.35,20.39,2.73,0.00,0.31,0.00,0.02,0.16,4.35,0.00,0.02,0.01,0.00,0.00,0.00,0.00,0.00,0.00,0.00,0.00,0.00,0.00,0.00,920.00,25,8.3,0.6000,"Potentiody-1mic Polarization, the specimen surface was ground to a 120 grit finish and 5 cm2 was exposed to the corrodent. The potential was controlled, relative to a standard saturated calomel electrode, by a potentiostat. Following. pretreatment for 5 min at -1.5 V, the -potential was increased-rapidly to -0.5V and thereafter at a steady rate of 1V in 50 min. In this work the critical pitting potential was taken as that at which there was an anodic current flow of 10^-5 A/cm2.",0.33,"5 kg melts were made at atmospheric pressure in an induction fur-1ce using Japanese iron, nickel pellets, electrolytic chromium, ferro-molybdenum, refined manganese, and high-nitrogen ferro-chromium. Ingots were cast and hot rolled to 20 mm diameter bars which were heat treated at 1100°c for 30 min and cooled in still air.",-1,Pitting corrosion data is collected from plain breakdown potential in table II.,1
50.08,22.52,19.95,2.96,0.00,0.46,0.00,0.02,0.23,3.75,0.00,0.02,0.02,0.00,0.00,0.00,0.00,0.00,0.00,0.00,0.00,0.00,0.00,0.00,940.00,25,8.3,0.6000,"Potentiody-1mic Polarization, the specimen surface was ground to a 120 grit finish and 5 cm2 was exposed to the corrodent. The potential was controlled, relative to a standard saturated calomel electrode, by a potentiostat. Following. pretreatment for 5 min at -1.5 V, the -potential was increased-rapidly to -0.5V and thereafter at a steady rate of 1V in 50 min. In this work the critical pitting potential was taken as that at which there was an anodic current flow of 10^-5 A/cm2.",0.33,"5 kg melts were made at atmospheric pressure in an induction fur-1ce using Japanese iron, nickel pellets, electrolytic chromium, ferro-molybdenum, refined manganese, and high-nitrogen ferro-chromium. Ingots were cast and hot rolled to 20 mm diameter bars which were heat treated at 1100°c for 30 min and cooled in still air.",-1,Pitting corrosion data is collected from plain breakdown potential in table II.,1
65.63,18.10,5.70,0.00,0.00,0.17,0.00,0.02,0.44,9.90,0.00,0.03,0.02,0.00,0.00,0.00,0.00,0.00,0.00,0.00,0.00,0.00,0.00,0.00,245.48,25,1.00,0.1000,"Potentiody-1mic Polarization, the specimens were cut from rods and mounted in epoxy resin so that the exposed surface area was about 0.8 cm^2. This surface was coarse-ground with silicon-carbide papers and then fine-ground with alumi-1 paste.",1.66,"Steels used for this study were kindly supplied by the Institute of Iron Metallurgy in Gliwice, Poland. They were in the form of hot forged rods, 18 mm in diameter. The steels were tested in the as-received and quenched after 1 hour of heaing in air at 1120oC",3,"In the hot-forged condition the steels with 0.12, 0.25, and 0.35%N were austenitic, whereas those with 0.07 and 0.17% N contained austenite with a small amount of ??-ferrite (with an excess of Cr and relatively less Fe, Ni, and Mn than in the , ?? phase). Some small second-phase particles also occurred. Electron microprobe a-1lysis identified these particles as carbides (Me23C6 type) and carbonitrides (Me23C6 type). Pure nitrides were very rare. The X-ray a-1lysis did not detect any a-phase in the materials under investigation.",1
66.68,17.70,5.60,0.00,0.00,0.12,0.00,0.03,0.23,9.60,0.00,0.03,0.02,0.00,0.00,0.00,0.00,0.00,0.00,0.00,0.00,0.00,0.00,0.00,260.31,25,1.00,0.1000,"Potentiody-1mic Polarization, the specimens were cut from rods and mounted in epoxy resin so that the exposed surface area was about 0.8 cm^2. This surface was coarse-ground with silicon-carbide papers and then fine-ground with alumi-1 paste.",1.66,"Steels used for this study were kindly supplied by the Institute of Iron Metallurgy in Gliwice, Poland. They were in the form of hot forged rods, 18 mm in diameter. The steels were tested in the as-received and quenched after 1 hour of heaing in air at 1120oC",1,"In the hot-forged condition the steels with 0.12, 0.25, and 0.35%N were austenitic, whereas those with 0.07 and 0.17% N contained austenite with a small amount of ??-ferrite (with an excess of Cr and relatively less Fe, Ni, and Mn than in the , ?? phase). Some small second-phase particles also occurred. Electron microprobe a-1lysis identified these particles as carbides (Me23C6 type) and carbonitrides (Me23C6 type). Pure nitrides were very rare. The X-ray a-1lysis did not detect any a-phase in the materials under investigation.",1
66.34,17.40,5.50,0.00,0.00,0.07,0.00,0.02,0.22,10.40,0.00,0.03,0.02,0.00,0.00,0.00,0.00,0.00,0.00,0.00,0.00,0.00,0.00,0.00,108.47,25,1.00,0.1000,"Potentiody-1mic Polarization, the specimens were cut from rods and mounted in epoxy resin so that the exposed surface area was about 0.8 cm^2. This surface was coarse-ground with silicon-carbide papers and then fine-ground with alumi-1 paste.",1.66,"Steels used for this study were kindly supplied by the Institute of Iron Metallurgy in Gliwice, Poland. They were in the form of hot forged rods, 18 mm in diameter. The steels were tested in the as-received and quenched after 1 hour of heaing in air at 1120oC",3,"In the hot-forged condition the steels with 0.12, 0.25, and 0.35%N were austenitic, whereas those with 0.07 and 0.17% N contained austenite with a small amount of ??-ferrite (with an excess of Cr and relatively less Fe, Ni, and Mn than in the , ?? phase). Some small second-phase particles also occurred. Electron microprobe a-1lysis identified these particles as carbides (Me23C6 type) and carbonitrides (Me23C6 type). Pure nitrides were very rare. The X-ray a-1lysis did not detect any a-phase in the materials under investigation.",1
66.17,17.80,5.20,0.00,0.00,0.25,0.00,0.02,0.31,10.20,0.00,0.03,0.02,0.00,0.00,0.00,0.00,0.00,0.00,0.00,0.00,0.00,0.00,0.00,342.95,25,1.00,0.1000,"Potentiody-1mic Polarization, the specimens were cut from rods and mounted in epoxy resin so that the exposed surface area was about 0.8 cm^2. This surface was coarse-ground with silicon-carbide papers and then fine-ground with alumi-1 paste.",1.66,"Steels used for this study were kindly supplied by the Institute of Iron Metallurgy in Gliwice, Poland. They were in the form of hot forged rods, 18 mm in diameter. The steels were tested in the as-received and quenched after 1 hour of heaing in air at 1120oC",1,"In the hot-forged condition the steels with 0.12, 0.25, and 0.35%N were austenitic, whereas those with 0.07 and 0.17% N contained austenite with a small amount of ??-ferrite (with an excess of Cr and relatively less Fe, Ni, and Mn than in the , ?? phase). Some small second-phase particles also occurred. Electron microprobe a-1lysis identified these particles as carbides (Me23C6 type) and carbonitrides (Me23C6 type). Pure nitrides were very rare. The X-ray a-1lysis did not detect any a-phase in the materials under investigation.",1
64.96,18.20,5.40,0.00,0.00,0.35,0.00,0.02,0.32,10.70,0.00,0.03,0.02,0.00,0.00,0.00,0.00,0.00,0.00,0.00,0.00,0.00,0.00,0.00,453.81,25,1.00,0.1000,"Potentiody-1mic Polarization, the specimens were cut from rods and mounted in epoxy resin so that the exposed surface area was about 0.8 cm^2. This surface was coarse-ground with silicon-carbide papers and then fine-ground with alumi-1 paste.",1.66,"Steels used for this study were kindly supplied by the Institute of Iron Metallurgy in Gliwice, Poland. They were in the form of hot forged rods, 18 mm in diameter. The steels were tested in the as-received and quenched after 1 hour of heaing in air at 1120oC",1,"In the hot-forged condition the steels with 0.12, 0.25, and 0.35%N were austenitic, whereas those with 0.07 and 0.17% N contained austenite with a small amount of ??-ferrite (with an excess of Cr and relatively less Fe, Ni, and Mn than in the , ?? phase). Some small second-phase particles also occurred. Electron microprobe a-1lysis identified these particles as carbides (Me23C6 type) and carbonitrides (Me23C6 type). Pure nitrides were very rare. The X-ray a-1lysis did not detect any a-phase in the materials under investigation.",1
65.63,18.10,5.70,0.00,0.00,0.17,0.00,0.02,0.44,9.90,0.00,0.03,0.02,0.00,0.00,0.00,0.00,0.00,0.00,0.00,0.00,0.00,0.00,0.00,454.48,25,1.00,0.0500,"Potentiody-1mic Polarization, the specimens were cut from rods and mounted in epoxy resin so that the exposed surface area was about 0.8 cm^2. This surface was coarse-ground with silicon-carbide papers and then fine-ground with alumi-1 paste.",1.66,"Steels used for this study were kindly supplied by the Institute of Iron Metallurgy in Gliwice, Poland. They were in the form of hot forged rods, 18 mm in diameter. The steels were tested in the as-received and quenched after 1 hour of heaing in air at 1120oC",3,"In the hot-forged condition the steels with 0.12, 0.25, and 0.35%N were austenitic, whereas those with 0.07 and 0.17% N contained austenite with a small amount of ??-ferrite (with an excess of Cr and relatively less Fe, Ni, and Mn than in the , ?? phase). Some small second-phase particles also occurred. Electron microprobe a-1lysis identified these particles as carbides (Me23C6 type) and carbonitrides (Me23C6 type). Pure nitrides were very rare. The X-ray a-1lysis did not detect any a-phase in the materials under investigation.",1
66.68,17.70,5.60,0.00,0.00,0.12,0.00,0.03,0.23,9.60,0.00,0.03,0.02,0.00,0.00,0.00,0.00,0.00,0.00,0.00,0.00,0.00,0.00,0.00,410.53,25,1.00,0.0500,"Potentiody-1mic Polarization, the specimens were cut from rods and mounted in epoxy resin so that the exposed surface area was about 0.8 cm^2. This surface was coarse-ground with silicon-carbide papers and then fine-ground with alumi-1 paste.",1.66,"Steels used for this study were kindly supplied by the Institute of Iron Metallurgy in Gliwice, Poland. They were in the form of hot forged rods, 18 mm in diameter. The steels were tested in the as-received and quenched after 1 hour of heaing in air at 1120oC",1,"In the hot-forged condition the steels with 0.12, 0.25, and 0.35%N were austenitic, whereas those with 0.07 and 0.17% N contained austenite with a small amount of ??-ferrite (with an excess of Cr and relatively less Fe, Ni, and Mn than in the , ?? phase). Some small second-phase particles also occurred. Electron microprobe a-1lysis identified these particles as carbides (Me23C6 type) and carbonitrides (Me23C6 type). Pure nitrides were very rare. The X-ray a-1lysis did not detect any a-phase in the materials under investigation.",1
66.34,17.40,5.50,0.00,0.00,0.07,0.00,0.02,0.22,10.40,0.00,0.03,0.02,0.00,0.00,0.00,0.00,0.00,0.00,0.00,0.00,0.00,0.00,0.00,336.98,25,1.00,0.0500,"Potentiody-1mic Polarization, the specimens were cut from rods and mounted in epoxy resin so that the exposed surface area was about 0.8 cm^2. This surface was coarse-ground with silicon-carbide papers and then fine-ground with alumi-1 paste.",1.66,"Steels used for this study were kindly supplied by the Institute of Iron Metallurgy in Gliwice, Poland. They were in the form of hot forged rods, 18 mm in diameter. The steels were tested in the as-received and quenched after 1 hour of heaing in air at 1120oC",3,"In the hot-forged condition the steels with 0.12, 0.25, and 0.35%N were austenitic, whereas those with 0.07 and 0.17% N contained austenite with a small amount of ??-ferrite (with an excess of Cr and relatively less Fe, Ni, and Mn than in the , ?? phase). Some small second-phase particles also occurred. Electron microprobe a-1lysis identified these particles as carbides (Me23C6 type) and carbonitrides (Me23C6 type). Pure nitrides were very rare. The X-ray a-1lysis did not detect any a-phase in the materials under investigation.",1
66.17,17.80,5.20,0.00,0.00,0.25,0.00,0.02,0.31,10.20,0.00,0.03,0.02,0.00,0.00,0.00,0.00,0.00,0.00,0.00,0.00,0.00,0.00,0.00,698.86,25,1.00,0.0500,"Potentiody-1mic Polarization, the specimens were cut from rods and mounted in epoxy resin so that the exposed surface area was about 0.8 cm^2. This surface was coarse-ground with silicon-carbide papers and then fine-ground with alumi-1 paste.",1.66,"Steels used for this study were kindly supplied by the Institute of Iron Metallurgy in Gliwice, Poland. They were in the form of hot forged rods, 18 mm in diameter. The steels were tested in the as-received and quenched after 1 hour of heaing in air at 1120oC",1,"In the hot-forged condition the steels with 0.12, 0.25, and 0.35%N were austenitic, whereas those with 0.07 and 0.17% N contained austenite with a small amount of ??-ferrite (with an excess of Cr and relatively less Fe, Ni, and Mn than in the , ?? phase). Some small second-phase particles also occurred. Electron microprobe a-1lysis identified these particles as carbides (Me23C6 type) and carbonitrides (Me23C6 type). Pure nitrides were very rare. The X-ray a-1lysis did not detect any a-phase in the materials under investigation.",1
64.96,18.20,5.40,0.00,0.00,0.35,0.00,0.02,0.32,10.70,0.00,0.03,0.02,0.00,0.00,0.00,0.00,0.00,0.00,0.00,0.00,0.00,0.00,0.00,685.69,25,1.00,0.0500,"Potentiody-1mic Polarization, the specimens were cut from rods and mounted in epoxy resin so that the exposed surface area was about 0.8 cm^2. This surface was coarse-ground with silicon-carbide papers and then fine-ground with alumi-1 paste.",1.66,"Steels used for this study were kindly supplied by the Institute of Iron Metallurgy in Gliwice, Poland. They were in the form of hot forged rods, 18 mm in diameter. The steels were tested in the as-received and quenched after 1 hour of heaing in air at 1120oC",1,"In the hot-forged condition the steels with 0.12, 0.25, and 0.35%N were austenitic, whereas those with 0.07 and 0.17% N contained austenite with a small amount of ??-ferrite (with an excess of Cr and relatively less Fe, Ni, and Mn than in the , ?? phase). Some small second-phase particles also occurred. Electron microprobe a-1lysis identified these particles as carbides (Me23C6 type) and carbonitrides (Me23C6 type). Pure nitrides were very rare. The X-ray a-1lysis did not detect any a-phase in the materials under investigation.",1
76.91,17.20,5.51,0.00,0.00,0.07,0.00,0.01,0.23,0.03,0.00,0.03,0.01,0.00,0.00,0.00,0.00,0.00,0.00,0.00,0.00,0.00,0.00,0.00,505.83,25,1.00,0.1000,"Potentiody-1mic Polarization, the specimens were cut from rods and mounted in epoxy resin so that the exposed surface area was about 0.8 cm^2. This surface was coarse-ground with silicon-carbide papers and then fine-ground with alumi-1 paste.",1.66,"Steels used for this study were kindly supplied by the Institute of Iron Metallurgy in Gliwice, Poland. They were in the form of hot forged rods, 18 mm in diameter. Quenching in water occurered after either (1) heating 1h in air at 1050C, (2) heating 0.5h in air at 1050C",2,"In the as-received specimens of the 18Cr-5Ni-0.03Mn steel, metallographic exami-1tion revealed the presence of martensite with some inclusions of ??-ferrite. As determined by X-ray a-1lysis, the alloys with more than 5% Mn contained austenite and ferrite. No traces of ??-phase were detected. The amount of ??-phase depended upon the steel composition.  The higher the Mn content was and the lower the C and the N contents were, the greater the amount of ??-phase present. However, heat-to-heat variations also very likely influenced the phase composition of the alloys under investigation. In all specimens, small particles of a foreign phase were detected. They were identified by electron probe a-1lysis as carbides (presumably Me23C6).",1
71.04,17.40,5.47,0.00,0.00,0.06,0.00,0.02,0.27,5.70,0.00,0.03,0.01,0.00,0.00,0.00,0.00,0.00,0.00,0.00,0.00,0.00,0.00,0.00,-144.35,25,1.00,0.1000,"Potentiody-1mic Polarization, the specimens were cut from rods and mounted in epoxy resin so that the exposed surface area was about 0.8 cm^2. This surface was coarse-ground with silicon-carbide papers and then fine-ground with alumi-1 paste.",1.66,"Steels used for this study were kindly supplied by the Institute of Iron Metallurgy in Gliwice, Poland. They were in the form of hot forged rods, 18 mm in diameter. Quenching in water occurered after either (1) heating 1h in air at 1050C, (2) heating 0.5h in air at 1050C",2,"In the as-received specimens of the 18Cr-5Ni-0.03Mn steel, metallographic exami-1tion revealed the presence of martensite with some inclusions of ??-ferrite. As determined by X-ray a-1lysis, the alloys with more than 5% Mn contained austenite and ferrite. No traces of ??-phase were detected. The amount of ??-phase depended upon the steel composition.  The higher the Mn content was and the lower the C and the N contents were, the greater the amount of ??-phase present. However, heat-to-heat variations also very likely influenced the phase composition of the alloys under investigation. In all specimens, small particles of a foreign phase were detected. They were identified by electron probe a-1lysis as carbides (presumably Me23C6).",1
66.60,17.60,5.52,0.00,0.00,0.05,0.00,0.01,0.57,9.60,0.00,0.03,0.01,0.00,0.00,0.00,0.00,0.00,0.00,0.00,0.00,0.00,0.00,0.00,-175.71,25,1.00,0.1000,"Potentiody-1mic Polarization, the specimens were cut from rods and mounted in epoxy resin so that the exposed surface area was about 0.8 cm^2. This surface was coarse-ground with silicon-carbide papers and then fine-ground with alumi-1 paste.",1.66,"Steels used for this study were kindly supplied by the Institute of Iron Metallurgy in Gliwice, Poland. They were in the form of hot forged rods, 18 mm in diameter. Quenching in water occurered after either (1) heating 1h in air at 1050C, (2) heating 0.5h in air at 1050C",2,"In the as-received specimens of the 18Cr-5Ni-0.03Mn steel, metallographic exami-1tion revealed the presence of martensite with some inclusions of ??-ferrite. As determined by X-ray a-1lysis, the alloys with more than 5% Mn contained austenite and ferrite. No traces of ??-phase were detected. The amount of ??-phase depended upon the steel composition.  The higher the Mn content was and the lower the C and the N contents were, the greater the amount of ??-phase present. However, heat-to-heat variations also very likely influenced the phase composition of the alloys under investigation. In all specimens, small particles of a foreign phase were detected. They were identified by electron probe a-1lysis as carbides (presumably Me23C6).",1
66.25,17.50,5.69,0.00,0.00,0.02,0.00,0.00,0.50,10.00,0.00,0.03,0.02,0.00,0.00,0.00,0.00,0.00,0.00,0.00,0.00,0.00,0.00,0.00,-144.35,25,1.00,0.1000,"Potentiody-1mic Polarization, the specimens were cut from rods and mounted in epoxy resin so that the exposed surface area was about 0.8 cm^2. This surface was coarse-ground with silicon-carbide papers and then fine-ground with alumi-1 paste.",1.66,"Steels used for this study were kindly supplied by the Institute of Iron Metallurgy in Gliwice, Poland. They were in the form of hot forged rods, 18 mm in diameter. Quenching in water occurered after either (1) heating 1h in air at 1050C, (2) heating 0.5h in air at 1050C",2,"In the as-received specimens of the 18Cr-5Ni-0.03Mn steel, metallographic exami-1tion revealed the presence of martensite with some inclusions of ??-ferrite. As determined by X-ray a-1lysis, the alloys with more than 5% Mn contained austenite and ferrite. No traces of ??-phase were detected. The amount of ??-phase depended upon the steel composition.  The higher the Mn content was and the lower the C and the N contents were, the greater the amount of ??-phase present. However, heat-to-heat variations also very likely influenced the phase composition of the alloys under investigation. In all specimens, small particles of a foreign phase were detected. They were identified by electron probe a-1lysis as carbides (presumably Me23C6).",1
64.86,17.60,5.48,0.00,0.00,0.07,0.00,0.02,0.23,11.70,0.00,0.03,0.02,0.00,0.00,0.00,0.00,0.00,0.00,0.00,0.00,0.00,0.00,0.00,-144.35,25,1.00,0.1000,"Potentiody-1mic Polarization, the specimens were cut from rods and mounted in epoxy resin so that the exposed surface area was about 0.8 cm^2. This surface was coarse-ground with silicon-carbide papers and then fine-ground with alumi-1 paste.",1.66,"Steels used for this study were kindly supplied by the Institute of Iron Metallurgy in Gliwice, Poland. They were in the form of hot forged rods, 18 mm in diameter. Quenching in water occurered after either (1) heating 1h in air at 1050C, (2) heating 0.5h in air at 1050C",2,"In the as-received specimens of the 18Cr-5Ni-0.03Mn steel, metallographic exami-1tion revealed the presence of martensite with some inclusions of ??-ferrite. As determined by X-ray a-1lysis, the alloys with more than 5% Mn contained austenite and ferrite. No traces of ??-phase were detected. The amount of ??-phase depended upon the steel composition.  The higher the Mn content was and the lower the C and the N contents were, the greater the amount of ??-phase present. However, heat-to-heat variations also very likely influenced the phase composition of the alloys under investigation. In all specimens, small particles of a foreign phase were detected. They were identified by electron probe a-1lysis as carbides (presumably Me23C6).",1
61.22,17.60,5.44,0.00,0.00,0.09,0.00,0.00,0.50,15.10,0.00,0.03,0.02,0.00,0.00,0.00,0.00,0.00,0.00,0.00,0.00,0.00,0.00,0.00,-167.34,25,1.00,0.1000,"Potentiody-1mic Polarization, the specimens were cut from rods and mounted in epoxy resin so that the exposed surface area was about 0.8 cm^2. This surface was coarse-ground with silicon-carbide papers and then fine-ground with alumi-1 paste.",1.66,"Steels used for this study were kindly supplied by the Institute of Iron Metallurgy in Gliwice, Poland. They were in the form of hot forged rods, 18 mm in diameter. Quenching in water occurered after either (1) heating 1h in air at 1050C, (2) heating 0.5h in air at 1050C",2,"In the as-received specimens of the 18Cr-5Ni-0.03Mn steel, metallographic exami-1tion revealed the presence of martensite with some inclusions of ??-ferrite. As determined by X-ray a-1lysis, the alloys with more than 5% Mn contained austenite and ferrite. No traces of ??-phase were detected. The amount of ??-phase depended upon the steel composition.  The higher the Mn content was and the lower the C and the N contents were, the greater the amount of ??-phase present. However, heat-to-heat variations also very likely influenced the phase composition of the alloys under investigation. In all specimens, small particles of a foreign phase were detected. They were identified by electron probe a-1lysis as carbides (presumably Me23C6).",1
76.91,17.20,5.51,0.00,0.00,0.07,0.00,0.01,0.23,0.03,0.00,0.03,0.01,0.00,0.00,0.00,0.00,0.00,0.00,0.00,0.00,0.00,0.00,0.00,852.86,25,1.00,0.0500,"Potentiody-1mic Polarization, the specimens were cut from rods and mounted in epoxy resin so that the exposed surface area was about 0.8 cm^2. This surface was coarse-ground with silicon-carbide papers and then fine-ground with alumi-1 paste.",1.66,"Steels used for this study were kindly supplied by the Institute of Iron Metallurgy in Gliwice, Poland. They were in the form of hot forged rods, 18 mm in diameter. Quenching in water occurered after either (1) heating 1h in air at 1050C, (2) heating 0.5h in air at 1050C",2,"In the as-received specimens of the 18Cr-5Ni-0.03Mn steel, metallographic exami-1tion revealed the presence of martensite with some inclusions of ??-ferrite. As determined by X-ray a-1lysis, the alloys with more than 5% Mn contained austenite and ferrite. No traces of ??-phase were detected. The amount of ??-phase depended upon the steel composition.  The higher the Mn content was and the lower the C and the N contents were, the greater the amount of ??-phase present. However, heat-to-heat variations also very likely influenced the phase composition of the alloys under investigation. In all specimens, small particles of a foreign phase were detected. They were identified by electron probe a-1lysis as carbides (presumably Me23C6).",1
71.04,17.40,5.47,0.00,0.00,0.06,0.00,0.02,0.27,5.70,0.00,0.03,0.01,0.00,0.00,0.00,0.00,0.00,0.00,0.00,0.00,0.00,0.00,0.00,700.25,25,1.00,0.0500,"Potentiody-1mic Polarization, the specimens were cut from rods and mounted in epoxy resin so that the exposed surface area was about 0.8 cm^2. This surface was coarse-ground with silicon-carbide papers and then fine-ground with alumi-1 paste.",1.66,"Steels used for this study were kindly supplied by the Institute of Iron Metallurgy in Gliwice, Poland. They were in the form of hot forged rods, 18 mm in diameter. Quenching in water occurered after either (1) heating 1h in air at 1050C, (2) heating 0.5h in air at 1050C",2,"In the as-received specimens of the 18Cr-5Ni-0.03Mn steel, metallographic exami-1tion revealed the presence of martensite with some inclusions of ??-ferrite. As determined by X-ray a-1lysis, the alloys with more than 5% Mn contained austenite and ferrite. No traces of ??-phase were detected. The amount of ??-phase depended upon the steel composition.  The higher the Mn content was and the lower the C and the N contents were, the greater the amount of ??-phase present. However, heat-to-heat variations also very likely influenced the phase composition of the alloys under investigation. In all specimens, small particles of a foreign phase were detected. They were identified by electron probe a-1lysis as carbides (presumably Me23C6).",1
66.60,17.60,5.52,0.00,0.00,0.05,0.00,0.01,0.57,9.60,0.00,0.03,0.01,0.00,0.00,0.00,0.00,0.00,0.00,0.00,0.00,0.00,0.00,0.00,252.86,25,1.00,0.0500,"Potentiody-1mic Polarization, the specimens were cut from rods and mounted in epoxy resin so that the exposed surface area was about 0.8 cm^2. This surface was coarse-ground with silicon-carbide papers and then fine-ground with alumi-1 paste.",1.66,"Steels used for this study were kindly supplied by the Institute of Iron Metallurgy in Gliwice, Poland. They were in the form of hot forged rods, 18 mm in diameter. Quenching in water occurered after either (1) heating 1h in air at 1050C, (2) heating 0.5h in air at 1050C",2,"In the as-received specimens of the 18Cr-5Ni-0.03Mn steel, metallographic exami-1tion revealed the presence of martensite with some inclusions of ??-ferrite. As determined by X-ray a-1lysis, the alloys with more than 5% Mn contained austenite and ferrite. No traces of ??-phase were detected. The amount of ??-phase depended upon the steel composition.  The higher the Mn content was and the lower the C and the N contents were, the greater the amount of ??-phase present. However, heat-to-heat variations also very likely influenced the phase composition of the alloys under investigation. In all specimens, small particles of a foreign phase were detected. They were identified by electron probe a-1lysis as carbides (presumably Me23C6).",1
66.25,17.50,5.69,0.00,0.00,0.02,0.00,0.00,0.50,10.00,0.00,0.03,0.02,0.00,0.00,0.00,0.00,0.00,0.00,0.00,0.00,0.00,0.00,0.00,252.86,25,1.00,0.0500,"Potentiody-1mic Polarization, the specimens were cut from rods and mounted in epoxy resin so that the exposed surface area was about 0.8 cm^2. This surface was coarse-ground with silicon-carbide papers and then fine-ground with alumi-1 paste.",1.66,"Steels used for this study were kindly supplied by the Institute of Iron Metallurgy in Gliwice, Poland. They were in the form of hot forged rods, 18 mm in diameter. Quenching in water occurered after either (1) heating 1h in air at 1050C, (2) heating 0.5h in air at 1050C",2,"In the as-received specimens of the 18Cr-5Ni-0.03Mn steel, metallographic exami-1tion revealed the presence of martensite with some inclusions of ??-ferrite. As determined by X-ray a-1lysis, the alloys with more than 5% Mn contained austenite and ferrite. No traces of ??-phase were detected. The amount of ??-phase depended upon the steel composition.  The higher the Mn content was and the lower the C and the N contents were, the greater the amount of ??-phase present. However, heat-to-heat variations also very likely influenced the phase composition of the alloys under investigation. In all specimens, small particles of a foreign phase were detected. They were identified by electron probe a-1lysis as carbides (presumably Me23C6).",1
64.86,17.60,5.48,0.00,0.00,0.07,0.00,0.02,0.23,11.70,0.00,0.03,0.02,0.00,0.00,0.00,0.00,0.00,0.00,0.00,0.00,0.00,0.00,0.00,254.95,25,1.00,0.0500,"Potentiody-1mic Polarization, the specimens were cut from rods and mounted in epoxy resin so that the exposed surface area was about 0.8 cm^2. This surface was coarse-ground with silicon-carbide papers and then fine-ground with alumi-1 paste.",1.66,"Steels used for this study were kindly supplied by the Institute of Iron Metallurgy in Gliwice, Poland. They were in the form of hot forged rods, 18 mm in diameter. Quenching in water occurered after either (1) heating 1h in air at 1050C, (2) heating 0.5h in air at 1050C",2,"In the as-received specimens of the 18Cr-5Ni-0.03Mn steel, metallographic exami-1tion revealed the presence of martensite with some inclusions of ??-ferrite. As determined by X-ray a-1lysis, the alloys with more than 5% Mn contained austenite and ferrite. No traces of ??-phase were detected. The amount of ??-phase depended upon the steel composition.  The higher the Mn content was and the lower the C and the N contents were, the greater the amount of ??-phase present. However, heat-to-heat variations also very likely influenced the phase composition of the alloys under investigation. In all specimens, small particles of a foreign phase were detected. They were identified by electron probe a-1lysis as carbides (presumably Me23C6).",1
61.22,17.60,5.44,0.00,0.00,0.09,0.00,0.00,0.50,15.10,0.00,0.03,0.02,0.00,0.00,0.00,0.00,0.00,0.00,0.00,0.00,0.00,0.00,0.00,250.77,25,1.00,0.0500,"Potentiody-1mic Polarization, the specimens were cut from rods and mounted in epoxy resin so that the exposed surface area was about 0.8 cm^2. This surface was coarse-ground with silicon-carbide papers and then fine-ground with alumi-1 paste.",1.66,"Steels used for this study were kindly supplied by the Institute of Iron Metallurgy in Gliwice, Poland. They were in the form of hot forged rods, 18 mm in diameter. Quenching in water occurered after either (1) heating 1h in air at 1050C, (2) heating 0.5h in air at 1050C",2,"In the as-received specimens of the 18Cr-5Ni-0.03Mn steel, metallographic exami-1tion revealed the presence of martensite with some inclusions of ??-ferrite. As determined by X-ray a-1lysis, the alloys with more than 5% Mn contained austenite and ferrite. No traces of ??-phase were detected. The amount of ??-phase depended upon the steel composition.  The higher the Mn content was and the lower the C and the N contents were, the greater the amount of ??-phase present. However, heat-to-heat variations also very likely influenced the phase composition of the alloys under investigation. In all specimens, small particles of a foreign phase were detected. They were identified by electron probe a-1lysis as carbides (presumably Me23C6).",1
69.82,17.00,13.00,0.00,0.00,0.16,0.00,0.00,0.01,0.01,0.00,0.00,0.00,0.00,0.00,0.00,0.00,0.00,0.00,0.00,0.00,0.00,0.00,0.00,860.69,25,0.00,0.0000,"Potentiody-1mic Polarization, the electrochemical experiments were carried out in an inert gas glove box by using a 0.5 M H2SO4 solution which was de-aerated by purging with N2. Sample disks of 10 mm diameter were mounted in the electrochemical glass cell equipped with a platinum counter electrode and a mercurous sulfate reference electrode.",1.00,-1,-1,no major difference between different sample in fig 1,1
71.98,18.00,10.00,0.00,0.00,0.00,0.00,0.00,0.01,0.01,0.00,0.00,0.00,0.00,0.00,0.00,0.00,0.00,0.00,0.00,0.00,0.00,0.00,0.00,860.69,25,0.00,0.0000,"Potentiody-1mic Polarization, the electrochemical experiments were carried out in an inert gas glove box by using a 0.5 M H2SO4 solution which was de-aerated by purging with N2. Sample disks of 10 mm diameter were mounted in the electrochemical glass cell equipped with a platinum counter electrode and a mercurous sulfate reference electrode.",1.00,-1,-1,"no major difference between different sample in fig 1, N<10ppm",1
66.81,16.64,14.23,2.25,0.00,0.00,0.00,0.00,0.01,0.01,0.00,0.00,0.00,0.05,0.00,0.00,0.00,0.00,0.00,0.00,0.00,0.00,0.00,0.00,477.73,25,7.00,1.0000,"Potentiody-1mic Polarization, Cu-wire was spot-welded to one side of each specimen, mounted in epoxy resin, and ground to 2000 grade silicon carbide. To avoid crevice corrosion, the specimenmount interface was carefully coated with a thin ®lm of silicone sealant. Approximately 1 cm2 of the surface was exposed to the test solution.",0.20,"The alloys were induction melted in a vacuum fur-1ce and cast into ingots. The ingots were hot-rolled in a controlled atmosphere, and then cold-rolled to 2.154 mm thick sheets. Before the experiments, all specimens were solution annealed for 20 min at 1150°C, and then water quenched.",1,perform at room temperature,1
66.76,16.56,14.26,2.27,0.00,0.06,0.00,0.00,0.01,0.01,0.00,0.00,0.00,0.07,0.00,0.00,0.00,0.00,0.00,0.00,0.00,0.00,0.00,0.00,673.94,25,7.00,1.0000,"Potentiody-1mic Polarization. Potentiody-1mic polarization tests were performed using a three-electrode cell system consisting of a saturated calomel electrode (SCE) as a reference, a platinum electrode as a counter, and a specimen as the working electrode. The sample was kept immersed in the test solution for 2 h at open-circuit potential. After obtaining the stable corrosion potential (Ecorr), the potential was raised in the anodic direction, from ±100 mV below Ecorr, at a scan rate of 0.2 mV/s.",0.20,"The alloys were induction melted in a vacuum fur-1ce and cast into ingots. The ingots were hot-rolled in a controlled atmosphere, and then cold-rolled to 2.154 mm thick sheets. Before the experiments, all specimens were solution annealed for 20 min at 1150°C, and then water quenched.",1,perform at room temperature,1
67.07,16.40,14.10,2.23,0.00,0.12,0.00,0.00,0.01,0.01,0.00,0.00,0.00,0.06,0.00,0.00,0.00,0.00,0.00,0.00,0.00,0.00,0.00,0.00,936.28,25,7.00,1.0000,"Potentiody-1mic Polarization. Potentiody-1mic polarization tests were performed using a three-electrode cell system consisting of a saturated calomel electrode (SCE) as a reference, a platinum electrode as a counter, and a specimen as the working electrode. The sample was kept immersed in the test solution for 2 h at open-circuit potential. After obtaining the stable corrosion potential (Ecorr), the potential was raised in the anodic direction, from ±100 mV below Ecorr, at a scan rate of 0.2 mV/s.",0.20,"The alloys were induction melted in a vacuum fur-1ce and cast into ingots. The ingots were hot-rolled in a controlled atmosphere, and then cold-rolled to 2.154 mm thick sheets. Before the experiments, all specimens were solution annealed for 20 min at 1150°C, and then water quenched.",1,perform at room temperature,1
66.99,16.36,14.08,2.29,0.00,0.17,0.00,0.00,0.02,0.01,0.00,0.00,0.00,0.08,0.00,0.00,0.00,0.00,0.00,0.00,0.00,0.00,0.00,0.00,1168.83,25,7.00,1.0000,"Potentiody-1mic Polarization. Potentiody-1mic polarization tests were performed using a three-electrode cell system consisting of a saturated calomel electrode (SCE) as a reference, a platinum electrode as a counter, and a specimen as the working electrode. The sample was kept immersed in the test solution for 2 h at open-circuit potential. After obtaining the stable corrosion potential (Ecorr), the potential was raised in the anodic direction, from ±100 mV below Ecorr, at a scan rate of 0.2 mV/s.",0.20,"The alloys were induction melted in a vacuum fur-1ce and cast into ingots. The ingots were hot-rolled in a controlled atmosphere, and then cold-rolled to 2.154 mm thick sheets. Before the experiments, all specimens were solution annealed for 20 min at 1150°C, and then water quenched.",1,perform at room temperature,1
46.20,16.91,14.29,2.18,0.00,0.39,0.00,0.00,0.01,20.00,0.00,0.00,0.00,0.01,0.00,0.00,0.00,0.00,0.00,0.00,0.00,0.00,0.00,0.00,440.00,25,7.00,1.0000,"Potentiody-1mic Polarization. Potentiody-1mic polarization tests were performed using a three-electrode cell system consisting of a saturated calomel electrode (SCE) as a reference, a platinum electrode as a counter, and a specimen as the working electrode. The sample was kept immersed in the test solution for 2 h at open-circuit potential. After obtaining the stable corrosion potential (Ecorr), the potential was raised in the anodic direction, from ±100 mV below Ecorr, at a scan rate of 0.2 mV/s.",0.20,"The alloys were induction melted in a vacuum fur-1ce and cast into ingots. The ingots were hot-rolled in a controlled atmosphere, and then cold-rolled to 2.154 mm thick sheets. Before the experiments, all specimens were solution annealed for 20 min at 1150°C, and then water quenched.",1,perform at room temperature,1
66.81,16.64,14.23,2.25,0.00,0.00,0.00,0.00,0.01,0.01,0.00,0.00,0.00,0.05,0.00,0.00,0.00,0.00,0.00,0.00,0.00,0.00,0.00,0.00,203.35,25,0.30,0.5000,"Potentiody-1mic Polarization. Potentiody-1mic polarization tests were performed using a three-electrode cell system consisting of a saturated calomel electrode (SCE) as a reference, a platinum electrode as a counter, and a specimen as the working electrode. The sample was kept immersed in the test solution for 2 h at open-circuit potential. After obtaining the stable corrosion potential (Ecorr), the potential was raised in the anodic direction, from ±100 mV below Ecorr, at a scan rate of 0.2 mV/s.",0.20,"The alloys were induction melted in a vacuum fur-1ce and cast into ingots. The ingots were hot-rolled in a controlled atmosphere, and then cold-rolled to 2.154 mm thick sheets. Before the experiments, all specimens were solution annealed for 20 min at 1150°C, and then water quenched.",1,perform at room temperature,1
66.76,16.56,14.26,2.27,0.00,0.06,0.00,0.00,0.01,0.01,0.00,0.00,0.00,0.07,0.00,0.00,0.00,0.00,0.00,0.00,0.00,0.00,0.00,0.00,254.10,25,0.30,0.5000,"Potentiody-1mic Polarization. Potentiody-1mic polarization tests were performed using a three-electrode cell system consisting of a saturated calomel electrode (SCE) as a reference, a platinum electrode as a counter, and a specimen as the working electrode. The sample was kept immersed in the test solution for 2 h at open-circuit potential. After obtaining the stable corrosion potential (Ecorr), the potential was raised in the anodic direction, from ±100 mV below Ecorr, at a scan rate of 0.2 mV/s.",0.20,"The alloys were induction melted in a vacuum fur-1ce and cast into ingots. The ingots were hot-rolled in a controlled atmosphere, and then cold-rolled to 2.154 mm thick sheets. Before the experiments, all specimens were solution annealed for 20 min at 1150°C, and then water quenched.",1,perform at room temperature,1
67.07,16.40,14.10,2.23,0.00,0.12,0.00,0.00,0.01,0.01,0.00,0.00,0.00,0.06,0.00,0.00,0.00,0.00,0.00,0.00,0.00,0.00,0.00,0.00,304.88,25,0.30,0.5000,"Potentiody-1mic Polarization. Potentiody-1mic polarization tests were performed using a three-electrode cell system consisting of a saturated calomel electrode (SCE) as a reference, a platinum electrode as a counter, and a specimen as the working electrode. The sample was kept immersed in the test solution for 2 h at open-circuit potential. After obtaining the stable corrosion potential (Ecorr), the potential was raised in the anodic direction, from ±100 mV below Ecorr, at a scan rate of 0.2 mV/s.",0.20,"The alloys were induction melted in a vacuum fur-1ce and cast into ingots. The ingots were hot-rolled in a controlled atmosphere, and then cold-rolled to 2.154 mm thick sheets. Before the experiments, all specimens were solution annealed for 20 min at 1150°C, and then water quenched.",1,perform at room temperature,1
66.99,16.36,14.08,2.29,0.00,0.17,0.00,0.00,0.02,0.01,0.00,0.00,0.00,0.08,0.00,0.00,0.00,0.00,0.00,0.00,0.00,0.00,0.00,0.00,345.68,25,0.30,0.5000,"Potentiody-1mic Polarization. Potentiody-1mic polarization tests were performed using a three-electrode cell system consisting of a saturated calomel electrode (SCE) as a reference, a platinum electrode as a counter, and a specimen as the working electrode. The sample was kept immersed in the test solution for 2 h at open-circuit potential. After obtaining the stable corrosion potential (Ecorr), the potential was raised in the anodic direction, from ±100 mV below Ecorr, at a scan rate of 0.2 mV/s.",0.20,"The alloys were induction melted in a vacuum fur-1ce and cast into ingots. The ingots were hot-rolled in a controlled atmosphere, and then cold-rolled to 2.154 mm thick sheets. Before the experiments, all specimens were solution annealed for 20 min at 1150°C, and then water quenched.",1,perform at room temperature,1
53.81,19.86,19.98,5.99,0.03,0.01,0.00,0.01,0.08,0.20,0.00,0.01,0.02,0.00,0.00,0.00,0.00,0.00,0.00,0.00,0.00,0.00,0.00,0.00,841.51,22,1.00,0.5000,"Potentiody-1mic Polarization. Polarization was performed in an electrochemical cell attached to the ESCA instrument. The arrangement allows the samples to be transferred to the a-1lyser without air exposure. The electrolyte was de-aerated by Ar bubbling for 2 h before exposure. The samples were activated at - 700 mV for 10 min. The sweep rate at the potentiody-1mic tests was 1 mVs_‘. The samples prepared for the ESCA a-1lyses were polarized by stepping the potential from the activation potential to the potentials - 75, 500 and 800 mV (SCE). The potentials were maintained for 10 min and 2 h.",1.00,The steels were heat treated at 1100 and 1250°C followed by quenching in water in order to homogenize the structure.,-1,no major difference between two samples,1
53.85,19.74,19.96,5.96,0.03,0.19,0.00,0.01,0.09,0.14,0.00,0.01,0.02,0.00,0.00,0.00,0.00,0.00,0.00,0.00,0.00,0.00,0.00,0.00,841.51,22,1.00,0.5000,"Potentiody-1mic Polarization. Polarization was performed in an electrochemical cell attached to the ESCA instrument. The arrangement allows the samples to be transferred to the a-1lyser without air exposure. The electrolyte was de-aerated by Ar bubbling for 2 h before exposure. The samples were activated at - 700 mV for 10 min. The sweep rate at the potentiody-1mic tests was 1 mVs_‘. The samples prepared for the ESCA a-1lyses were polarized by stepping the potential from the activation potential to the potentials - 75, 500 and 800 mV (SCE). The potentials were maintained for 10 min and 2 h.",1.00,The steels were heat treated at 1100 and 1250°C followed by quenching in water in order to homogenize the structure.,-1,no major difference between two samples,1
67.21,25.10,5.00,2.46,0.00,0.16,0.00,0.07,0.00,0.00,0.00,0.00,0.00,0.00,0.00,0.00,0.00,0.00,0.00,0.00,0.00,0.00,0.00,0.00,860.00,30,7,0.53,ASTM G1,-1," 2h at 1120 celcius, water quenched",3,"cast alloy,  76 mm thick section, Ferritic-Austenitic Stainless Steel",1
66.95,25.30,5.23,2.44,0.00,0.05,0.00,0.03,0.00,0.00,0.00,0.00,0.00,0.00,0.00,0.00,0.00,0.00,0.00,0.00,0.00,0.00,0.00,0.00,160.00,30,7,0.53,ASTM G1,-1," 2h at 1120 celcius, water quenched",3,"cast alloy,  76 mm thick section, Ferritic-Austenitic Stainless Steel",1
71.93,18.00,10.00,0.00,0.00,0.00,0.00,0.07,0.00,0.00,0.00,0.00,0.00,0.00,0.00,0.00,0.00,0.00,0.00,0.00,0.00,0.00,0.00,0.00,850.00,30,0,1.00E-06,ASTM G1,0.166,annealed ,1,18Cr-10Ni Stainless Steel (likely Type-304 S),1
82.93,17.00,0.00,0.00,0.00,0.00,0.00,0.07,0.00,0.00,0.00,0.00,0.00,0.00,0.00,0.00,0.00,0.00,0.00,0.00,0.00,0.00,0.00,0.00,600.00,30,0,1.00E-06,ASTM G1,0.166,annealed ,2,17Cr-0Ni Stainless Steel (likely Type 430-SK),1
68.93,18.00,10.00,3.00,0.00,0.00,0.00,0.07,0.00,0.00,0.00,0.00,0.00,0.00,0.00,0.00,0.00,0.00,0.00,0.00,0.00,0.00,0.00,0.00,815.00,30,0,1.00E-06,ASTM G1,0.166,annealed ,1,18Cr-10Ni-3Mo Stainless Steel ,1
43.44,20.00,29.00,3.00,0.00,0.00,1.00,0.06,0.00,0.00,3.50,0.00,0.00,0.00,0.00,0.00,0.00,0.00,0.00,0.00,0.00,0.00,0.00,0.00,830.00,30,0,1.00E-06,ASTMG1,0.166,annealed ,-1,29Ni-20Cr-3Mo-3.5Cu-1Nb High Alloy Stainless Steel,1
71.93,18.00,10.00,0.00,0.00,0.00,0.00,0.07,0.00,0.00,0.00,0.00,0.00,0.00,0.00,0.00,0.00,0.00,0.00,0.00,0.00,0.00,0.00,0.00,800.00,30,0,1.00E-06,ASTMG1,0.166,sensitized,1,18Cr-10Ni Stainless Steel (likely Type-304 S),1
68.93,18.00,10.00,3.00,0.00,0.00,0.00,0.07,0.00,0.00,0.00,0.00,0.00,0.00,0.00,0.00,0.00,0.00,0.00,0.00,0.00,0.00,0.00,0.00,870.00,30,0,1.00E-06,ASTMG1,0.166,sensitized,1,18Cr-10Ni-3Mo Stainless Steel ,1
68.96,18.00,10.00,3.00,0.00,0.00,0.00,0.04,0.00,0.00,0.00,0.00,0.00,0.00,0.00,0.00,0.00,0.00,0.00,0.00,0.00,0.00,0.00,0.00,880.00,30,0,1.00E-06,ASTMG1,0.166,sensitized,1,18Cr-10Ni-3Mo Stainless Steel ,1
67.93,18.00,10.00,3.00,0.00,0.00,1.00,0.07,0.00,0.00,0.00,0.00,0.00,0.00,0.00,0.00,0.00,0.00,0.00,0.00,0.00,0.00,0.00,0.00,810.00,30,0,1.00E-06,ASTMG1,0.166,annealed ,1,18Cr-10Ni-3Mo-1Nb Stainless Steel,1
72.00,18.00,10.00,0.00,0.00,0.00,0.00,0.00,0.00,0.00,0.00,0.00,0.00,0.00,0.00,0.00,0.00,0.00,0.00,0.00,0.00,0.00,0.00,0.00,-50.00,30,7,5.30E-01,ASTMG1,0.166,-1,1,18Cr-10Ni Stainless Steel (likely Type-304 S),1
69.00,18.00,10.00,3.00,0.00,0.00,0.00,0.00,0.00,0.00,0.00,0.00,0.00,0.00,0.00,0.00,0.00,0.00,0.00,0.00,0.00,0.00,0.00,0.00,200.00,30,7,5.30E-01,ASTMG1,0.166,-1,1,18Cr-10Ni-3Mo Stainless Steel ,1
64.00,25.00,5.50,2.50,0.00,0.00,0.00,0.00,0.00,0.00,3.00,0.00,0.00,0.00,0.00,0.00,0.00,0.00,0.00,0.00,0.00,0.00,0.00,0.00,850.00,30,7,5.30E-01,ASTMG1,0.166,-1,3,Ferralium alloy,1
64.00,25.00,5.50,2.50,0.00,0.00,0.00,0.00,0.00,0.00,3.00,0.00,0.00,0.00,0.00,0.00,0.00,0.00,0.00,0.00,0.00,0.00,0.00,0.00,940.00,30,7,1.00E-06,ASTMG1,0.166,-1,3,Ferralium alloy,1
64.00,25.00,5.50,2.50,0.00,0.00,0.00,0.00,0.00,0.00,3.00,0.00,0.00,0.00,0.00,0.00,0.00,0.00,0.00,0.00,0.00,0.00,0.00,0.00,920.00,30,7,5.30E-01,ASTMG1,0.166,solution treat at 1120 celcius ,3,Ferralium alloy,1
64.00,25.00,5.50,2.50,0.00,0.00,0.00,0.00,0.00,0.00,3.00,0.00,0.00,0.00,0.00,0.00,0.00,0.00,0.00,0.00,0.00,0.00,0.00,0.00,80.00,30,7,5.30E-01,ASTMG1,0.166,as cast,3,Ferralium alloy,1
64.00,25.00,5.50,2.50,0.00,0.00,0.00,0.00,0.00,0.00,3.00,0.00,0.00,0.00,0.00,0.00,0.00,0.00,0.00,0.00,0.00,0.00,0.00,0.00,40.00,30,7,5.30E-01,ASTMG!,0.166,as rolled,3,Ferralium alloy,1
63.17,25.50,5.50,3.00,0.00,0.10,0.00,0.08,0.00,0.00,2.65,0.00,0.00,0.00,0.00,0.00,0.00,0.00,0.00,0.00,0.00,0.00,0.00,0.00,906.00,30,7,5.30E-01,-1,-1,"solution treat at 1120 celcius, water quench ",3,Ferralium alloy 255,1
63.17,25.50,5.50,3.00,0.00,0.10,0.00,0.08,0.00,0.00,2.65,0.00,0.00,0.00,0.00,0.00,0.00,0.00,0.00,0.00,0.00,0.00,0.00,0.00,406.00,40,7,5.30E-01,-1,-1,"solution treat at 1120 celcius, water quench ",3,Ferralium alloy 255,1
61.07,27.50,7.50,2.50,0.00,0.10,0.00,0.08,0.00,0.00,1.25,0.00,0.00,0.00,0.00,0.00,0.00,0.00,0.00,0.00,0.00,0.00,0.00,0.00,906.00,40,7,5.30E-01,-1,-1,"solution treat at 1120 celcius, water quench ",3,Ferralium alloy 288,1
61.07,27.50,7.50,2.50,0.00,0.10,0.00,0.08,0.00,0.00,1.25,0.00,0.00,0.00,0.00,0.00,0.00,0.00,0.00,0.00,0.00,0.00,0.00,0.00,806.00,50,7,5.30E-01,-1,-1,"solution treat at 1120 celcius, water quench ",3,Ferralium alloy 288,1
61.07,27.50,7.50,2.50,0.00,0.10,0.00,0.08,0.00,0.00,1.25,0.00,0.00,0.00,0.00,0.00,0.00,0.00,0.00,0.00,0.00,0.00,0.00,0.00,266.00,60,7,5.30E-01,-1,-1,"solution treat at 1120 celcius, water quench ",3,Ferralium alloy 288,1
43.87,21.00,28.50,4.00,0.00,0.56,0.00,0.07,0.00,0.00,2.00,0.00,0.00,0.00,0.00,0.00,0.00,0.00,0.00,0.00,0.00,0.00,0.00,0.00,906.00,20,7,5.30E-01,-1,-1,"solution treat at 1120 celcius, water quench ",1,Cast 20-type,1
43.87,21.00,28.50,4.00,0.00,0.56,0.00,0.07,0.00,0.00,2.00,0.00,0.00,0.00,0.00,0.00,0.00,0.00,0.00,0.00,0.00,0.00,0.00,0.00,806.00,30,7,5.30E-01,-1,-1,"solution treat at 1120 celcius, water quench ",1,Cast 20-type,1
43.87,21.00,28.50,4.00,0.00,0.56,0.00,0.07,0.00,0.00,2.00,0.00,0.00,0.00,0.00,0.00,0.00,0.00,0.00,0.00,0.00,0.00,0.00,0.00,286.00,40,7,5.30E-01,-1,-1,"solution treat at 1120 celcius, water quench ",1,Cast 20-type,1
71.98,15.00,13.00,0.00,0.00,0.00,0.00,0.00,0.01,0.01,0.00,0.00,0.00,0.00,0.00,0.00,0.00,0.00,0.00,0.00,0.00,0.00,0.00,0.00,33.00,25,7.00,0.1000,"Potentiostatic Polarization. The experimental procedure was to first polarize the electrode potentiostatically at the least noble potential within the passive region for at least 15 min in order to achieve steady-state passivity. The potential was then advanced in stages of 50 mV, allowing 5 min between each change. Initially the current decreased or remained constant after each potential adjustment, but eventually a steadily increasing current at some potential V'c indicated the onset of pitting (or of transpassivity). Steady-state values Vc were obtained subsequently by holding the potential for long times at a fixed value and then observing pitting or the lack of it under a low power microscope. The lowest potential for which pitting could not be observed after a 10-hr or longer period of constant polarization was considered to be the steady-state value Vc. Reproducibility was in the order of ±5 mv.",steady state,"The ingots were homogenized in A or He, usually at 1050-1100 oC for several hours. Ingots of Ni-Cr, Ni-Mo, and Cr-Fe were cold rolled to 0.25 cm, then annealed at 1000-1050 oC and water quenched. The Cr-Fe alloys containing more than 40% Cr were difficult to roll or swage, hence electrodes were machined directly from the homogenized ingot. Ingots of the lower % Cr-Fe alloys and of the stainless steels were swaged to about 0.45 cm diam rods, annealed at 1050 oC and water quenched. All electrodes measured approximately 2 cm long and were either 0.4 cm diam or 0.5 cm wide by 0.2 cm thick. ",-1,"The electrodes were abraded to a fi-1l 3/0 emery paper, and pickled usually in 15% HNO3, 5% HF at 80 oC for 5 min to remove the cold worked surface.",1
71.54,15.00,13.00,0.44,0.00,0.00,0.00,0.00,0.01,0.01,0.00,0.00,0.00,0.00,0.00,0.00,0.00,0.00,0.00,0.00,0.00,0.00,0.00,0.00,58.00,25,7.00,0.1000,"Potentiostatic Polarization. The experimental procedure was to first polarize the electrode potentiostatically at the least noble potential within the passive region for at least 15 min in order to achieve steady-state passivity. The potential was then advanced in stages of 50 mV, allowing 5 min between each change. Initially the current decreased or remained constant after each potential adjustment, but eventually a steadily increasing current at some potential V'c indicated the onset of pitting (or of transpassivity). Steady-state values Vc were obtained subsequently by holding the potential for long times at a fixed value and then observing pitting or the lack of it under a low power microscope. The lowest potential for which pitting could not be observed after a 10-hr or longer period of constant polarization was considered to be the steady-state value Vc. Reproducibility was in the order of ±5 mv.",steady state,"The ingots were homogenized in A or He, usually at 1050-1100 oC for several hours. Ingots of Ni-Cr, Ni-Mo, and Cr-Fe were cold rolled to 0.25 cm, then annealed at 1000-1050 oC and water quenched. The Cr-Fe alloys containing more than 40% Cr were difficult to roll or swage, hence electrodes were machined directly from the homogenized ingot. Ingots of the lower % Cr-Fe alloys and of the stainless steels were swaged to about 0.45 cm diam rods, annealed at 1050 oC and water quenched. All electrodes measured approximately 2 cm long and were either 0.4 cm diam or 0.5 cm wide by 0.2 cm thick. ",-1,"The electrodes were abraded to a fi-1l 3/0 emery paper, and pickled usually in 15% HNO3, 5% HF at 80 oC for 5 min to remove the cold worked surface.",1
71.03,15.00,13.00,0.95,0.00,0.00,0.00,0.00,0.01,0.01,0.00,0.00,0.00,0.00,0.00,0.00,0.00,0.00,0.00,0.00,0.00,0.00,0.00,0.00,98.00,25,7.00,0.1000,"Potentiostatic Polarization. The experimental procedure was to first polarize the electrode potentiostatically at the least noble potential within the passive region for at least 15 min in order to achieve steady-state passivity. The potential was then advanced in stages of 50 mV, allowing 5 min between each change. Initially the current decreased or remained constant after each potential adjustment, but eventually a steadily increasing current at some potential V'c indicated the onset of pitting (or of transpassivity). Steady-state values Vc were obtained subsequently by holding the potential for long times at a fixed value and then observing pitting or the lack of it under a low power microscope. The lowest potential for which pitting could not be observed after a 10-hr or longer period of constant polarization was considered to be the steady-state value Vc. Reproducibility was in the order of ±5 mv.",steady state,"The ingots were homogenized in A or He, usually at 1050-1100 oC for several hours. Ingots of Ni-Cr, Ni-Mo, and Cr-Fe were cold rolled to 0.25 cm, then annealed at 1000-1050 oC and water quenched. The Cr-Fe alloys containing more than 40% Cr were difficult to roll or swage, hence electrodes were machined directly from the homogenized ingot. Ingots of the lower % Cr-Fe alloys and of the stainless steels were swaged to about 0.45 cm diam rods, annealed at 1050 oC and water quenched. All electrodes measured approximately 2 cm long and were either 0.4 cm diam or 0.5 cm wide by 0.2 cm thick. ",-1,"The electrodes were abraded to a fi-1l 3/0 emery paper, and pickled usually in 15% HNO3, 5% HF at 80 oC for 5 min to remove the cold worked surface.",1
70.53,15.00,13.00,1.45,0.00,0.00,0.00,0.00,0.01,0.01,0.00,0.00,0.00,0.00,0.00,0.00,0.00,0.00,0.00,0.00,0.00,0.00,0.00,0.00,162.00,25,7.00,0.1000,"Potentiostatic Polarization. The experimental procedure was to first polarize the electrode potentiostatically at the least noble potential within the passive region for at least 15 min in order to achieve steady-state passivity. The potential was then advanced in stages of 50 mV, allowing 5 min between each change. Initially the current decreased or remained constant after each potential adjustment, but eventually a steadily increasing current at some potential V'c indicated the onset of pitting (or of transpassivity). Steady-state values Vc were obtained subsequently by holding the potential for long times at a fixed value and then observing pitting or the lack of it under a low power microscope. The lowest potential for which pitting could not be observed after a 10-hr or longer period of constant polarization was considered to be the steady-state value Vc. Reproducibility was in the order of ±5 mv.",steady state,"The ingots were homogenized in A or He, usually at 1050-1100 oC for several hours. Ingots of Ni-Cr, Ni-Mo, and Cr-Fe were cold rolled to 0.25 cm, then annealed at 1000-1050 oC and water quenched. The Cr-Fe alloys containing more than 40% Cr were difficult to roll or swage, hence electrodes were machined directly from the homogenized ingot. Ingots of the lower % Cr-Fe alloys and of the stainless steels were swaged to about 0.45 cm diam rods, annealed at 1050 oC and water quenched. All electrodes measured approximately 2 cm long and were either 0.4 cm diam or 0.5 cm wide by 0.2 cm thick. ",-1,"The electrodes were abraded to a fi-1l 3/0 emery paper, and pickled usually in 15% HNO3, 5% HF at 80 oC for 5 min to remove the cold worked surface.",1
70.08,15.00,13.00,1.90,0.00,0.00,0.00,0.00,0.01,0.01,0.00,0.00,0.00,0.00,0.00,0.00,0.00,0.00,0.00,0.00,0.00,0.00,0.00,0.00,290.00,25,7.00,0.1000,"Potentiostatic Polarization. The experimental procedure was to first polarize the electrode potentiostatically at the least noble potential within the passive region for at least 15 min in order to achieve steady-state passivity. The potential was then advanced in stages of 50 mV, allowing 5 min between each change. Initially the current decreased or remained constant after each potential adjustment, but eventually a steadily increasing current at some potential V'c indicated the onset of pitting (or of transpassivity). Steady-state values Vc were obtained subsequently by holding the potential for long times at a fixed value and then observing pitting or the lack of it under a low power microscope. The lowest potential for which pitting could not be observed after a 10-hr or longer period of constant polarization was considered to be the steady-state value Vc. Reproducibility was in the order of ±5 mv.",steady state,"The ingots were homogenized in A or He, usually at 1050-1100 oC for several hours. Ingots of Ni-Cr, Ni-Mo, and Cr-Fe were cold rolled to 0.25 cm, then annealed at 1000-1050 oC and water quenched. The Cr-Fe alloys containing more than 40% Cr were difficult to roll or swage, hence electrodes were machined directly from the homogenized ingot. Ingots of the lower % Cr-Fe alloys and of the stainless steels were swaged to about 0.45 cm diam rods, annealed at 1050 oC and water quenched. All electrodes measured approximately 2 cm long and were either 0.4 cm diam or 0.5 cm wide by 0.2 cm thick. ",-1,"The electrodes were abraded to a fi-1l 3/0 emery paper, and pickled usually in 15% HNO3, 5% HF at 80 oC for 5 min to remove the cold worked surface.",1
69.56,15.00,13.00,2.42,0.00,0.00,0.00,0.00,0.01,0.01,0.00,0.00,0.00,0.00,0.00,0.00,0.00,0.00,0.00,0.00,0.00,0.00,0.00,0.00,481.00,25,7.00,0.1000,"Potentiostatic Polarization. The experimental procedure was to first polarize the electrode potentiostatically at the least noble potential within the passive region for at least 15 min in order to achieve steady-state passivity. The potential was then advanced in stages of 50 mV, allowing 5 min between each change. Initially the current decreased or remained constant after each potential adjustment, but eventually a steadily increasing current at some potential V'c indicated the onset of pitting (or of transpassivity). Steady-state values Vc were obtained subsequently by holding the potential for long times at a fixed value and then observing pitting or the lack of it under a low power microscope. The lowest potential for which pitting could not be observed after a 10-hr or longer period of constant polarization was considered to be the steady-state value Vc. Reproducibility was in the order of ±5 mv.",steady state,"The ingots were homogenized in A or He, usually at 1050-1100 oC for several hours. Ingots of Ni-Cr, Ni-Mo, and Cr-Fe were cold rolled to 0.25 cm, then annealed at 1000-1050 oC and water quenched. The Cr-Fe alloys containing more than 40% Cr were difficult to roll or swage, hence electrodes were machined directly from the homogenized ingot. Ingots of the lower % Cr-Fe alloys and of the stainless steels were swaged to about 0.45 cm diam rods, annealed at 1050 oC and water quenched. All electrodes measured approximately 2 cm long and were either 0.4 cm diam or 0.5 cm wide by 0.2 cm thick. ",-1,"The electrodes were abraded to a fi-1l 3/0 emery paper, and pickled usually in 15% HNO3, 5% HF at 80 oC for 5 min to remove the cold worked surface.",1
71.97,15.00,13.00,0.01,0.00,0.00,0.00,0.00,0.01,0.01,0.00,0.00,0.00,0.00,0.00,0.00,0.00,0.00,0.00,0.00,0.00,0.00,0.00,0.00,558.00,0,7.00,0.1000,"Potentiostatic Polarization. The experimental procedure was to first polarize the electrode potentiostatically at the least noble potential within the passive region for at least 15 min in order to achieve steady-state passivity. The potential was then advanced in stages of 50 mV, allowing 5 min between each change. Initially the current decreased or remained constant after each potential adjustment, but eventually a steadily increasing current at some potential V'c indicated the onset of pitting (or of transpassivity). Steady-state values Vc were obtained subsequently by holding the potential for long times at a fixed value and then observing pitting or the lack of it under a low power microscope. The lowest potential for which pitting could not be observed after a 10-hr or longer period of constant polarization was considered to be the steady-state value Vc. Reproducibility was in the order of ±5 mv.",steady state,"The ingots were homogenized in A or He, usually at 1050-1100 oC for several hours. Ingots of Ni-Cr, Ni-Mo, and Cr-Fe were cold rolled to 0.25 cm, then annealed at 1000-1050 oC and water quenched. The Cr-Fe alloys containing more than 40% Cr were difficult to roll or swage, hence electrodes were machined directly from the homogenized ingot. Ingots of the lower % Cr-Fe alloys and of the stainless steels were swaged to about 0.45 cm diam rods, annealed at 1050 oC and water quenched. All electrodes measured approximately 2 cm long and were either 0.4 cm diam or 0.5 cm wide by 0.2 cm thick. ",-1,"The electrodes were abraded to a fi-1l 3/0 emery paper, and pickled usually in 15% HNO3, 5% HF at 80 oC for 5 min to remove the cold worked surface.",1
71.54,15.00,13.00,0.44,0.00,0.00,0.00,0.00,0.01,0.01,0.00,0.00,0.00,0.00,0.00,0.00,0.00,0.00,0.00,0.00,0.00,0.00,0.00,0.00,253.00,0,7.00,0.1000,"Potentiostatic Polarization. The experimental procedure was to first polarize the electrode potentiostatically at the least noble potential within the passive region for at least 15 min in order to achieve steady-state passivity. The potential was then advanced in stages of 50 mV, allowing 5 min between each change. Initially the current decreased or remained constant after each potential adjustment, but eventually a steadily increasing current at some potential V'c indicated the onset of pitting (or of transpassivity). Steady-state values Vc were obtained subsequently by holding the potential for long times at a fixed value and then observing pitting or the lack of it under a low power microscope. The lowest potential for which pitting could not be observed after a 10-hr or longer period of constant polarization was considered to be the steady-state value Vc. Reproducibility was in the order of ±5 mv.",steady state,"The ingots were homogenized in A or He, usually at 1050-1100 oC for several hours. Ingots of Ni-Cr, Ni-Mo, and Cr-Fe were cold rolled to 0.25 cm, then annealed at 1000-1050 oC and water quenched. The Cr-Fe alloys containing more than 40% Cr were difficult to roll or swage, hence electrodes were machined directly from the homogenized ingot. Ingots of the lower % Cr-Fe alloys and of the stainless steels were swaged to about 0.45 cm diam rods, annealed at 1050 oC and water quenched. All electrodes measured approximately 2 cm long and were either 0.4 cm diam or 0.5 cm wide by 0.2 cm thick. ",-1,"The electrodes were abraded to a fi-1l 3/0 emery paper, and pickled usually in 15% HNO3, 5% HF at 80 oC for 5 min to remove the cold worked surface.",1
71.02,15.00,13.00,0.96,0.00,0.00,0.00,0.00,0.01,0.01,0.00,0.00,0.00,0.00,0.00,0.00,0.00,0.00,0.00,0.00,0.00,0.00,0.00,0.00,176.00,0,7.00,0.1000,"Potentiostatic Polarization. The experimental procedure was to first polarize the electrode potentiostatically at the least noble potential within the passive region for at least 15 min in order to achieve steady-state passivity. The potential was then advanced in stages of 50 mV, allowing 5 min between each change. Initially the current decreased or remained constant after each potential adjustment, but eventually a steadily increasing current at some potential V'c indicated the onset of pitting (or of transpassivity). Steady-state values Vc were obtained subsequently by holding the potential for long times at a fixed value and then observing pitting or the lack of it under a low power microscope. The lowest potential for which pitting could not be observed after a 10-hr or longer period of constant polarization was considered to be the steady-state value Vc. Reproducibility was in the order of ±5 mv.",steady state,"The ingots were homogenized in A or He, usually at 1050-1100 oC for several hours. Ingots of Ni-Cr, Ni-Mo, and Cr-Fe were cold rolled to 0.25 cm, then annealed at 1000-1050 oC and water quenched. The Cr-Fe alloys containing more than 40% Cr were difficult to roll or swage, hence electrodes were machined directly from the homogenized ingot. Ingots of the lower % Cr-Fe alloys and of the stainless steels were swaged to about 0.45 cm diam rods, annealed at 1050 oC and water quenched. All electrodes measured approximately 2 cm long and were either 0.4 cm diam or 0.5 cm wide by 0.2 cm thick. ",-1,"The electrodes were abraded to a fi-1l 3/0 emery paper, and pickled usually in 15% HNO3, 5% HF at 80 oC for 5 min to remove the cold worked surface.",1
70.53,15.00,13.00,1.45,0.00,0.00,0.00,0.00,0.01,0.01,0.00,0.00,0.00,0.00,0.00,0.00,0.00,0.00,0.00,0.00,0.00,0.00,0.00,0.00,139.00,0,7.00,0.1000,"Potentiostatic Polarization. The experimental procedure was to first polarize the electrode potentiostatically at the least noble potential within the passive region for at least 15 min in order to achieve steady-state passivity. The potential was then advanced in stages of 50 mV, allowing 5 min between each change. Initially the current decreased or remained constant after each potential adjustment, but eventually a steadily increasing current at some potential V'c indicated the onset of pitting (or of transpassivity). Steady-state values Vc were obtained subsequently by holding the potential for long times at a fixed value and then observing pitting or the lack of it under a low power microscope. The lowest potential for which pitting could not be observed after a 10-hr or longer period of constant polarization was considered to be the steady-state value Vc. Reproducibility was in the order of ±5 mv.",steady state,"The ingots were homogenized in A or He, usually at 1050-1100 oC for several hours. Ingots of Ni-Cr, Ni-Mo, and Cr-Fe were cold rolled to 0.25 cm, then annealed at 1000-1050 oC and water quenched. The Cr-Fe alloys containing more than 40% Cr were difficult to roll or swage, hence electrodes were machined directly from the homogenized ingot. Ingots of the lower % Cr-Fe alloys and of the stainless steels were swaged to about 0.45 cm diam rods, annealed at 1050 oC and water quenched. All electrodes measured approximately 2 cm long and were either 0.4 cm diam or 0.5 cm wide by 0.2 cm thick. ",-1,"The electrodes were abraded to a fi-1l 3/0 emery paper, and pickled usually in 15% HNO3, 5% HF at 80 oC for 5 min to remove the cold worked surface.",1
70.07,15.00,13.00,1.91,0.00,0.00,0.00,0.00,0.01,0.01,0.00,0.00,0.00,0.00,0.00,0.00,0.00,0.00,0.00,0.00,0.00,0.00,0.00,0.00,78.00,0,7.00,0.1000,"Potentiostatic Polarization. The experimental procedure was to first polarize the electrode potentiostatically at the least noble potential within the passive region for at least 15 min in order to achieve steady-state passivity. The potential was then advanced in stages of 50 mV, allowing 5 min between each change. Initially the current decreased or remained constant after each potential adjustment, but eventually a steadily increasing current at some potential V'c indicated the onset of pitting (or of transpassivity). Steady-state values Vc were obtained subsequently by holding the potential for long times at a fixed value and then observing pitting or the lack of it under a low power microscope. The lowest potential for which pitting could not be observed after a 10-hr or longer period of constant polarization was considered to be the steady-state value Vc. Reproducibility was in the order of ±5 mv.",steady state,"The ingots were homogenized in A or He, usually at 1050-1100 oC for several hours. Ingots of Ni-Cr, Ni-Mo, and Cr-Fe were cold rolled to 0.25 cm, then annealed at 1000-1050 oC and water quenched. The Cr-Fe alloys containing more than 40% Cr were difficult to roll or swage, hence electrodes were machined directly from the homogenized ingot. Ingots of the lower % Cr-Fe alloys and of the stainless steels were swaged to about 0.45 cm diam rods, annealed at 1050 oC and water quenched. All electrodes measured approximately 2 cm long and were either 0.4 cm diam or 0.5 cm wide by 0.2 cm thick. ",-1,"The electrodes were abraded to a fi-1l 3/0 emery paper, and pickled usually in 15% HNO3, 5% HF at 80 oC for 5 min to remove the cold worked surface.",1
71.97,15.00,13.00,0.01,0.00,0.00,0.00,0.00,0.01,0.01,0.00,0.00,0.00,0.00,0.00,0.00,0.00,0.00,0.00,0.00,0.00,0.00,0.00,0.00,179.00,0,7.00,0.0000,"Potentiostatic Polarization. The experimental procedure was to first polarize the electrode potentiostatically at the least noble potential within the passive region for at least 15 min in order to achieve steady-state passivity. The potential was then advanced in stages of 50 mV, allowing 5 min between each change. Initially the current decreased or remained constant after each potential adjustment, but eventually a steadily increasing current at some potential V'c indicated the onset of pitting (or of transpassivity). Steady-state values Vc were obtained subsequently by holding the potential for long times at a fixed value and then observing pitting or the lack of it under a low power microscope. The lowest potential for which pitting could not be observed after a 10-hr or longer period of constant polarization was considered to be the steady-state value Vc. Reproducibility was in the order of ±5 mv.",steady state,"The ingots were homogenized in A or He, usually at 1050-1100 oC for several hours. Ingots of Ni-Cr, Ni-Mo, and Cr-Fe were cold rolled to 0.25 cm, then annealed at 1000-1050 oC and water quenched. The Cr-Fe alloys containing more than 40% Cr were difficult to roll or swage, hence electrodes were machined directly from the homogenized ingot. Ingots of the lower % Cr-Fe alloys and of the stainless steels were swaged to about 0.45 cm diam rods, annealed at 1050 oC and water quenched. All electrodes measured approximately 2 cm long and were either 0.4 cm diam or 0.5 cm wide by 0.2 cm thick. ",-1,"The electrodes were abraded to a fi-1l 3/0 emery paper, and pickled usually in 15% HNO3, 5% HF at 80 oC for 5 min to remove the cold worked surface.",1
71.54,15.00,13.00,0.44,0.00,0.00,0.00,0.00,0.01,0.01,0.00,0.00,0.00,0.00,0.00,0.00,0.00,0.00,0.00,0.00,0.00,0.00,0.00,0.00,68.00,0,7.00,0.0000,"Potentiostatic Polarization. The experimental procedure was to first polarize the electrode potentiostatically at the least noble potential within the passive region for at least 15 min in order to achieve steady-state passivity. The potential was then advanced in stages of 50 mV, allowing 5 min between each change. Initially the current decreased or remained constant after each potential adjustment, but eventually a steadily increasing current at some potential V'c indicated the onset of pitting (or of transpassivity). Steady-state values Vc were obtained subsequently by holding the potential for long times at a fixed value and then observing pitting or the lack of it under a low power microscope. The lowest potential for which pitting could not be observed after a 10-hr or longer period of constant polarization was considered to be the steady-state value Vc. Reproducibility was in the order of ±5 mv.",steady state,"The ingots were homogenized in A or He, usually at 1050-1100 oC for several hours. Ingots of Ni-Cr, Ni-Mo, and Cr-Fe were cold rolled to 0.25 cm, then annealed at 1000-1050 oC and water quenched. The Cr-Fe alloys containing more than 40% Cr were difficult to roll or swage, hence electrodes were machined directly from the homogenized ingot. Ingots of the lower % Cr-Fe alloys and of the stainless steels were swaged to about 0.45 cm diam rods, annealed at 1050 oC and water quenched. All electrodes measured approximately 2 cm long and were either 0.4 cm diam or 0.5 cm wide by 0.2 cm thick. ",-1,"The electrodes were abraded to a fi-1l 3/0 emery paper, and pickled usually in 15% HNO3, 5% HF at 80 oC for 5 min to remove the cold worked surface.",1
71.96,15.00,13.00,0.02,0.00,0.00,0.00,0.00,0.01,0.01,0.00,0.00,0.00,0.00,0.00,0.00,0.00,0.00,0.00,0.00,0.00,0.00,0.00,0.00,295.00,25,7.00,0.0000,"Potentiostatic Polarization. The experimental procedure was to first polarize the electrode potentiostatically at the least noble potential within the passive region for at least 15 min in order to achieve steady-state passivity. The potential was then advanced in stages of 50 mV, allowing 5 min between each change. Initially the current decreased or remained constant after each potential adjustment, but eventually a steadily increasing current at some potential V'c indicated the onset of pitting (or of transpassivity). Steady-state values Vc were obtained subsequently by holding the potential for long times at a fixed value and then observing pitting or the lack of it under a low power microscope. The lowest potential for which pitting could not be observed after a 10-hr or longer period of constant polarization was considered to be the steady-state value Vc. Reproducibility was in the order of ±5 mv.",steady state,"The ingots were homogenized in A or He, usually at 1050-1100 oC for several hours. Ingots of Ni-Cr, Ni-Mo, and Cr-Fe were cold rolled to 0.25 cm, then annealed at 1000-1050 oC and water quenched. The Cr-Fe alloys containing more than 40% Cr were difficult to roll or swage, hence electrodes were machined directly from the homogenized ingot. Ingots of the lower % Cr-Fe alloys and of the stainless steels were swaged to about 0.45 cm diam rods, annealed at 1050 oC and water quenched. All electrodes measured approximately 2 cm long and were either 0.4 cm diam or 0.5 cm wide by 0.2 cm thick. ",-1,"The electrodes were abraded to a fi-1l 3/0 emery paper, and pickled usually in 15% HNO3, 5% HF at 80 oC for 5 min to remove the cold worked surface.",1
71.53,15.00,13.00,0.45,0.00,0.00,0.00,0.00,0.01,0.01,0.00,0.00,0.00,0.00,0.00,0.00,0.00,0.00,0.00,0.00,0.00,0.00,0.00,0.00,281.00,25,7.00,0.0000,"Potentiostatic Polarization. The experimental procedure was to first polarize the electrode potentiostatically at the least noble potential within the passive region for at least 15 min in order to achieve steady-state passivity. The potential was then advanced in stages of 50 mV, allowing 5 min between each change. Initially the current decreased or remained constant after each potential adjustment, but eventually a steadily increasing current at some potential V'c indicated the onset of pitting (or of transpassivity). Steady-state values Vc were obtained subsequently by holding the potential for long times at a fixed value and then observing pitting or the lack of it under a low power microscope. The lowest potential for which pitting could not be observed after a 10-hr or longer period of constant polarization was considered to be the steady-state value Vc. Reproducibility was in the order of ±5 mv.",steady state,"The ingots were homogenized in A or He, usually at 1050-1100 oC for several hours. Ingots of Ni-Cr, Ni-Mo, and Cr-Fe were cold rolled to 0.25 cm, then annealed at 1000-1050 oC and water quenched. The Cr-Fe alloys containing more than 40% Cr were difficult to roll or swage, hence electrodes were machined directly from the homogenized ingot. Ingots of the lower % Cr-Fe alloys and of the stainless steels were swaged to about 0.45 cm diam rods, annealed at 1050 oC and water quenched. All electrodes measured approximately 2 cm long and were either 0.4 cm diam or 0.5 cm wide by 0.2 cm thick. ",-1,"The electrodes were abraded to a fi-1l 3/0 emery paper, and pickled usually in 15% HNO3, 5% HF at 80 oC for 5 min to remove the cold worked surface.",1
70.53,15.00,13.00,1.45,0.00,0.00,0.00,0.00,0.01,0.01,0.00,0.00,0.00,0.00,0.00,0.00,0.00,0.00,0.00,0.00,0.00,0.00,0.00,0.00,265.00,25,7.00,0.0000,"Potentiostatic Polarization. The experimental procedure was to first polarize the electrode potentiostatically at the least noble potential within the passive region for at least 15 min in order to achieve steady-state passivity. The potential was then advanced in stages of 50 mV, allowing 5 min between each change. Initially the current decreased or remained constant after each potential adjustment, but eventually a steadily increasing current at some potential V'c indicated the onset of pitting (or of transpassivity). Steady-state values Vc were obtained subsequently by holding the potential for long times at a fixed value and then observing pitting or the lack of it under a low power microscope. The lowest potential for which pitting could not be observed after a 10-hr or longer period of constant polarization was considered to be the steady-state value Vc. Reproducibility was in the order of ±5 mv.",steady state,"The ingots were homogenized in A or He, usually at 1050-1100 oC for several hours. Ingots of Ni-Cr, Ni-Mo, and Cr-Fe were cold rolled to 0.25 cm, then annealed at 1000-1050 oC and water quenched. The Cr-Fe alloys containing more than 40% Cr were difficult to roll or swage, hence electrodes were machined directly from the homogenized ingot. Ingots of the lower % Cr-Fe alloys and of the stainless steels were swaged to about 0.45 cm diam rods, annealed at 1050 oC and water quenched. All electrodes measured approximately 2 cm long and were either 0.4 cm diam or 0.5 cm wide by 0.2 cm thick. ",-1,"The electrodes were abraded to a fi-1l 3/0 emery paper, and pickled usually in 15% HNO3, 5% HF at 80 oC for 5 min to remove the cold worked surface.",1
69.58,15.00,13.00,2.40,0.00,0.00,0.00,0.00,0.01,0.01,0.00,0.00,0.00,0.00,0.00,0.00,0.00,0.00,0.00,0.00,0.00,0.00,0.00,0.00,226.00,25,7.00,0.0000,"Potentiostatic Polarization. The experimental procedure was to first polarize the electrode potentiostatically at the least noble potential within the passive region for at least 15 min in order to achieve steady-state passivity. The potential was then advanced in stages of 50 mV, allowing 5 min between each change. Initially the current decreased or remained constant after each potential adjustment, but eventually a steadily increasing current at some potential V'c indicated the onset of pitting (or of transpassivity). Steady-state values Vc were obtained subsequently by holding the potential for long times at a fixed value and then observing pitting or the lack of it under a low power microscope. The lowest potential for which pitting could not be observed after a 10-hr or longer period of constant polarization was considered to be the steady-state value Vc. Reproducibility was in the order of ±5 mv.",steady state,"The ingots were homogenized in A or He, usually at 1050-1100 oC for several hours. Ingots of Ni-Cr, Ni-Mo, and Cr-Fe were cold rolled to 0.25 cm, then annealed at 1000-1050 oC and water quenched. The Cr-Fe alloys containing more than 40% Cr were difficult to roll or swage, hence electrodes were machined directly from the homogenized ingot. Ingots of the lower % Cr-Fe alloys and of the stainless steels were swaged to about 0.45 cm diam rods, annealed at 1050 oC and water quenched. All electrodes measured approximately 2 cm long and were either 0.4 cm diam or 0.5 cm wide by 0.2 cm thick. ",-1,"The electrodes were abraded to a fi-1l 3/0 emery paper, and pickled usually in 15% HNO3, 5% HF at 80 oC for 5 min to remove the cold worked surface.",1
81.90,16.30,0.33,0.00,0.00,0.00,0.00,0.05,0.60,0.70,0.10,0.02,0.01,0.00,0.00,0.00,0.00,0.00,0.00,0.00,0.00,0.00,0.00,0.00,180.00,29.6,1.00,0.1000,"Potentiody-1mic Polarization. The onset of pitting was marked by a sharp and sudden increase in polarization current. The potential scanning was stopped at the pitting potential, and the electrode was allowed to pit for 20 to 30 min. It was then removed from the solution, the tape was stripped, and its surface was examined for pitting and possible crevice corrosion. The potential scanning was usually started at -0.7 to -0.6v, with respect to the saturated calomel electrode (SCE); the scanning was always into the passive potential region. In some experiments, the potential of an actively corroding electrode was changed almost instantaneously to a selected potential in a passive range by switching on a potentiostat, with a potential preset at a desired value. ",0.02,"Two sets of laboratory-prepared ferritic alloys and two commercial ferritic stainless steels (Types 430 and 4341) were investigated. The high-purity 17% chromium, 17% Cr-l% Mo, and 17% Cr-3% Mo laboratory alloys were prepared by melting and casting in vacuum. The resulting ingots were hot-rolled to 0.64-cmthick sheet, which was cold-rolled to a 0.32-cm thickness, annealed for 1 hr at 815~ and water-quenched. The 18% Cr-2% Mo alloys modified by titanium and Type 434 is the proposed desig-1tion for stainless steel conraining 17% chromium and 1% molybdenum. nickel additions were produced by induction melting in an argon atmosphere, using the split-heat technique. In this technique, the base composition is melted, and part of the melt is poured off to produce an ingot; then to the balance of the melt, the required alloying additions are made and the next ingot is cast. This process is repeated until a series of the desired compositions is cast. The 18% Cr-2% Mo ingots were hotforged, hot-rolled to 0.76-cm-thick strips, and coldrolled to 0.38-cm-thick strips. The 18% Cr-2% Mo alloys containing titanium were annealed for 1 hr at 104O~ the minimum temperature that prevented formation of a second phase in the high titanium alloy, and then water-quenched. The rest of the 18% Cr-2% Mo materials and the hot-rolled, commercial Types 430 and 434 steels were annealed at 815~ for 1 hr and water-quenched. ",-1,"The electrodes for the potentiody-1mic studies were mounted in acrylic plastic, the exposed surface (0.5 by 0.6 cm) always being a longitudi-1l section parallel to the rolled surface. The exposed surface was polished using standard metallographic techniques, ending with a distilled water slurry of 0.3~ alumi-1. For the pitting potential measurements, the electrode surface was masked with electroplaters tape (Scotch 470), except for a circular area 0.36 cm in diameter.",1
81.03,16.52,0.30,0.99,0.00,0.00,0.00,0.07,0.54,0.42,0.11,0.02,0.01,0.00,0.00,0.00,0.00,0.00,0.00,0.00,0.00,0.00,0.00,0.00,190.00,29.6,1.00,0.1000,"Potentiody-1mic Polarization. The onset of pitting was marked by a sharp and sudden increase in polarization current. The potential scanning was stopped at the pitting potential, and the electrode was allowed to pit for 20 to 30 min. It was then removed from the solution, the tape was stripped, and its surface was examined for pitting and possible crevice corrosion. The potential scanning was usually started at -0.7 to -0.6v, with respect to the saturated calomel electrode (SCE); the scanning was always into the passive potential region. In some experiments, the potential of an actively corroding electrode was changed almost instantaneously to a selected potential in a passive range by switching on a potentiostat, with a potential preset at a desired value. ",0.02,"Two sets of laboratory-prepared ferritic alloys and two commercial ferritic stainless steels (Types 430 and 4341) were investigated. The high-purity 17% chromium, 17% Cr-l% Mo, and 17% Cr-3% Mo laboratory alloys were prepared by melting and casting in vacuum. The resulting ingots were hot-rolled to 0.64-cmthick sheet, which was cold-rolled to a 0.32-cm thickness, annealed for 1 hr at 815~ and water-quenched. The 18% Cr-2% Mo alloys modified by titanium and Type 434 is the proposed desig-1tion for stainless steel conraining 17% chromium and 1% molybdenum. nickel additions were produced by induction melting in an argon atmosphere, using the split-heat technique. In this technique, the base composition is melted, and part of the melt is poured off to produce an ingot; then to the balance of the melt, the required alloying additions are made and the next ingot is cast. This process is repeated until a series of the desired compositions is cast. The 18% Cr-2% Mo ingots were hotforged, hot-rolled to 0.76-cm-thick strips, and coldrolled to 0.38-cm-thick strips. The 18% Cr-2% Mo alloys containing titanium were annealed for 1 hr at 104O~ the minimum temperature that prevented formation of a second phase in the high titanium alloy, and then water-quenched. The rest of the 18% Cr-2% Mo materials and the hot-rolled, commercial Types 430 and 434 steels were annealed at 815~ for 1 hr and water-quenched. ",-1,"The electrodes for the potentiody-1mic studies were mounted in acrylic plastic, the exposed surface (0.5 by 0.6 cm) always being a longitudi-1l section parallel to the rolled surface. The exposed surface was polished using standard metallographic techniques, ending with a distilled water slurry of 0.3~ alumi-1. For the pitting potential measurements, the electrode surface was masked with electroplaters tape (Scotch 470), except for a circular area 0.36 cm in diameter.",1
82.80,17.08,0.00,0.03,0.00,0.01,0.00,0.00,0.06,0.01,0.00,0.01,0.00,0.00,0.00,0.00,0.00,0.00,0.00,0.00,0.00,0.00,0.00,0.00,260.00,29.6,1.00,0.1000,"Potentiody-1mic Polarization. The onset of pitting was marked by a sharp and sudden increase in polarization current. The potential scanning was stopped at the pitting potential, and the electrode was allowed to pit for 20 to 30 min. It was then removed from the solution, the tape was stripped, and its surface was examined for pitting and possible crevice corrosion. The potential scanning was usually started at -0.7 to -0.6v, with respect to the saturated calomel electrode (SCE); the scanning was always into the passive potential region. In some experiments, the potential of an actively corroding electrode was changed almost instantaneously to a selected potential in a passive range by switching on a potentiostat, with a potential preset at a desired value. ",0.02,"Two sets of laboratory-prepared ferritic alloys and two commercial ferritic stainless steels (Types 430 and 4341) were investigated. The high-purity 17% chromium, 17% Cr-l% Mo, and 17% Cr-3% Mo laboratory alloys were prepared by melting and casting in vacuum. The resulting ingots were hot-rolled to 0.64-cmthick sheet, which was cold-rolled to a 0.32-cm thickness, annealed for 1 hr at 815~ and water-quenched. The 18% Cr-2% Mo alloys modified by titanium and Type 434 is the proposed desig-1tion for stainless steel conraining 17% chromium and 1% molybdenum. nickel additions were produced by induction melting in an argon atmosphere, using the split-heat technique. In this technique, the base composition is melted, and part of the melt is poured off to produce an ingot; then to the balance of the melt, the required alloying additions are made and the next ingot is cast. This process is repeated until a series of the desired compositions is cast. The 18% Cr-2% Mo ingots were hotforged, hot-rolled to 0.76-cm-thick strips, and coldrolled to 0.38-cm-thick strips. The 18% Cr-2% Mo alloys containing titanium were annealed for 1 hr at 104O~ the minimum temperature that prevented formation of a second phase in the high titanium alloy, and then water-quenched. The rest of the 18% Cr-2% Mo materials and the hot-rolled, commercial Types 430 and 434 steels were annealed at 815~ for 1 hr and water-quenched. ",-1,"The electrodes for the potentiody-1mic studies were mounted in acrylic plastic, the exposed surface (0.5 by 0.6 cm) always being a longitudi-1l section parallel to the rolled surface. The exposed surface was polished using standard metallographic techniques, ending with a distilled water slurry of 0.3~ alumi-1. For the pitting potential measurements, the electrode surface was masked with electroplaters tape (Scotch 470), except for a circular area 0.36 cm in diameter.",1
81.96,16.93,0.00,1.04,0.00,0.01,0.00,0.00,0.05,0.01,0.00,0.01,0.00,0.00,0.00,0.00,0.00,0.00,0.00,0.00,0.00,0.00,0.00,0.00,320.00,29.6,1.00,0.1000,"Potentiody-1mic Polarization. The onset of pitting was marked by a sharp and sudden increase in polarization current. The potential scanning was stopped at the pitting potential, and the electrode was allowed to pit for 20 to 30 min. It was then removed from the solution, the tape was stripped, and its surface was examined for pitting and possible crevice corrosion. The potential scanning was usually started at -0.7 to -0.6v, with respect to the saturated calomel electrode (SCE); the scanning was always into the passive potential region. In some experiments, the potential of an actively corroding electrode was changed almost instantaneously to a selected potential in a passive range by switching on a potentiostat, with a potential preset at a desired value. ",0.02,"Two sets of laboratory-prepared ferritic alloys and two commercial ferritic stainless steels (Types 430 and 4341) were investigated. The high-purity 17% chromium, 17% Cr-l% Mo, and 17% Cr-3% Mo laboratory alloys were prepared by melting and casting in vacuum. The resulting ingots were hot-rolled to 0.64-cmthick sheet, which was cold-rolled to a 0.32-cm thickness, annealed for 1 hr at 815~ and water-quenched. The 18% Cr-2% Mo alloys modified by titanium and Type 434 is the proposed desig-1tion for stainless steel conraining 17% chromium and 1% molybdenum. nickel additions were produced by induction melting in an argon atmosphere, using the split-heat technique. In this technique, the base composition is melted, and part of the melt is poured off to produce an ingot; then to the balance of the melt, the required alloying additions are made and the next ingot is cast. This process is repeated until a series of the desired compositions is cast. The 18% Cr-2% Mo ingots were hotforged, hot-rolled to 0.76-cm-thick strips, and coldrolled to 0.38-cm-thick strips. The 18% Cr-2% Mo alloys containing titanium were annealed for 1 hr at 104O~ the minimum temperature that prevented formation of a second phase in the high titanium alloy, and then water-quenched. The rest of the 18% Cr-2% Mo materials and the hot-rolled, commercial Types 430 and 434 steels were annealed at 815~ for 1 hr and water-quenched. ",-1,"The electrodes for the potentiody-1mic studies were mounted in acrylic plastic, the exposed surface (0.5 by 0.6 cm) always being a longitudi-1l section parallel to the rolled surface. The exposed surface was polished using standard metallographic techniques, ending with a distilled water slurry of 0.3~ alumi-1. For the pitting potential measurements, the electrode surface was masked with electroplaters tape (Scotch 470), except for a circular area 0.36 cm in diameter.",1
80.25,16.68,0.00,2.99,0.00,0.00,0.00,0.00,0.06,0.01,0.00,0.01,0.00,0.00,0.00,0.00,0.00,0.00,0.00,0.00,0.00,0.00,0.00,0.00,1000.00,29.6,1.00,0.1000,"Potentiody-1mic Polarization. The onset of pitting was marked by a sharp and sudden increase in polarization current. The potential scanning was stopped at the pitting potential, and the electrode was allowed to pit for 20 to 30 min. It was then removed from the solution, the tape was stripped, and its surface was examined for pitting and possible crevice corrosion. The potential scanning was usually started at -0.7 to -0.6v, with respect to the saturated calomel electrode (SCE); the scanning was always into the passive potential region. In some experiments, the potential of an actively corroding electrode was changed almost instantaneously to a selected potential in a passive range by switching on a potentiostat, with a potential preset at a desired value. ",0.02,"Two sets of laboratory-prepared ferritic alloys and two commercial ferritic stainless steels (Types 430 and 4341) were investigated. The high-purity 17% chromium, 17% Cr-l% Mo, and 17% Cr-3% Mo laboratory alloys were prepared by melting and casting in vacuum. The resulting ingots were hot-rolled to 0.64-cmthick sheet, which was cold-rolled to a 0.32-cm thickness, annealed for 1 hr at 815~ and water-quenched. The 18% Cr-2% Mo alloys modified by titanium and Type 434 is the proposed desig-1tion for stainless steel conraining 17% chromium and 1% molybdenum. nickel additions were produced by induction melting in an argon atmosphere, using the split-heat technique. In this technique, the base composition is melted, and part of the melt is poured off to produce an ingot; then to the balance of the melt, the required alloying additions are made and the next ingot is cast. This process is repeated until a series of the desired compositions is cast. The 18% Cr-2% Mo ingots were hotforged, hot-rolled to 0.76-cm-thick strips, and coldrolled to 0.38-cm-thick strips. The 18% Cr-2% Mo alloys containing titanium were annealed for 1 hr at 104O~ the minimum temperature that prevented formation of a second phase in the high titanium alloy, and then water-quenched. The rest of the 18% Cr-2% Mo materials and the hot-rolled, commercial Types 430 and 434 steels were annealed at 815~ for 1 hr and water-quenched. ",-1,"The electrodes for the potentiody-1mic studies were mounted in acrylic plastic, the exposed surface (0.5 by 0.6 cm) always being a longitudi-1l section parallel to the rolled surface. The exposed surface was polished using standard metallographic techniques, ending with a distilled water slurry of 0.3~ alumi-1. For the pitting potential measurements, the electrode surface was masked with electroplaters tape (Scotch 470), except for a circular area 0.36 cm in diameter.",1
79.36,18.53,0.11,1.95,0.00,0.00,0.00,0.03,0.01,0.01,0.00,0.00,0.00,0.00,0.00,0.00,0.00,0.00,0.00,0.00,0.00,0.00,0.00,0.00,310.00,24,1.00,0.1000,"Potentiody-1mic Polarization. The onset of pitting was marked by a sharp and sudden increase in polarization current. The potential scanning was stopped at the pitting potential, and the electrode was allowed to pit for 20 to 30 min. It was then removed from the solution, the tape was stripped, and its surface was examined for pitting and possible crevice corrosion. The potential scanning was usually started at -0.7 to -0.6v, with respect to the saturated calomel electrode (SCE); the scanning was always into the passive potential region. In some experiments, the potential of an actively corroding electrode was changed almost instantaneously to a selected potential in a passive range by switching on a potentiostat, with a potential preset at a desired value. ",0.02,"Two sets of laboratory-prepared ferritic alloys and two commercial ferritic stainless steels (Types 430 and 4341) were investigated. The high-purity 17% chromium, 17% Cr-l% Mo, and 17% Cr-3% Mo laboratory alloys were prepared by melting and casting in vacuum. The resulting ingots were hot-rolled to 0.64-cmthick sheet, which was cold-rolled to a 0.32-cm thickness, annealed for 1 hr at 815~ and water-quenched. The 18% Cr-2% Mo alloys modified by titanium and Type 434 is the proposed desig-1tion for stainless steel conraining 17% chromium and 1% molybdenum. nickel additions were produced by induction melting in an argon atmosphere, using the split-heat technique. In this technique, the base composition is melted, and part of the melt is poured off to produce an ingot; then to the balance of the melt, the required alloying additions are made and the next ingot is cast. This process is repeated until a series of the desired compositions is cast. The 18% Cr-2% Mo ingots were hotforged, hot-rolled to 0.76-cm-thick strips, and coldrolled to 0.38-cm-thick strips. The 18% Cr-2% Mo alloys containing titanium were annealed for 1 hr at 104O~ the minimum temperature that prevented formation of a second phase in the high titanium alloy, and then water-quenched. The rest of the 18% Cr-2% Mo materials and the hot-rolled, commercial Types 430 and 434 steels were annealed at 815~ for 1 hr and water-quenched. ",-1,"18%Cr-2%Mo-0.11%Ni. The Cr, Mo, C, Si, and N content was not a-1lyzed, but assumed to be in the range of the series. The electrodes for the potentiody-1mic studies were mounted in acrylic plastic, the exposed surface (0.5 by 0.6 cm) always being a longitudi-1l section parallel to the rolled surface. The exposed surface was polished using standard metallographic techniques, ending with a distilled water slurry of 0.3~ alumi-1. For the pitting potential measurements, the electrode surface was masked with electroplaters tape (Scotch 470), except for a circular area 0.36 cm in diameter.",1
78.85,18.53,0.62,1.95,0.00,0.00,0.00,0.03,0.01,0.01,0.00,0.00,0.00,0.00,0.00,0.00,0.00,0.00,0.00,0.00,0.00,0.00,0.00,0.00,350.00,24,1.00,0.1000,"Potentiody-1mic Polarization. The onset of pitting was marked by a sharp and sudden increase in polarization current. The potential scanning was stopped at the pitting potential, and the electrode was allowed to pit for 20 to 30 min. It was then removed from the solution, the tape was stripped, and its surface was examined for pitting and possible crevice corrosion. The potential scanning was usually started at -0.7 to -0.6v, with respect to the saturated calomel electrode (SCE); the scanning was always into the passive potential region. In some experiments, the potential of an actively corroding electrode was changed almost instantaneously to a selected potential in a passive range by switching on a potentiostat, with a potential preset at a desired value. ",0.02,"Two sets of laboratory-prepared ferritic alloys and two commercial ferritic stainless steels (Types 430 and 4341) were investigated. The high-purity 17% chromium, 17% Cr-l% Mo, and 17% Cr-3% Mo laboratory alloys were prepared by melting and casting in vacuum. The resulting ingots were hot-rolled to 0.64-cmthick sheet, which was cold-rolled to a 0.32-cm thickness, annealed for 1 hr at 815~ and water-quenched. The 18% Cr-2% Mo alloys modified by titanium and Type 434 is the proposed desig-1tion for stainless steel conraining 17% chromium and 1% molybdenum. nickel additions were produced by induction melting in an argon atmosphere, using the split-heat technique. In this technique, the base composition is melted, and part of the melt is poured off to produce an ingot; then to the balance of the melt, the required alloying additions are made and the next ingot is cast. This process is repeated until a series of the desired compositions is cast. The 18% Cr-2% Mo ingots were hotforged, hot-rolled to 0.76-cm-thick strips, and coldrolled to 0.38-cm-thick strips. The 18% Cr-2% Mo alloys containing titanium were annealed for 1 hr at 104O~ the minimum temperature that prevented formation of a second phase in the high titanium alloy, and then water-quenched. The rest of the 18% Cr-2% Mo materials and the hot-rolled, commercial Types 430 and 434 steels were annealed at 815~ for 1 hr and water-quenched. ",-1,"18%Cr-2%Mo-0.62%Ni. The Cr, Mo, C, Si, and N content was not a-1lyzed, but assumed to be in the range of the series. The electrodes for the potentiody-1mic studies were mounted in acrylic plastic, the exposed surface (0.5 by 0.6 cm) always being a longitudi-1l section parallel to the rolled surface. The exposed surface was polished using standard metallographic techniques, ending with a distilled water slurry of 0.3~ alumi-1. For the pitting potential measurements, the electrode surface was masked with electroplaters tape (Scotch 470), except for a circular area 0.36 cm in diameter.",1
78.39,18.53,1.08,1.95,0.00,0.00,0.00,0.03,0.01,0.01,0.00,0.00,0.00,0.00,0.00,0.00,0.00,0.00,0.00,0.00,0.00,0.00,0.00,0.00,340.00,24,1.00,0.1000,"Potentiody-1mic Polarization. The onset of pitting was marked by a sharp and sudden increase in polarization current. The potential scanning was stopped at the pitting potential, and the electrode was allowed to pit for 20 to 30 min. It was then removed from the solution, the tape was stripped, and its surface was examined for pitting and possible crevice corrosion. The potential scanning was usually started at -0.7 to -0.6v, with respect to the saturated calomel electrode (SCE); the scanning was always into the passive potential region. In some experiments, the potential of an actively corroding electrode was changed almost instantaneously to a selected potential in a passive range by switching on a potentiostat, with a potential preset at a desired value. ",0.02,"Two sets of laboratory-prepared ferritic alloys and two commercial ferritic stainless steels (Types 430 and 4341) were investigated. The high-purity 17% chromium, 17% Cr-l% Mo, and 17% Cr-3% Mo laboratory alloys were prepared by melting and casting in vacuum. The resulting ingots were hot-rolled to 0.64-cmthick sheet, which was cold-rolled to a 0.32-cm thickness, annealed for 1 hr at 815~ and water-quenched. The 18% Cr-2% Mo alloys modified by titanium and Type 434 is the proposed desig-1tion for stainless steel conraining 17% chromium and 1% molybdenum. nickel additions were produced by induction melting in an argon atmosphere, using the split-heat technique. In this technique, the base composition is melted, and part of the melt is poured off to produce an ingot; then to the balance of the melt, the required alloying additions are made and the next ingot is cast. This process is repeated until a series of the desired compositions is cast. The 18% Cr-2% Mo ingots were hotforged, hot-rolled to 0.76-cm-thick strips, and coldrolled to 0.38-cm-thick strips. The 18% Cr-2% Mo alloys containing titanium were annealed for 1 hr at 104O~ the minimum temperature that prevented formation of a second phase in the high titanium alloy, and then water-quenched. The rest of the 18% Cr-2% Mo materials and the hot-rolled, commercial Types 430 and 434 steels were annealed at 815~ for 1 hr and water-quenched. ",-1,"18%Cr-2%Mo-1.08%Ni. The electrodes for the potentiody-1mic studies were mounted in acrylic plastic, the exposed surface (0.5 by 0.6 cm) always being a longitudi-1l section parallel to the rolled surface. The exposed surface was polished using standard metallographic techniques, ending with a distilled water slurry of 0.3~ alumi-1. For the pitting potential measurements, the electrode surface was masked with electroplaters tape (Scotch 470), except for a circular area 0.36 cm in diameter.",1
78.78,18.45,0.11,1.97,0.00,0.05,0.00,0.03,0.13,0.01,0.00,0.00,0.00,0.00,0.00,0.00,0.00,0.00,0.47,0.00,0.00,0.00,0.00,0.00,1000.00,24,1.00,0.1000,"Potentiody-1mic Polarization. The onset of pitting was marked by a sharp and sudden increase in polarization current. The potential scanning was stopped at the pitting potential, and the electrode was allowed to pit for 20 to 30 min. It was then removed from the solution, the tape was stripped, and its surface was examined for pitting and possible crevice corrosion. The potential scanning was usually started at -0.7 to -0.6v, with respect to the saturated calomel electrode (SCE); the scanning was always into the passive potential region. In some experiments, the potential of an actively corroding electrode was changed almost instantaneously to a selected potential in a passive range by switching on a potentiostat, with a potential preset at a desired value. ",0.02,"Two sets of laboratory-prepared ferritic alloys and two commercial ferritic stainless steels (Types 430 and 4341) were investigated. The high-purity 17% chromium, 17% Cr-l% Mo, and 17% Cr-3% Mo laboratory alloys were prepared by melting and casting in vacuum. The resulting ingots were hot-rolled to 0.64-cmthick sheet, which was cold-rolled to a 0.32-cm thickness, annealed for 1 hr at 815~ and water-quenched. The 18% Cr-2% Mo alloys modified by titanium and Type 434 is the proposed desig-1tion for stainless steel conraining 17% chromium and 1% molybdenum. nickel additions were produced by induction melting in an argon atmosphere, using the split-heat technique. In this technique, the base composition is melted, and part of the melt is poured off to produce an ingot; then to the balance of the melt, the required alloying additions are made and the next ingot is cast. This process is repeated until a series of the desired compositions is cast. The 18% Cr-2% Mo ingots were hotforged, hot-rolled to 0.76-cm-thick strips, and coldrolled to 0.38-cm-thick strips. The 18% Cr-2% Mo alloys containing titanium were annealed for 1 hr at 104O~ the minimum temperature that prevented formation of a second phase in the high titanium alloy, and then water-quenched. The rest of the 18% Cr-2% Mo materials and the hot-rolled, commercial Types 430 and 434 steels were annealed at 815~ for 1 hr and water-quenched. ",-1,"18%Cr-2%Mo-0.47%Ti. The electrodes for the potentiody-1mic studies were mounted in acrylic plastic, the exposed surface (0.5 by 0.6 cm) always being a longitudi-1l section parallel to the rolled surface. The exposed surface was polished using standard metallographic techniques, ending with a distilled water slurry of 0.3~ alumi-1. For the pitting potential measurements, the electrode surface was masked with electroplaters tape (Scotch 470), except for a circular area 0.36 cm in diameter.",1
77.57,18.50,0.00,1.97,0.00,0.02,0.00,0.04,0.01,0.01,0.00,0.00,0.00,0.00,0.00,0.00,0.00,0.00,1.88,0.00,0.00,0.00,0.00,0.00,630.00,24,1.00,0.1000,"Potentiody-1mic Polarization. The onset of pitting was marked by a sharp and sudden increase in polarization current. The potential scanning was stopped at the pitting potential, and the electrode was allowed to pit for 20 to 30 min. It was then removed from the solution, the tape was stripped, and its surface was examined for pitting and possible crevice corrosion. The potential scanning was usually started at -0.7 to -0.6v, with respect to the saturated calomel electrode (SCE); the scanning was always into the passive potential region. In some experiments, the potential of an actively corroding electrode was changed almost instantaneously to a selected potential in a passive range by switching on a potentiostat, with a potential preset at a desired value. ",0.02,"Two sets of laboratory-prepared ferritic alloys and two commercial ferritic stainless steels (Types 430 and 4341) were investigated. The high-purity 17% chromium, 17% Cr-l% Mo, and 17% Cr-3% Mo laboratory alloys were prepared by melting and casting in vacuum. The resulting ingots were hot-rolled to 0.64-cmthick sheet, which was cold-rolled to a 0.32-cm thickness, annealed for 1 hr at 815~ and water-quenched. The 18% Cr-2% Mo alloys modified by titanium and Type 434 is the proposed desig-1tion for stainless steel conraining 17% chromium and 1% molybdenum. nickel additions were produced by induction melting in an argon atmosphere, using the split-heat technique. In this technique, the base composition is melted, and part of the melt is poured off to produce an ingot; then to the balance of the melt, the required alloying additions are made and the next ingot is cast. This process is repeated until a series of the desired compositions is cast. The 18% Cr-2% Mo ingots were hotforged, hot-rolled to 0.76-cm-thick strips, and coldrolled to 0.38-cm-thick strips. The 18% Cr-2% Mo alloys containing titanium were annealed for 1 hr at 104O~ the minimum temperature that prevented formation of a second phase in the high titanium alloy, and then water-quenched. The rest of the 18% Cr-2% Mo materials and the hot-rolled, commercial Types 430 and 434 steels were annealed at 815~ for 1 hr and water-quenched. ",-1,"18%Cr-2%Mo-1.86%Ti. The Cr, Mo, C, Si, and N content was not a-1lyzed, but assumed to be in the range of the series. The electrodes for the potentiody-1mic studies were mounted in acrylic plastic, the exposed surface (0.5 by 0.6 cm) always being a longitudi-1l section parallel to the rolled surface. The exposed surface was polished using standard metallographic techniques, ending with a distilled water slurry of 0.3~ alumi-1. For the pitting potential measurements, the electrode surface was masked with electroplaters tape (Scotch 470), except for a circular area 0.36 cm in diameter.",1
75.45,18.70,2.08,1.97,0.00,0.00,0.00,0.03,0.01,0.01,0.00,0.00,0.00,0.00,0.00,0.00,0.00,0.00,1.75,0.00,0.00,0.00,0.00,0.00,620.00,24,1.00,0.1000,"Potentiody-1mic Polarization. The onset of pitting was marked by a sharp and sudden increase in polarization current. The potential scanning was stopped at the pitting potential, and the electrode was allowed to pit for 20 to 30 min. It was then removed from the solution, the tape was stripped, and its surface was examined for pitting and possible crevice corrosion. The potential scanning was usually started at -0.7 to -0.6v, with respect to the saturated calomel electrode (SCE); the scanning was always into the passive potential region. In some experiments, the potential of an actively corroding electrode was changed almost instantaneously to a selected potential in a passive range by switching on a potentiostat, with a potential preset at a desired value. ",0.02,"Two sets of laboratory-prepared ferritic alloys and two commercial ferritic stainless steels (Types 430 and 4341) were investigated. The high-purity 17% chromium, 17% Cr-l% Mo, and 17% Cr-3% Mo laboratory alloys were prepared by melting and casting in vacuum. The resulting ingots were hot-rolled to 0.64-cmthick sheet, which was cold-rolled to a 0.32-cm thickness, annealed for 1 hr at 815~ and water-quenched. The 18% Cr-2% Mo alloys modified by titanium and Type 434 is the proposed desig-1tion for stainless steel conraining 17% chromium and 1% molybdenum. nickel additions were produced by induction melting in an argon atmosphere, using the split-heat technique. In this technique, the base composition is melted, and part of the melt is poured off to produce an ingot; then to the balance of the melt, the required alloying additions are made and the next ingot is cast. This process is repeated until a series of the desired compositions is cast. The 18% Cr-2% Mo ingots were hotforged, hot-rolled to 0.76-cm-thick strips, and coldrolled to 0.38-cm-thick strips. The 18% Cr-2% Mo alloys containing titanium were annealed for 1 hr at 104O~ the minimum temperature that prevented formation of a second phase in the high titanium alloy, and then water-quenched. The rest of the 18% Cr-2% Mo materials and the hot-rolled, commercial Types 430 and 434 steels were annealed at 815~ for 1 hr and water-quenched. ",-1,"18%Cr-2%Mo-1.75%Ti-2.08%Ni. The Cr, Mo, C, Si, and N content was not a-1lyzed, but assumed to be in the range of the series. The electrodes for the potentiody-1mic studies were mounted in acrylic plastic, the exposed surface (0.5 by 0.6 cm) always being a longitudi-1l section parallel to the rolled surface. The exposed surface was polished using standard metallographic techniques, ending with a distilled water slurry of 0.3~ alumi-1. For the pitting potential measurements, the electrode surface was masked with electroplaters tape (Scotch 470), except for a circular area 0.36 cm in diameter.",1
67.43,17.93,14.38,0.00,0.00,0.00,0.00,0.04,0.01,0.01,0.00,0.00,0.00,0.00,0.00,0.00,0.00,0.20,0.00,0.00,0.00,0.00,0.00,0.00,400.00,25,7.00,0.1000,Potentiody-1mic Polarization,-1.00,"The ingots were forged, rooled into bars 2 mm thick, then tempered at 1150 C (heating for 15mins) and quenched in water.",1,None,1
67.13,17.93,14.38,0.00,0.00,0.00,0.00,0.04,0.01,0.01,0.00,0.00,0.00,0.00,0.00,0.00,0.00,0.50,0.00,0.00,0.00,0.00,0.00,0.00,279.00,25,7.00,0.1000,Potentiody-1mic Polarization,-1.00,"The ingots were forged, rooled into bars 2 mm thick, then tempered at 1150 C (heating for 15mins) and quenched in water.",1,None,1
66.63,17.93,14.38,0.00,0.00,0.00,0.00,0.04,0.01,0.01,0.00,0.00,0.00,0.00,0.00,0.00,0.00,1.00,0.00,0.00,0.00,0.00,0.00,0.00,395.00,25,7.00,0.1000,Potentiody-1mic Polarization,-1.00,"The ingots were forged, rooled into bars 2 mm thick, then tempered at 1150 C (heating for 15mins) and quenched in water.",1,None,1
66.64,17.93,14.38,0.00,0.00,0.00,0.00,0.04,0.01,0.01,0.00,0.00,0.00,0.00,0.00,0.00,0.99,0.00,0.00,0.00,0.00,0.00,0.00,0.00,535.00,25,7.00,0.1000,Potentiody-1mic Polarization,-1.00,"The ingots were forged, rooled into bars 2 mm thick, then tempered at 1150 C (heating for 15mins) and quenched in water.",1,None,1
65.13,17.93,14.38,0.00,0.00,0.00,0.00,0.04,0.01,0.01,0.00,0.00,0.00,0.00,0.00,0.00,2.50,0.00,0.00,0.00,0.00,0.00,0.00,0.00,617.00,25,7.00,0.1000,Potentiody-1mic Polarization,-1.00,"The ingots were forged, rooled into bars 2 mm thick, then tempered at 1150 C (heating for 15mins) and quenched in water.",1,None,1
67.44,17.93,14.38,0.00,0.00,0.00,0.00,0.04,0.01,0.01,0.00,0.00,0.00,0.00,0.00,0.00,0.00,0.00,0.19,0.00,0.00,0.00,0.00,0.00,418.00,25,7.00,0.1000,Potentiody-1mic Polarization,-1.00,"The ingots were forged, rooled into bars 2 mm thick, then tempered at 1150 C (heating for 15mins) and quenched in water.",1,None,1
67.32,17.93,14.38,0.00,0.00,0.00,0.00,0.04,0.01,0.01,0.00,0.00,0.00,0.00,0.00,0.00,0.00,0.00,0.31,0.00,0.00,0.00,0.00,0.00,446.00,25,7.00,0.1000,Potentiody-1mic Polarization,-1.00,"The ingots were forged, rooled into bars 2 mm thick, then tempered at 1150 C (heating for 15mins) and quenched in water.",1,None,1
66.63,17.93,14.38,0.00,0.00,0.00,0.00,0.04,0.01,0.01,0.00,0.00,0.00,0.00,1.00,0.00,0.00,0.00,0.00,0.00,0.00,0.00,0.00,0.00,407.00,25,7.00,0.1000,Potentiody-1mic Polarization,-1.00,"The ingots were forged, rooled into bars 2 mm thick, then tempered at 1150 C (heating for 15mins) and quenched in water.",1,None,1
65.38,17.93,14.38,0.00,0.00,0.00,0.00,0.04,0.01,0.01,0.00,0.00,0.00,0.00,2.25,0.00,0.00,0.00,0.00,0.00,0.00,0.00,0.00,0.00,475.00,25,7.00,0.1000,Potentiody-1mic Polarization,-1.00,"The ingots were forged, rooled into bars 2 mm thick, then tempered at 1150 C (heating for 15mins) and quenched in water.",1,None,1
66.16,17.93,14.38,1.47,0.00,0.00,0.00,0.04,0.01,0.01,0.00,0.00,0.00,0.00,0.00,0.00,0.00,0.00,0.00,0.00,0.00,0.00,0.00,0.00,405.00,25,7.00,0.1000,Potentiody-1mic Polarization,-1.00,"The ingots were forged, rooled into bars 2 mm thick, then tempered at 1150 C (heating for 15mins) and quenched in water.",1,None,1
64.88,17.93,14.38,2.75,0.00,0.00,0.00,0.04,0.01,0.01,0.00,0.00,0.00,0.00,0.00,0.00,0.00,0.00,0.00,0.00,0.00,0.00,0.00,0.00,457.00,25,7.00,0.1000,Potentiody-1mic Polarization,-1.00,"The ingots were forged, rooled into bars 2 mm thick, then tempered at 1150 C (heating for 15mins) and quenched in water.",1,None,1
62.63,17.93,14.38,5.00,0.00,0.00,0.00,0.04,0.01,0.01,0.00,0.00,0.00,0.00,0.00,0.00,0.00,0.00,0.00,0.00,0.00,0.00,0.00,0.00,956.00,25,7.00,0.1000,Potentiody-1mic Polarization,-1.00,"The ingots were forged, rooled into bars 2 mm thick, then tempered at 1150 C (heating for 15mins) and quenched in water.",1,None,1
67.45,17.93,14.38,0.00,0.18,0.00,0.00,0.04,0.01,0.01,0.00,0.00,0.00,0.00,0.00,0.00,0.00,0.00,0.00,0.00,0.00,0.00,0.00,0.00,329.00,25,7.00,0.1000,Potentiody-1mic Polarization,-1.00,"The ingots were forged, rooled into bars 2 mm thick, then tempered at 1150 C (heating for 15mins) and quenched in water.",1,None,1
66.13,17.93,14.38,0.00,1.50,0.00,0.00,0.04,0.01,0.01,0.00,0.00,0.00,0.00,0.00,0.00,0.00,0.00,0.00,0.00,0.00,0.00,0.00,0.00,393.00,25,7.00,0.1000,Potentiody-1mic Polarization,-1.00,"The ingots were forged, rooled into bars 2 mm thick, then tempered at 1150 C (heating for 15mins) and quenched in water.",1,None,1
64.96,17.93,14.38,0.00,2.67,0.00,0.00,0.04,0.01,0.01,0.00,0.00,0.00,0.00,0.00,0.00,0.00,0.00,0.00,0.00,0.00,0.00,0.00,0.00,446.00,25,7.00,0.1000,Potentiody-1mic Polarization,-1.00,"The ingots were forged, rooled into bars 2 mm thick, then tempered at 1150 C (heating for 15mins) and quenched in water.",1,None,1
66.63,17.93,14.38,0.00,0.00,0.00,0.00,0.04,0.01,0.01,0.00,0.00,0.00,0.00,0.00,1.00,0.00,0.00,0.00,0.00,0.00,0.00,0.00,0.00,386.00,25,7.00,0.1000,Potentiody-1mic Polarization,-1.00,"The ingots were forged, rooled into bars 2 mm thick, then tempered at 1150 C (heating for 15mins) and quenched in water.",1,None,1
65.56,17.93,14.38,0.00,0.00,0.00,0.00,0.04,0.01,0.01,0.00,0.00,0.00,0.00,0.00,2.07,0.00,0.00,0.00,0.00,0.00,0.00,0.00,0.00,376.00,25,7.00,0.1000,Potentiody-1mic Polarization,-1.00,"The ingots were forged, rooled into bars 2 mm thick, then tempered at 1150 C (heating for 15mins) and quenched in water.",1,None,1
66.71,17.93,14.38,0.00,0.00,0.00,0.92,0.04,0.01,0.01,0.00,0.00,0.00,0.00,0.00,0.00,0.00,0.00,0.00,0.00,0.00,0.00,0.00,0.00,375.00,25,7.00,0.1000,Potentiody-1mic Polarization,-1.00,"The ingots were forged, rooled into bars 2 mm thick, then tempered at 1150 C (heating for 15mins) and quenched in water.",1,None,1
66.33,17.93,14.38,0.00,0.00,0.00,1.30,0.04,0.01,0.01,0.00,0.00,0.00,0.00,0.00,0.00,0.00,0.00,0.00,0.00,0.00,0.00,0.00,0.00,373.00,25,7.00,0.1000,Potentiody-1mic Polarization,-1.00,"The ingots were forged, rooled into bars 2 mm thick, then tempered at 1150 C (heating for 15mins) and quenched in water.",1,None,1
65.45,17.93,14.38,0.00,0.00,0.00,2.18,0.04,0.01,0.01,0.00,0.00,0.00,0.00,0.00,0.00,0.00,0.00,0.00,0.00,0.00,0.00,0.00,0.00,326.00,25,7.00,0.1000,Potentiody-1mic Polarization,-1.00,"The ingots were forged, rooled into bars 2 mm thick, then tempered at 1150 C (heating for 15mins) and quenched in water.",1,None,1
64.31,17.93,14.38,0.00,0.00,0.00,0.00,0.04,3.33,0.01,0.00,0.00,0.00,0.00,0.00,0.00,0.00,0.00,0.00,0.00,0.00,0.00,0.00,0.00,355.00,25,7.00,0.1000,Potentiody-1mic Polarization,-1.00,"The ingots were forged, rooled into bars 2 mm thick, then tempered at 1150 C (heating for 15mins) and quenched in water.",1,None,1
62.90,17.93,14.38,0.00,0.00,0.00,0.00,0.04,4.74,0.01,0.00,0.00,0.00,0.00,0.00,0.00,0.00,0.00,0.00,0.00,0.00,0.00,0.00,0.00,1456.00,25,7.00,0.1000,Potentiody-1mic Polarization,-1.00,"The ingots were forged, rooled into bars 2 mm thick, then tempered at 1150 C (heating for 15mins) and quenched in water.",1,None,1
67.63,17.93,14.38,0.00,0.00,0.00,0.00,0.04,0.01,0.01,0.00,0.00,0.00,0.00,0.00,0.00,0.00,0.00,0.00,0.00,0.00,0.00,0.00,0.00,415.00,25,7.00,0.1000,Potentiody-1mic Polarization,-1.00,Annealed 2 hours at 650 C,1,None,1
62.63,17.93,14.38,5.00,0.00,0.00,0.00,0.04,0.01,0.01,0.00,0.00,0.00,0.00,0.00,0.00,0.00,0.00,0.00,0.00,0.00,0.00,0.00,0.00,566.00,25,7.00,0.1000,Potentiody-1mic Polarization,-1.00,Annealed 2 hours at 650 C,1,None,1
62.88,17.93,14.38,0.00,0.00,0.00,0.00,0.04,0.01,0.01,0.00,0.00,0.00,0.00,4.75,0.00,0.00,0.00,0.00,0.00,0.00,0.00,0.00,0.00,500.00,25,7.00,0.1000,Potentiody-1mic Polarization,-1.00,Annealed 2 hours at 650 C,1,None,1
62.64,17.93,14.38,0.00,0.00,0.00,0.00,0.04,5.00,0.01,0.00,0.00,0.00,0.00,0.00,0.00,0.00,0.00,0.00,0.00,0.00,0.00,0.00,0.00,415.00,25,7.00,0.1000,Potentiody-1mic Polarization,-1.00,Annealed 2 hours at 650 C,3,None,1
64.42,17.67,13.57,1.99,0.00,0.03,0.00,0.03,0.45,1.84,0.00,0.00,0.00,0.00,0.00,0.00,0.00,0.00,0.00,0.00,0.00,0.00,0.00,0.00,390.00,24,1.00,0.1000,Potentiody-1mic Polarization,0.17,"In this technique, the base composition is melted and part of the melt is cast into an ingot. To the balance of the melt, the required molybdenum addition is made and the next ingot is cast. This process is repeated until a series of the desired positions is cast. By this procedure, the residual and impurity elements, which were intended to be in the range commonly present in commercial stainless steels, were held essentially constant within each series. The ingots were hot-forged and hot-rolled to a thickness of 0.76 cm and then cold-rolled to 0.38 cm. The 13% nickel steels were annealed at 1120C for 1 hr and water-quenched. The 39% nickel steels and the high-purity alloys were annealed at 1150C for 1 hr and water-quenched.",-1,test area 0.07 cm2; 0.3 um surface finish,1
63.51,17.60,13.60,2.93,0.00,0.03,0.00,0.03,0.50,1.80,0.00,0.00,0.00,0.00,0.00,0.00,0.00,0.00,0.00,0.00,0.00,0.00,0.00,0.00,430.00,24,7.00,1.0000,Potentiody-1mic Polarization,0.56,"In this technique, the base composition is melted and part of the melt is cast into an ingot. To the balance of the melt, the required molybdenum addition is made and the next ingot is cast. This process is repeated until a series of the desired positions is cast. By this procedure, the residual and impurity elements, which were intended to be in the range commonly present in commercial stainless steels, were held essentially constant within each series. The ingots were hot-forged and hot-rolled to a thickness of 0.76 cm and then cold-rolled to 0.38 cm. The 13% nickel steels were annealed at 1120C for 1 hr and water-quenched. The 39% nickel steels and the high-purity alloys were annealed at 1150C for 1 hr and water-quenched.",-1,test area 0.07 cm2; 0.3 um surface finish,1
63.51,17.60,13.60,2.93,0.00,0.03,0.00,0.03,0.50,1.80,0.00,0.00,0.00,0.00,0.00,0.00,0.00,0.00,0.00,0.00,0.00,0.00,0.00,0.00,470.00,24,7.00,1.0000,Potentiody-1mic Polarization,0.17,"In this technique, the base composition is melted and part of the melt is cast into an ingot. To the balance of the melt, the required molybdenum addition is made and the next ingot is cast. This process is repeated until a series of the desired positions is cast. By this procedure, the residual and impurity elements, which were intended to be in the range commonly present in commercial stainless steels, were held essentially constant within each series. The ingots were hot-forged and hot-rolled to a thickness of 0.76 cm and then cold-rolled to 0.38 cm. The 13% nickel steels were annealed at 1120C for 1 hr and water-quenched. The 39% nickel steels and the high-purity alloys were annealed at 1150C for 1 hr and water-quenched.",-1,test area 0.07 cm2; 0.3 um surface finish,1
63.51,17.60,13.60,2.93,0.00,0.03,0.00,0.03,0.50,1.80,0.00,0.00,0.00,0.00,0.00,0.00,0.00,0.00,0.00,0.00,0.00,0.00,0.00,0.00,510.00,24,7.00,1.0000,Potentiody-1mic Polarization,0.02,"In this technique, the base composition is melted and part of the melt is cast into an ingot. To the balance of the melt, the required molybdenum addition is made and the next ingot is cast. This process is repeated until a series of the desired positions is cast. By this procedure, the residual and impurity elements, which were intended to be in the range commonly present in commercial stainless steels, were held essentially constant within each series. The ingots were hot-forged and hot-rolled to a thickness of 0.76 cm and then cold-rolled to 0.38 cm. The 13% nickel steels were annealed at 1120C for 1 hr and water-quenched. The 39% nickel steels and the high-purity alloys were annealed at 1150C for 1 hr and water-quenched.",-1,test area 0.07 cm2; 0.3 um surface finish,1
63.51,17.60,13.60,2.93,0.00,0.03,0.00,0.03,0.50,1.80,0.00,0.00,0.00,0.00,0.00,0.00,0.00,0.00,0.00,0.00,0.00,0.00,0.00,0.00,655.00,24,7.00,1.0000,Potentiody-1mic Polarization,0.02,"In this technique, the base composition is melted and part of the melt is cast into an ingot. To the balance of the melt, the required molybdenum addition is made and the next ingot is cast. This process is repeated until a series of the desired positions is cast. By this procedure, the residual and impurity elements, which were intended to be in the range commonly present in commercial stainless steels, were held essentially constant within each series. The ingots were hot-forged and hot-rolled to a thickness of 0.76 cm and then cold-rolled to 0.38 cm. The 13% nickel steels were annealed at 1120C for 1 hr and water-quenched. The 39% nickel steels and the high-purity alloys were annealed at 1150C for 1 hr and water-quenched.",-1,test area 0.07 cm2; 0.3 um surface finish,1
73.62,22.53,1.45,1.02,0.00,0.00,0.00,0.00,1.37,0.01,0.00,0.00,0.00,0.00,0.00,0.00,0.00,0.00,0.00,0.00,0.00,0.00,0.00,0.00,152.00,90,7.20,0.5460,Potentiody-1mic Polarization,0.17,"All surfaces of the cast slabs were ground to remove imperfections and provide good rolling surfaces before annealing 16 hours at 1200C in argon atmosphere. The slabs were hot rolled at 1090C to 1/16 inch thickness. Oxide scale was subsequently removed by sand blasting before a fi-1l annealing treatment. Following preparation, each alloy was hot rolled to 0.1 inch sheet and water quenched. Hot rolling temperatures were restricted to a maximum of 982C and a minimum of 816C. The hot rolled sheet was electropolished in an aqueous 15wt% -1Cl/ 30wt%H2SO4 electrolyte to remove surface scale and sheared into 1 inch wide strips running parallel to the hot rolling direction. The 1 inch wide hot rolled strips were subsequently cold rolled from 0.1 inch to a fi-1l thickness of 0.0625inch. ",-1,None,1
73.99,20.73,2.17,1.03,0.00,0.00,0.00,0.00,2.07,0.01,0.00,0.00,0.00,0.00,0.00,0.00,0.00,0.00,0.00,0.00,0.00,0.00,0.00,0.00,190.00,90,7.20,0.5460,Potentiody-1mic Polarization,0.17,"All surfaces of the cast slabs were ground to remove imperfections and provide good rolling surfaces before annealing 16 hours at 1200C in argon atmosphere. The slabs were hot rolled at 1090C to 1/16 inch thickness. Oxide scale was subsequently removed by sand blasting before a fi-1l annealing treatment. Following preparation, each alloy was hot rolled to 0.1 inch sheet and water quenched. Hot rolling temperatures were restricted to a maximum of 982C and a minimum of 816C. The hot rolled sheet was electropolished in an aqueous 15wt% -1Cl/ 30wt%H2SO4 electrolyte to remove surface scale and sheared into 1 inch wide strips running parallel to the hot rolling direction. The 1 inch wide hot rolled strips were subsequently cold rolled from 0.1 inch to a fi-1l thickness of 0.0625inch. ",-1,None,1
73.49,22.56,1.44,0.71,0.00,0.00,0.34,0.00,1.37,0.09,0.00,0.00,0.00,0.00,0.00,0.00,0.00,0.00,0.00,0.00,0.00,0.00,0.00,0.00,286.00,90,7.20,0.5460,Potentiody-1mic Polarization,0.17,"All surfaces of the cast slabs were ground to remove imperfections and provide good rolling surfaces before annealing 16 hours at 1200C in argon atmosphere. The slabs were hot rolled at 1090C to 1/16 inch thickness. Oxide scale was subsequently removed by sand blasting before a fi-1l annealing treatment. Following preparation, each alloy was hot rolled to 0.1 inch sheet and water quenched. Hot rolling temperatures were restricted to a maximum of 982C and a minimum of 816C. The hot rolled sheet was electropolished in an aqueous 15wt% -1Cl/ 30wt%H2SO4 electrolyte to remove surface scale and sheared into 1 inch wide strips running parallel to the hot rolling direction. The 1 inch wide hot rolled strips were subsequently cold rolled from 0.1 inch to a fi-1l thickness of 0.0625inch. ",-1,None,1
73.37,22.52,1.85,0.70,0.00,0.00,0.34,0.00,0.01,0.08,0.00,0.00,0.00,1.13,0.00,0.00,0.00,0.00,0.00,0.00,0.00,0.00,0.00,0.00,140.00,90,7.20,0.5460,Potentiody-1mic Polarization,0.17,"All surfaces of the cast slabs were ground to remove imperfections and provide good rolling surfaces before annealing 16 hours at 1200C in argon atmosphere. The slabs were hot rolled at 1090C to 1/16 inch thickness. Oxide scale was subsequently removed by sand blasting before a fi-1l annealing treatment. Following preparation, each alloy was hot rolled to 0.1 inch sheet and water quenched. Hot rolling temperatures were restricted to a maximum of 982C and a minimum of 816C. The hot rolled sheet was electropolished in an aqueous 15wt% -1Cl/ 30wt%H2SO4 electrolyte to remove surface scale and sheared into 1 inch wide strips running parallel to the hot rolling direction. The 1 inch wide hot rolled strips were subsequently cold rolled from 0.1 inch to a fi-1l thickness of 0.0625inch. ",-1,None,1
73.65,21.51,1.44,2.03,0.00,0.00,0.00,0.00,1.36,0.01,0.00,0.00,0.00,0.00,0.00,0.00,0.00,0.00,0.00,0.00,0.00,0.00,0.00,0.00,238.00,90,7.20,0.5460,Potentiody-1mic Polarization,0.17,"All surfaces of the cast slabs were ground to remove imperfections and provide good rolling surfaces before annealing 16 hours at 1200C in argon atmosphere. The slabs were hot rolled at 1090C to 1/16 inch thickness. Oxide scale was subsequently removed by sand blasting before a fi-1l annealing treatment. Following preparation, each alloy was hot rolled to 0.1 inch sheet and water quenched. Hot rolling temperatures were restricted to a maximum of 982C and a minimum of 816C. The hot rolled sheet was electropolished in an aqueous 15wt% -1Cl/ 30wt%H2SO4 electrolyte to remove surface scale and sheared into 1 inch wide strips running parallel to the hot rolling direction. The 1 inch wide hot rolled strips were subsequently cold rolled from 0.1 inch to a fi-1l thickness of 0.0625inch. ",-1,None,1
74.02,19.71,2.16,2.04,0.00,0.00,0.00,0.00,2.06,0.01,0.00,0.00,0.00,0.00,0.00,0.00,0.00,0.00,0.00,0.00,0.00,0.00,0.00,0.00,218.00,90,7.20,0.5460,Potentiody-1mic Polarization,0.17,"All surfaces of the cast slabs were ground to remove imperfections and provide good rolling surfaces before annealing 16 hours at 1200C in argon atmosphere. The slabs were hot rolled at 1090C to 1/16 inch thickness. Oxide scale was subsequently removed by sand blasting before a fi-1l annealing treatment. Following preparation, each alloy was hot rolled to 0.1 inch sheet and water quenched. Hot rolling temperatures were restricted to a maximum of 982C and a minimum of 816C. The hot rolled sheet was electropolished in an aqueous 15wt% -1Cl/ 30wt%H2SO4 electrolyte to remove surface scale and sheared into 1 inch wide strips running parallel to the hot rolling direction. The 1 inch wide hot rolled strips were subsequently cold rolled from 0.1 inch to a fi-1l thickness of 0.0625inch. ",-1,None,1
73.36,21.49,1.84,1.75,0.00,0.00,0.34,0.00,0.01,0.09,0.00,0.00,0.00,1.12,0.00,0.00,0.00,0.00,0.00,0.00,0.00,0.00,0.00,0.00,276.00,90,7.20,0.5460,Potentiody-1mic Polarization,0.17,"All surfaces of the cast slabs were ground to remove imperfections and provide good rolling surfaces before annealing 16 hours at 1200C in argon atmosphere. The slabs were hot rolled at 1090C to 1/16 inch thickness. Oxide scale was subsequently removed by sand blasting before a fi-1l annealing treatment. Following preparation, each alloy was hot rolled to 0.1 inch sheet and water quenched. Hot rolling temperatures were restricted to a maximum of 982C and a minimum of 816C. The hot rolled sheet was electropolished in an aqueous 15wt% -1Cl/ 30wt%H2SO4 electrolyte to remove surface scale and sheared into 1 inch wide strips running parallel to the hot rolling direction. The 1 inch wide hot rolled strips were subsequently cold rolled from 0.1 inch to a fi-1l thickness of 0.0625inch. ",-1,None,1
72.72,21.48,1.43,3.00,0.00,0.00,0.00,0.00,1.36,0.01,0.00,0.00,0.00,0.00,0.00,0.00,0.00,0.00,0.00,0.00,0.00,0.00,0.00,0.00,256.00,90,7.20,0.5460,Potentiody-1mic Polarization,0.17,"All surfaces of the cast slabs were ground to remove imperfections and provide good rolling surfaces before annealing 16 hours at 1200C in argon atmosphere. The slabs were hot rolled at 1090C to 1/16 inch thickness. Oxide scale was subsequently removed by sand blasting before a fi-1l annealing treatment. Following preparation, each alloy was hot rolled to 0.1 inch sheet and water quenched. Hot rolling temperatures were restricted to a maximum of 982C and a minimum of 816C. The hot rolled sheet was electropolished in an aqueous 15wt% -1Cl/ 30wt%H2SO4 electrolyte to remove surface scale and sheared into 1 inch wide strips running parallel to the hot rolling direction. The 1 inch wide hot rolled strips were subsequently cold rolled from 0.1 inch to a fi-1l thickness of 0.0625inch. ",-1,None,1
73.02,19.70,2.15,2.64,0.00,0.00,0.34,0.00,2.06,0.09,0.00,0.00,0.00,0.00,0.00,0.00,0.00,0.00,0.00,0.00,0.00,0.00,0.00,0.00,182.00,90,7.20,0.5460,Potentiody-1mic Polarization,0.17,"All surfaces of the cast slabs were ground to remove imperfections and provide good rolling surfaces before annealing 16 hours at 1200C in argon atmosphere. The slabs were hot rolled at 1090C to 1/16 inch thickness. Oxide scale was subsequently removed by sand blasting before a fi-1l annealing treatment. Following preparation, each alloy was hot rolled to 0.1 inch sheet and water quenched. Hot rolling temperatures were restricted to a maximum of 982C and a minimum of 816C. The hot rolled sheet was electropolished in an aqueous 15wt% -1Cl/ 30wt%H2SO4 electrolyte to remove surface scale and sheared into 1 inch wide strips running parallel to the hot rolling direction. The 1 inch wide hot rolled strips were subsequently cold rolled from 0.1 inch to a fi-1l thickness of 0.0625inch. ",-1,None,1
71.93,19.74,2.14,3.50,0.00,0.00,0.51,0.00,2.05,0.13,0.00,0.00,0.00,0.00,0.00,0.00,0.00,0.00,0.00,0.00,0.00,0.00,0.00,0.00,220.00,90,7.20,0.5460,Potentiody-1mic Polarization,0.17,"All surfaces of the cast slabs were ground to remove imperfections and provide good rolling surfaces before annealing 16 hours at 1200C in argon atmosphere. The slabs were hot rolled at 1090C to 1/16 inch thickness. Oxide scale was subsequently removed by sand blasting before a fi-1l annealing treatment. Following preparation, each alloy was hot rolled to 0.1 inch sheet and water quenched. Hot rolling temperatures were restricted to a maximum of 982C and a minimum of 816C. The hot rolled sheet was electropolished in an aqueous 15wt% -1Cl/ 30wt%H2SO4 electrolyte to remove surface scale and sheared into 1 inch wide strips running parallel to the hot rolling direction. The 1 inch wide hot rolled strips were subsequently cold rolled from 0.1 inch to a fi-1l thickness of 0.0625inch. ",-1,None,1
70.97,19.73,2.13,4.70,0.00,0.00,0.34,0.00,2.04,0.09,0.00,0.00,0.00,0.00,0.00,0.00,0.00,0.00,0.00,0.00,0.00,0.00,0.00,0.00,238.00,90,7.20,0.5460,Potentiody-1mic Polarization,0.17,"All surfaces of the cast slabs were ground to remove imperfections and provide good rolling surfaces before annealing 16 hours at 1200C in argon atmosphere. The slabs were hot rolled at 1090C to 1/16 inch thickness. Oxide scale was subsequently removed by sand blasting before a fi-1l annealing treatment. Following preparation, each alloy was hot rolled to 0.1 inch sheet and water quenched. Hot rolling temperatures were restricted to a maximum of 982C and a minimum of 816C. The hot rolled sheet was electropolished in an aqueous 15wt% -1Cl/ 30wt%H2SO4 electrolyte to remove surface scale and sheared into 1 inch wide strips running parallel to the hot rolling direction. The 1 inch wide hot rolled strips were subsequently cold rolled from 0.1 inch to a fi-1l thickness of 0.0625inch. ",-1,None,1
73.62,22.53,1.45,1.02,0.00,0.00,0.00,0.00,1.37,0.01,0.00,0.00,0.00,0.00,0.00,0.00,0.00,0.00,0.00,0.00,0.00,0.00,0.00,0.00,142.00,90,7.20,0.5460,Scratch,-1.00,"All surfaces of the cast slabs were ground to remove imperfections and provide good rolling surfaces before annealing 16 hours at 1200C in argon atmosphere. The slabs were hot rolled at 1090C to 1/16 inch thickness. Oxide scale was subsequently removed by sand blasting before a fi-1l annealing treatment. Following preparation, each alloy was hot rolled to 0.1 inch sheet and water quenched. Hot rolling temperatures were restricted to a maximum of 982C and a minimum of 816C. The hot rolled sheet was electropolished in an aqueous 15wt% -1Cl/ 30wt%H2SO4 electrolyte to remove surface scale and sheared into 1 inch wide strips running parallel to the hot rolling direction. The 1 inch wide hot rolled strips were subsequently cold rolled from 0.1 inch to a fi-1l thickness of 0.0625inch. ",-1,None,1
73.99,20.73,2.17,1.03,0.00,0.00,0.00,0.00,2.07,0.01,0.00,0.00,0.00,0.00,0.00,0.00,0.00,0.00,0.00,0.00,0.00,0.00,0.00,0.00,165.00,90,7.20,0.5460,Scratch,-1.00,"All surfaces of the cast slabs were ground to remove imperfections and provide good rolling surfaces before annealing 16 hours at 1200C in argon atmosphere. The slabs were hot rolled at 1090C to 1/16 inch thickness. Oxide scale was subsequently removed by sand blasting before a fi-1l annealing treatment. Following preparation, each alloy was hot rolled to 0.1 inch sheet and water quenched. Hot rolling temperatures were restricted to a maximum of 982C and a minimum of 816C. The hot rolled sheet was electropolished in an aqueous 15wt% -1Cl/ 30wt%H2SO4 electrolyte to remove surface scale and sheared into 1 inch wide strips running parallel to the hot rolling direction. The 1 inch wide hot rolled strips were subsequently cold rolled from 0.1 inch to a fi-1l thickness of 0.0625inch. ",-1,None,1
73.49,22.56,1.44,0.71,0.00,0.00,0.34,0.00,1.37,0.09,0.00,0.00,0.00,0.00,0.00,0.00,0.00,0.00,0.00,0.00,0.00,0.00,0.00,0.00,174.00,90,7.20,0.5460,Scratch,-1.00,"All surfaces of the cast slabs were ground to remove imperfections and provide good rolling surfaces before annealing 16 hours at 1200C in argon atmosphere. The slabs were hot rolled at 1090C to 1/16 inch thickness. Oxide scale was subsequently removed by sand blasting before a fi-1l annealing treatment. Following preparation, each alloy was hot rolled to 0.1 inch sheet and water quenched. Hot rolling temperatures were restricted to a maximum of 982C and a minimum of 816C. The hot rolled sheet was electropolished in an aqueous 15wt% -1Cl/ 30wt%H2SO4 electrolyte to remove surface scale and sheared into 1 inch wide strips running parallel to the hot rolling direction. The 1 inch wide hot rolled strips were subsequently cold rolled from 0.1 inch to a fi-1l thickness of 0.0625inch. ",-1,None,1
73.37,22.52,1.85,0.70,0.00,0.00,0.34,0.00,0.01,0.08,0.00,0.00,0.00,1.13,0.00,0.00,0.00,0.00,0.00,0.00,0.00,0.00,0.00,0.00,95.00,90,7.20,0.5460,Scratch,-1.00,"All surfaces of the cast slabs were ground to remove imperfections and provide good rolling surfaces before annealing 16 hours at 1200C in argon atmosphere. The slabs were hot rolled at 1090C to 1/16 inch thickness. Oxide scale was subsequently removed by sand blasting before a fi-1l annealing treatment. Following preparation, each alloy was hot rolled to 0.1 inch sheet and water quenched. Hot rolling temperatures were restricted to a maximum of 982C and a minimum of 816C. The hot rolled sheet was electropolished in an aqueous 15wt% -1Cl/ 30wt%H2SO4 electrolyte to remove surface scale and sheared into 1 inch wide strips running parallel to the hot rolling direction. The 1 inch wide hot rolled strips were subsequently cold rolled from 0.1 inch to a fi-1l thickness of 0.0625inch. ",-1,None,1
73.65,21.51,1.44,2.03,0.00,0.00,0.00,0.00,1.36,0.01,0.00,0.00,0.00,0.00,0.00,0.00,0.00,0.00,0.00,0.00,0.00,0.00,0.00,0.00,230.00,90,7.20,0.5460,Scratch,-1.00,"All surfaces of the cast slabs were ground to remove imperfections and provide good rolling surfaces before annealing 16 hours at 1200C in argon atmosphere. The slabs were hot rolled at 1090C to 1/16 inch thickness. Oxide scale was subsequently removed by sand blasting before a fi-1l annealing treatment. Following preparation, each alloy was hot rolled to 0.1 inch sheet and water quenched. Hot rolling temperatures were restricted to a maximum of 982C and a minimum of 816C. The hot rolled sheet was electropolished in an aqueous 15wt% -1Cl/ 30wt%H2SO4 electrolyte to remove surface scale and sheared into 1 inch wide strips running parallel to the hot rolling direction. The 1 inch wide hot rolled strips were subsequently cold rolled from 0.1 inch to a fi-1l thickness of 0.0625inch. ",-1,None,1
74.02,19.71,2.16,2.04,0.00,0.00,0.00,0.00,2.06,0.01,0.00,0.00,0.00,0.00,0.00,0.00,0.00,0.00,0.00,0.00,0.00,0.00,0.00,0.00,185.00,90,7.20,0.5460,Scratch,-1.00,"All surfaces of the cast slabs were ground to remove imperfections and provide good rolling surfaces before annealing 16 hours at 1200C in argon atmosphere. The slabs were hot rolled at 1090C to 1/16 inch thickness. Oxide scale was subsequently removed by sand blasting before a fi-1l annealing treatment. Following preparation, each alloy was hot rolled to 0.1 inch sheet and water quenched. Hot rolling temperatures were restricted to a maximum of 982C and a minimum of 816C. The hot rolled sheet was electropolished in an aqueous 15wt% -1Cl/ 30wt%H2SO4 electrolyte to remove surface scale and sheared into 1 inch wide strips running parallel to the hot rolling direction. The 1 inch wide hot rolled strips were subsequently cold rolled from 0.1 inch to a fi-1l thickness of 0.0625inch. ",-1,None,1
73.36,21.49,1.84,1.75,0.00,0.00,0.34,0.00,0.01,0.09,0.00,0.00,0.00,1.12,0.00,0.00,0.00,0.00,0.00,0.00,0.00,0.00,0.00,0.00,270.00,90,7.20,0.5460,Scratch,-1.00,"All surfaces of the cast slabs were ground to remove imperfections and provide good rolling surfaces before annealing 16 hours at 1200C in argon atmosphere. The slabs were hot rolled at 1090C to 1/16 inch thickness. Oxide scale was subsequently removed by sand blasting before a fi-1l annealing treatment. Following preparation, each alloy was hot rolled to 0.1 inch sheet and water quenched. Hot rolling temperatures were restricted to a maximum of 982C and a minimum of 816C. The hot rolled sheet was electropolished in an aqueous 15wt% -1Cl/ 30wt%H2SO4 electrolyte to remove surface scale and sheared into 1 inch wide strips running parallel to the hot rolling direction. The 1 inch wide hot rolled strips were subsequently cold rolled from 0.1 inch to a fi-1l thickness of 0.0625inch. ",-1,None,1
72.72,21.48,1.43,3.00,0.00,0.00,0.00,0.00,1.36,0.01,0.00,0.00,0.00,0.00,0.00,0.00,0.00,0.00,0.00,0.00,0.00,0.00,0.00,0.00,248.00,90,7.20,0.5460,Scratch,-1.00,"All surfaces of the cast slabs were ground to remove imperfections and provide good rolling surfaces before annealing 16 hours at 1200C in argon atmosphere. The slabs were hot rolled at 1090C to 1/16 inch thickness. Oxide scale was subsequently removed by sand blasting before a fi-1l annealing treatment. Following preparation, each alloy was hot rolled to 0.1 inch sheet and water quenched. Hot rolling temperatures were restricted to a maximum of 982C and a minimum of 816C. The hot rolled sheet was electropolished in an aqueous 15wt% -1Cl/ 30wt%H2SO4 electrolyte to remove surface scale and sheared into 1 inch wide strips running parallel to the hot rolling direction. The 1 inch wide hot rolled strips were subsequently cold rolled from 0.1 inch to a fi-1l thickness of 0.0625inch. ",-1,None,1
73.02,19.70,2.15,2.64,0.00,0.00,0.34,0.00,2.06,0.09,0.00,0.00,0.00,0.00,0.00,0.00,0.00,0.00,0.00,0.00,0.00,0.00,0.00,0.00,165.00,90,7.20,0.5460,Scratch,-1.00,"All surfaces of the cast slabs were ground to remove imperfections and provide good rolling surfaces before annealing 16 hours at 1200C in argon atmosphere. The slabs were hot rolled at 1090C to 1/16 inch thickness. Oxide scale was subsequently removed by sand blasting before a fi-1l annealing treatment. Following preparation, each alloy was hot rolled to 0.1 inch sheet and water quenched. Hot rolling temperatures were restricted to a maximum of 982C and a minimum of 816C. The hot rolled sheet was electropolished in an aqueous 15wt% -1Cl/ 30wt%H2SO4 electrolyte to remove surface scale and sheared into 1 inch wide strips running parallel to the hot rolling direction. The 1 inch wide hot rolled strips were subsequently cold rolled from 0.1 inch to a fi-1l thickness of 0.0625inch. ",-1,None,1
71.93,19.74,2.14,3.50,0.00,0.00,0.51,0.00,2.05,0.13,0.00,0.00,0.00,0.00,0.00,0.00,0.00,0.00,0.00,0.00,0.00,0.00,0.00,0.00,205.00,90,7.20,0.5460,Scratch,-1.00,"All surfaces of the cast slabs were ground to remove imperfections and provide good rolling surfaces before annealing 16 hours at 1200C in argon atmosphere. The slabs were hot rolled at 1090C to 1/16 inch thickness. Oxide scale was subsequently removed by sand blasting before a fi-1l annealing treatment. Following preparation, each alloy was hot rolled to 0.1 inch sheet and water quenched. Hot rolling temperatures were restricted to a maximum of 982C and a minimum of 816C. The hot rolled sheet was electropolished in an aqueous 15wt% -1Cl/ 30wt%H2SO4 electrolyte to remove surface scale and sheared into 1 inch wide strips running parallel to the hot rolling direction. The 1 inch wide hot rolled strips were subsequently cold rolled from 0.1 inch to a fi-1l thickness of 0.0625inch. ",-1,None,1
70.97,19.73,2.13,4.70,0.00,0.00,0.34,0.00,2.04,0.09,0.00,0.00,0.00,0.00,0.00,0.00,0.00,0.00,0.00,0.00,0.00,0.00,0.00,0.00,152.00,90,7.20,0.5460,Scratch,-1.00,"All surfaces of the cast slabs were ground to remove imperfections and provide good rolling surfaces before annealing 16 hours at 1200C in argon atmosphere. The slabs were hot rolled at 1090C to 1/16 inch thickness. Oxide scale was subsequently removed by sand blasting before a fi-1l annealing treatment. Following preparation, each alloy was hot rolled to 0.1 inch sheet and water quenched. Hot rolling temperatures were restricted to a maximum of 982C and a minimum of 816C. The hot rolled sheet was electropolished in an aqueous 15wt% -1Cl/ 30wt%H2SO4 electrolyte to remove surface scale and sheared into 1 inch wide strips running parallel to the hot rolling direction. The 1 inch wide hot rolled strips were subsequently cold rolled from 0.1 inch to a fi-1l thickness of 0.0625inch. ",-1,None,1
73.25,24.32,0.72,1.02,0.00,0.00,0.00,0.00,0.68,0.01,0.00,0.00,0.00,0.00,0.00,0.00,0.00,0.00,0.00,0.00,0.00,0.00,0.00,0.00,174.00,90,7.20,0.5460,Potentiody-1mic Polarization,0.17,This one received a fi-1l heat treatment of 1h at 1049C followed by water quenching comepared to the one above,-1,None,1
73.62,22.53,1.45,1.02,0.00,0.00,0.00,0.00,1.37,0.01,0.00,0.00,0.00,0.00,0.00,0.00,0.00,0.00,0.00,0.00,0.00,0.00,0.00,0.00,136.00,90,7.20,0.5460,Potentiody-1mic Polarization,0.17,This one received a fi-1l heat treatment of 1h at 1049C followed by water quenching comepared to the one above,-1,None,1
73.99,20.73,2.17,1.03,0.00,0.00,0.00,0.00,2.07,0.01,0.00,0.00,0.00,0.00,0.00,0.00,0.00,0.00,0.00,0.00,0.00,0.00,0.00,0.00,184.00,90,7.20,0.5460,Potentiody-1mic Polarization,0.17,This one received a fi-1l heat treatment of 1h at 1049C followed by water quenching comepared to the one above,-1,None,1
73.49,22.56,1.44,0.71,0.00,0.00,0.34,0.00,1.37,0.09,0.00,0.00,0.00,0.00,0.00,0.00,0.00,0.00,0.00,0.00,0.00,0.00,0.00,0.00,194.00,90,7.20,0.5460,Potentiody-1mic Polarization,0.17,This one received a fi-1l heat treatment of 1h at 1049C followed by water quenching comepared to the one above,-1,None,1
73.37,22.52,1.85,0.70,0.00,0.00,0.34,0.00,0.01,0.08,0.00,0.00,0.00,1.13,0.00,0.00,0.00,0.00,0.00,0.00,0.00,0.00,0.00,0.00,133.50,90,7.20,0.5460,Potentiody-1mic Polarization,0.17,This one received a fi-1l heat treatment of 1h at 1049C followed by water quenching comepared to the one above,-1,None,1
73.29,23.29,0.71,2.02,0.00,0.00,0.00,0.00,0.68,0.01,0.00,0.00,0.00,0.00,0.00,0.00,0.00,0.00,0.00,0.00,0.00,0.00,0.00,0.00,192.00,90,7.20,0.5460,Potentiody-1mic Polarization,0.17,This one received a fi-1l heat treatment of 1h at 1049C followed by water quenching comepared to the one above,-1,None,1
73.65,21.51,1.44,2.03,0.00,0.00,0.00,0.00,1.36,0.01,0.00,0.00,0.00,0.00,0.00,0.00,0.00,0.00,0.00,0.00,0.00,0.00,0.00,0.00,262.00,90,7.20,0.5460,Potentiody-1mic Polarization,0.17,This one received a fi-1l heat treatment of 1h at 1049C followed by water quenching comepared to the one above,-1,None,1
74.02,19.71,2.16,2.04,0.00,0.00,0.00,0.00,2.06,0.01,0.00,0.00,0.00,0.00,0.00,0.00,0.00,0.00,0.00,0.00,0.00,0.00,0.00,0.00,226.00,90,7.20,0.5460,Potentiody-1mic Polarization,0.17,This one received a fi-1l heat treatment of 1h at 1049C followed by water quenching comepared to the one above,-1,None,1
73.48,21.53,1.44,1.75,0.00,0.00,0.34,0.00,1.37,0.09,0.00,0.00,0.00,0.00,0.00,0.00,0.00,0.00,0.00,0.00,0.00,0.00,0.00,0.00,194.00,90,7.20,0.5460,Potentiody-1mic Polarization,0.17,This one received a fi-1l heat treatment of 1h at 1049C followed by water quenching comepared to the one above,-1,None,1
73.36,21.49,1.84,1.75,0.00,0.00,0.34,0.00,0.01,0.09,0.00,0.00,0.00,1.12,0.00,0.00,0.00,0.00,0.00,0.00,0.00,0.00,0.00,0.00,284.00,90,7.20,0.5460,Potentiody-1mic Polarization,0.17,This one received a fi-1l heat treatment of 1h at 1049C followed by water quenching comepared to the one above,-1,None,1
72.72,21.48,1.43,3.00,0.00,0.00,0.00,0.00,1.36,0.01,0.00,0.00,0.00,0.00,0.00,0.00,0.00,0.00,0.00,0.00,0.00,0.00,0.00,0.00,306.00,90,7.20,0.5460,Potentiody-1mic Polarization,0.17,This one received a fi-1l heat treatment of 1h at 1049C followed by water quenching comepared to the one above,-1,None,1
73.09,19.69,2.14,3.02,0.00,0.00,0.00,0.00,2.05,0.01,0.00,0.00,0.00,0.00,0.00,0.00,0.00,0.00,0.00,0.00,0.00,0.00,0.00,0.00,230.00,90,7.20,0.5460,Potentiody-1mic Polarization,0.17,This one received a fi-1l heat treatment of 1h at 1049C followed by water quenching comepared to the one above,-1,None,1
72.65,21.51,1.43,2.62,0.00,0.00,0.34,0.00,1.36,0.09,0.00,0.00,0.00,0.00,0.00,0.00,0.00,0.00,0.00,0.00,0.00,0.00,0.00,0.00,225.00,90,7.20,0.5460,Potentiody-1mic Polarization,0.17,This one received a fi-1l heat treatment of 1h at 1049C followed by water quenching comepared to the one above,-1,None,1
73.02,19.70,2.15,2.64,0.00,0.00,0.34,0.00,2.06,0.09,0.00,0.00,0.00,0.00,0.00,0.00,0.00,0.00,0.00,0.00,0.00,0.00,0.00,0.00,240.00,90,7.20,0.5460,Potentiody-1mic Polarization,0.17,This one received a fi-1l heat treatment of 1h at 1049C followed by water quenching comepared to the one above,-1,None,1
71.93,19.74,2.14,3.50,0.00,0.00,0.51,0.00,2.05,0.13,0.00,0.00,0.00,0.00,0.00,0.00,0.00,0.00,0.00,0.00,0.00,0.00,0.00,0.00,342.00,90,7.20,0.5460,Potentiody-1mic Polarization,0.17,This one received a fi-1l heat treatment of 1h at 1049C followed by water quenching comepared to the one above,-1,None,1
70.97,19.73,2.13,4.70,0.00,0.00,0.34,0.00,2.04,0.09,0.00,0.00,0.00,0.00,0.00,0.00,0.00,0.00,0.00,0.00,0.00,0.00,0.00,0.00,310.00,90,7.20,0.5460,Potentiody-1mic Polarization,0.17,This one received a fi-1l heat treatment of 1h at 1049C followed by water quenching comepared to the one above,-1,None,1
73.25,24.32,0.72,1.02,0.00,0.00,0.00,0.00,0.68,0.01,0.00,0.00,0.00,0.00,0.00,0.00,0.00,0.00,0.00,0.00,0.00,0.00,0.00,0.00,145.00,90,7.20,0.5460,Scratch,-1.00,This one received a fi-1l heat treatment of 1h at 1049C followed by water quenching comepared to the one above,-1,None,1
73.62,22.53,1.45,1.02,0.00,0.00,0.00,0.00,1.37,0.01,0.00,0.00,0.00,0.00,0.00,0.00,0.00,0.00,0.00,0.00,0.00,0.00,0.00,0.00,108.00,90,7.20,0.5460,Scratch,-1.00,This one received a fi-1l heat treatment of 1h at 1049C followed by water quenching comepared to the one above,-1,None,1
73.99,20.73,2.17,1.03,0.00,0.00,0.00,0.00,2.07,0.01,0.00,0.00,0.00,0.00,0.00,0.00,0.00,0.00,0.00,0.00,0.00,0.00,0.00,0.00,178.00,90,7.20,0.5460,Scratch,-1.00,This one received a fi-1l heat treatment of 1h at 1049C followed by water quenching comepared to the one above,-1,None,1
73.49,22.56,1.44,0.71,0.00,0.00,0.34,0.00,1.37,0.09,0.00,0.00,0.00,0.00,0.00,0.00,0.00,0.00,0.00,0.00,0.00,0.00,0.00,0.00,186.00,90,7.20,0.5460,Scratch,-1.00,This one received a fi-1l heat treatment of 1h at 1049C followed by water quenching comepared to the one above,-1,None,1
73.37,22.52,1.85,0.70,0.00,0.00,0.34,0.00,0.01,0.08,0.00,0.00,0.00,1.13,0.00,0.00,0.00,0.00,0.00,0.00,0.00,0.00,0.00,0.00,98.00,90,7.20,0.5460,Scratch,-1.00,This one received a fi-1l heat treatment of 1h at 1049C followed by water quenching comepared to the one above,-1,None,1
73.29,23.29,0.71,2.02,0.00,0.00,0.00,0.00,0.68,0.01,0.00,0.00,0.00,0.00,0.00,0.00,0.00,0.00,0.00,0.00,0.00,0.00,0.00,0.00,170.00,90,7.20,0.5460,Scratch,-1.00,This one received a fi-1l heat treatment of 1h at 1049C followed by water quenching comepared to the one above,-1,None,1
73.65,21.51,1.44,2.03,0.00,0.00,0.00,0.00,1.36,0.01,0.00,0.00,0.00,0.00,0.00,0.00,0.00,0.00,0.00,0.00,0.00,0.00,0.00,0.00,232.00,90,7.20,0.5460,Scratch,-1.00,This one received a fi-1l heat treatment of 1h at 1049C followed by water quenching comepared to the one above,-1,None,1
74.02,19.71,2.16,2.04,0.00,0.00,0.00,0.00,2.06,0.01,0.00,0.00,0.00,0.00,0.00,0.00,0.00,0.00,0.00,0.00,0.00,0.00,0.00,0.00,215.00,90,7.20,0.5460,Scratch,-1.00,This one received a fi-1l heat treatment of 1h at 1049C followed by water quenching comepared to the one above,-1,None,1
73.48,21.53,1.44,1.75,0.00,0.00,0.34,0.00,1.37,0.09,0.00,0.00,0.00,0.00,0.00,0.00,0.00,0.00,0.00,0.00,0.00,0.00,0.00,0.00,192.00,90,7.20,0.5460,Scratch,-1.00,This one received a fi-1l heat treatment of 1h at 1049C followed by water quenching comepared to the one above,-1,None,1
73.36,21.49,1.84,1.75,0.00,0.00,0.34,0.00,0.01,0.09,0.00,0.00,0.00,1.12,0.00,0.00,0.00,0.00,0.00,0.00,0.00,0.00,0.00,0.00,165.00,90,7.20,0.5460,Scratch,-1.00,This one received a fi-1l heat treatment of 1h at 1049C followed by water quenching comepared to the one above,-1,None,1
72.72,21.48,1.43,3.00,0.00,0.00,0.00,0.00,1.36,0.01,0.00,0.00,0.00,0.00,0.00,0.00,0.00,0.00,0.00,0.00,0.00,0.00,0.00,0.00,272.00,90,7.20,0.5460,Scratch,-1.00,This one received a fi-1l heat treatment of 1h at 1049C followed by water quenching comepared to the one above,-1,None,1
73.09,19.69,2.14,3.02,0.00,0.00,0.00,0.00,2.05,0.01,0.00,0.00,0.00,0.00,0.00,0.00,0.00,0.00,0.00,0.00,0.00,0.00,0.00,0.00,222.00,90,7.20,0.5460,Scratch,-1.00,This one received a fi-1l heat treatment of 1h at 1049C followed by water quenching comepared to the one above,-1,None,1
72.65,21.51,1.43,2.62,0.00,0.00,0.34,0.00,1.36,0.09,0.00,0.00,0.00,0.00,0.00,0.00,0.00,0.00,0.00,0.00,0.00,0.00,0.00,0.00,174.00,90,7.20,0.5460,Scratch,-1.00,This one received a fi-1l heat treatment of 1h at 1049C followed by water quenching comepared to the one above,-1,None,1
73.02,19.70,2.15,2.64,0.00,0.00,0.34,0.00,2.06,0.09,0.00,0.00,0.00,0.00,0.00,0.00,0.00,0.00,0.00,0.00,0.00,0.00,0.00,0.00,235.00,90,7.20,0.5460,Scratch,-1.00,This one received a fi-1l heat treatment of 1h at 1049C followed by water quenching comepared to the one above,-1,None,1
71.93,19.74,2.14,3.50,0.00,0.00,0.51,0.00,2.05,0.13,0.00,0.00,0.00,0.00,0.00,0.00,0.00,0.00,0.00,0.00,0.00,0.00,0.00,0.00,268.00,90,7.20,0.5460,Scratch,-1.00,This one received a fi-1l heat treatment of 1h at 1049C followed by water quenching comepared to the one above,-1,None,1
70.97,19.73,2.13,4.70,0.00,0.00,0.34,0.00,2.04,0.09,0.00,0.00,0.00,0.00,0.00,0.00,0.00,0.00,0.00,0.00,0.00,0.00,0.00,0.00,298.00,90,7.20,0.5460,Scratch,-1.00,This one received a fi-1l heat treatment of 1h at 1049C followed by water quenching comepared to the one above,-1,None,1
81.23,16.45,0.11,1.97,0.00,0.05,0.00,0.03,0.13,0.03,0.00,0.00,0.00,0.00,0.00,0.00,0.00,0.00,0.00,0.00,0.00,0.00,0.00,0.00,300.00,45,7.00,1.0000,"Potentiody-1mic Polarization. The electrodes for the potentiody-1mic studies were mounted in epoxy plastic with a single exposed surface parallel to the rolling plane. Electrical contact was made by soft-soldering a nickel wire to the back of the electrode. Contact between the solder or lead wire and the electrolyte was excluded by the plastic and glass tube. The 0.5 by 0.6 cm exposed surface was polished by using standard metallographic techniques, finishing with a distilled water slurry of 0.3 mu alumi-1. The edges of the electrode were masked with clear Glyptal varnish to prevent crevice corrosion. The coupons for the exposure tests, 2.5 by 2.5 by 0.3 cm, were surface ground and then polished through No. 600 wet silicon carbide paper. They were solvent degreased and rinsed in methanol before exposure.",0.56,815C annealed then water quenched,-1,Data was extracted fromTable VI,1
81.23,16.45,0.11,1.97,0.00,0.05,0.00,0.03,0.13,0.03,0.00,0.00,0.00,0.00,0.00,0.00,0.00,0.00,0.00,0.00,0.00,0.00,0.00,0.00,300.00,45,7.00,1.0000,"Potentiody-1mic Polarization. The electrodes for the potentiody-1mic studies were mounted in epoxy plastic with a single exposed surface parallel to the rolling plane. Electrical contact was made by soft-soldering a nickel wire to the back of the electrode. Contact between the solder or lead wire and the electrolyte was excluded by the plastic and glass tube. The 0.5 by 0.6 cm exposed surface was polished by using standard metallographic techniques, finishing with a distilled water slurry of 0.3 mu alumi-1. The edges of the electrode were masked with clear Glyptal varnish to prevent crevice corrosion. The coupons for the exposure tests, 2.5 by 2.5 by 0.3 cm, were surface ground and then polished through No. 600 wet silicon carbide paper. They were solvent degreased and rinsed in methanol before exposure.",0.56,925C annealed then water quenched,-1,Data was extracted fromTable VI,1
81.23,16.45,0.11,1.97,0.00,0.05,0.00,0.03,0.13,0.03,0.00,0.00,0.00,0.00,0.00,0.00,0.00,0.00,0.00,0.00,0.00,0.00,0.00,0.00,540.00,45,7.00,1.0000,"Potentiody-1mic Polarization. The electrodes for the potentiody-1mic studies were mounted in epoxy plastic with a single exposed surface parallel to the rolling plane. Electrical contact was made by soft-soldering a nickel wire to the back of the electrode. Contact between the solder or lead wire and the electrolyte was excluded by the plastic and glass tube. The 0.5 by 0.6 cm exposed surface was polished by using standard metallographic techniques, finishing with a distilled water slurry of 0.3 mu alumi-1. The edges of the electrode were masked with clear Glyptal varnish to prevent crevice corrosion. The coupons for the exposure tests, 2.5 by 2.5 by 0.3 cm, were surface ground and then polished through No. 600 wet silicon carbide paper. They were solvent degreased and rinsed in methanol before exposure.",0.56,1035C annealed then water quenched,-1,Data was extracted fromTable VI,1
81.43,17.61,0.09,0.04,0.00,0.03,0.00,0.03,0.22,0.55,0.00,0.00,0.00,0.00,0.00,0.00,0.00,0.00,0.00,0.00,0.00,0.00,0.00,0.00,#REF!,1,7.00,1.0000,"Potentiody-1mic Polarization. The electrodes for the potentiody-1mic studies were mounted in epoxy plastic with a single exposed surface parallel to the rolling plane. Electrical contact was made by soft-soldering a nickel wire to the back of the electrode. Contact between the solder or lead wire and the electrolyte was excluded by the plastic and glass tube. The 0.5 by 0.6 cm exposed surface was polished by using standard metallographic techniques, finishing with a distilled water slurry of 0.3 mu alumi-1. The edges of the electrode were masked with clear Glyptal varnish to prevent crevice corrosion. The coupons for the exposure tests, 2.5 by 2.5 by 0.3 cm, were surface ground and then polished through No. 600 wet silicon carbide paper. They were solvent degreased and rinsed in methanol before exposure.",0.06,815C annealed then water quenched,-1,Data was extracted from Fig. 2,1
81.43,17.61,0.09,0.04,0.00,0.03,0.00,0.03,0.22,0.55,0.00,0.00,0.00,0.00,0.00,0.00,0.00,0.00,0.00,0.00,0.00,0.00,0.00,0.00,#REF!,25,7.00,1.0000,"Potentiody-1mic Polarization. The electrodes for the potentiody-1mic studies were mounted in epoxy plastic with a single exposed surface parallel to the rolling plane. Electrical contact was made by soft-soldering a nickel wire to the back of the electrode. Contact between the solder or lead wire and the electrolyte was excluded by the plastic and glass tube. The 0.5 by 0.6 cm exposed surface was polished by using standard metallographic techniques, finishing with a distilled water slurry of 0.3 mu alumi-1. The edges of the electrode were masked with clear Glyptal varnish to prevent crevice corrosion. The coupons for the exposure tests, 2.5 by 2.5 by 0.3 cm, were surface ground and then polished through No. 600 wet silicon carbide paper. They were solvent degreased and rinsed in methanol before exposure.",0.06,815C annealed then water quenched,-1,Data was extracted from Fig. 2,1
81.43,17.61,0.09,0.04,0.00,0.03,0.00,0.03,0.22,0.55,0.00,0.00,0.00,0.00,0.00,0.00,0.00,0.00,0.00,0.00,0.00,0.00,0.00,0.00,#REF!,45,7.00,1.0000,"Potentiody-1mic Polarization. The electrodes for the potentiody-1mic studies were mounted in epoxy plastic with a single exposed surface parallel to the rolling plane. Electrical contact was made by soft-soldering a nickel wire to the back of the electrode. Contact between the solder or lead wire and the electrolyte was excluded by the plastic and glass tube. The 0.5 by 0.6 cm exposed surface was polished by using standard metallographic techniques, finishing with a distilled water slurry of 0.3 mu alumi-1. The edges of the electrode were masked with clear Glyptal varnish to prevent crevice corrosion. The coupons for the exposure tests, 2.5 by 2.5 by 0.3 cm, were surface ground and then polished through No. 600 wet silicon carbide paper. They were solvent degreased and rinsed in methanol before exposure.",0.06,815C annealed then water quenched,-1,Data was extracted from Fig. 2,1
81.43,17.61,0.09,0.04,0.00,0.03,0.00,0.03,0.22,0.55,0.00,0.00,0.00,0.00,0.00,0.00,0.00,0.00,0.00,0.00,0.00,0.00,0.00,0.00,#REF!,70,7.00,1.0000,"Potentiody-1mic Polarization. The electrodes for the potentiody-1mic studies were mounted in epoxy plastic with a single exposed surface parallel to the rolling plane. Electrical contact was made by soft-soldering a nickel wire to the back of the electrode. Contact between the solder or lead wire and the electrolyte was excluded by the plastic and glass tube. The 0.5 by 0.6 cm exposed surface was polished by using standard metallographic techniques, finishing with a distilled water slurry of 0.3 mu alumi-1. The edges of the electrode were masked with clear Glyptal varnish to prevent crevice corrosion. The coupons for the exposure tests, 2.5 by 2.5 by 0.3 cm, were surface ground and then polished through No. 600 wet silicon carbide paper. They were solvent degreased and rinsed in methanol before exposure.",0.06,815C annealed then water quenched,-1,Data was extracted from Fig. 2,1
81.43,17.61,0.09,0.04,0.00,0.03,0.00,0.03,0.22,0.55,0.00,0.00,0.00,0.00,0.00,0.00,0.00,0.00,0.00,0.00,0.00,0.00,0.00,0.00,#REF!,1,7.00,0.0000,"Potentiody-1mic Polarization. The electrodes for the potentiody-1mic studies were mounted in epoxy plastic with a single exposed surface parallel to the rolling plane. Electrical contact was made by soft-soldering a nickel wire to the back of the electrode. Contact between the solder or lead wire and the electrolyte was excluded by the plastic and glass tube. The 0.5 by 0.6 cm exposed surface was polished by using standard metallographic techniques, finishing with a distilled water slurry of 0.3 mu alumi-1. The edges of the electrode were masked with clear Glyptal varnish to prevent crevice corrosion. The coupons for the exposure tests, 2.5 by 2.5 by 0.3 cm, were surface ground and then polished through No. 600 wet silicon carbide paper. They were solvent degreased and rinsed in methanol before exposure.",0.06,815C annealed then water quenched,-1,Data was extracted from Fig. 4,1
81.43,17.61,0.09,0.04,0.00,0.03,0.00,0.03,0.22,0.55,0.00,0.00,0.00,0.00,0.00,0.00,0.00,0.00,0.00,0.00,0.00,0.00,0.00,0.00,#REF!,25,7.00,0.0000,"Potentiody-1mic Polarization. The electrodes for the potentiody-1mic studies were mounted in epoxy plastic with a single exposed surface parallel to the rolling plane. Electrical contact was made by soft-soldering a nickel wire to the back of the electrode. Contact between the solder or lead wire and the electrolyte was excluded by the plastic and glass tube. The 0.5 by 0.6 cm exposed surface was polished by using standard metallographic techniques, finishing with a distilled water slurry of 0.3 mu alumi-1. The edges of the electrode were masked with clear Glyptal varnish to prevent crevice corrosion. The coupons for the exposure tests, 2.5 by 2.5 by 0.3 cm, were surface ground and then polished through No. 600 wet silicon carbide paper. They were solvent degreased and rinsed in methanol before exposure.",0.06,815C annealed then water quenched,-1,Data was extracted from Fig. 4,1
81.43,17.61,0.09,0.04,0.00,0.03,0.00,0.03,0.22,0.55,0.00,0.00,0.00,0.00,0.00,0.00,0.00,0.00,0.00,0.00,0.00,0.00,0.00,0.00,#REF!,45,7.00,0.0000,"Potentiody-1mic Polarization. The electrodes for the potentiody-1mic studies were mounted in epoxy plastic with a single exposed surface parallel to the rolling plane. Electrical contact was made by soft-soldering a nickel wire to the back of the electrode. Contact between the solder or lead wire and the electrolyte was excluded by the plastic and glass tube. The 0.5 by 0.6 cm exposed surface was polished by using standard metallographic techniques, finishing with a distilled water slurry of 0.3 mu alumi-1. The edges of the electrode were masked with clear Glyptal varnish to prevent crevice corrosion. The coupons for the exposure tests, 2.5 by 2.5 by 0.3 cm, were surface ground and then polished through No. 600 wet silicon carbide paper. They were solvent degreased and rinsed in methanol before exposure.",0.06,815C annealed then water quenched,-1,Data was extracted from Fig. 4,1
74.14,17.00,8.30,0.19,0.00,0.05,0.00,0.11,0.01,0.01,0.19,0.00,0.00,0.00,0.00,0.00,0.00,0.00,0.00,0.00,0.00,0.00,0.00,0.00,63.00,70,7.00,0.6000,"Potentiody-1mic Polarization, Potentiody-1mic
polarization commenced at the free-corrosion potential
after the sample had been immersed in the solution for 30 minutes",0.17,-1,-1,"UNS S30100, Test solutions were deaerated by nitrogen",1
69.92,17.20,10.50,2.00,0.00,0.05,0.00,0.06,0.01,0.01,0.25,0.00,0.00,0.00,0.00,0.00,0.00,0.00,0.00,0.00,0.00,0.00,0.00,0.00,168.00,70,7.00,0.6000,"Potentiody-1mic Polarization, Potentiody-1mic
polarization commenced at the free-corrosion potential
after the sample had been immersed in the solution for 30 minutes",0.17,-1,-1,"UNS S31600, Test solutions were deaerated by nitrogen",1
48.95,20.00,25.00,4.50,0.00,0.00,0.00,0.03,0.01,0.01,1.50,0.00,0.00,0.00,0.00,0.00,0.00,0.00,0.00,0.00,0.00,0.00,0.00,0.00,620.00,70,7.00,0.6000,"Potentiody-1mic Polarization, Potentiody-1mic
polarization commenced at the free-corrosion potential
after the sample had been immersed in the solution for 30 minutes",0.17,-1,-1,"UNS N08904, Test solutions were deaerated by nitrogen",1
54.95,20.00,18.00,6.10,0.00,0.21,0.00,0.02,0.01,0.01,0.70,0.00,0.00,0.00,0.00,0.00,0.00,0.00,0.00,0.00,0.00,0.00,0.00,0.00,1028.00,70,7.00,0.6000,"Potentiody-1mic Polarization, Potentiody-1mic
polarization commenced at the free-corrosion potential
after the sample had been immersed in the solution for 30 minutes",0.17,-1,-1,"UNS S31254 Heat 2, Test solutions were deaerated by nitrogen, Two heats of
UNS S31254 materials were tested because Heat 1 material was
found to contain a significant quantity of titanium-rich inclusions,
and was thus metallographically less clean than Heat 2 material. Nomi-1l values for all in composition.",1
74.14,17.00,8.30,0.19,0.00,0.05,0.00,0.11,0.01,0.01,0.19,0.00,0.00,0.00,0.00,0.00,0.00,0.00,0.00,0.00,0.00,0.00,0.00,0.00,273.00,70,7.00,0.0000,"Potentiody-1mic Polarization, Potentiody-1mic
polarization commenced at the free-corrosion potential
after the sample had been immersed in the solution for 30 minutes",0.17,-1,-1,"UNS S30100, Test solutions were deaerated by nitrogen",1
69.92,17.20,10.50,2.00,0.00,0.05,0.00,0.06,0.01,0.01,0.25,0.00,0.00,0.00,0.00,0.00,0.00,0.00,0.00,0.00,0.00,0.00,0.00,0.00,330.00,70,7.00,0.0000,"Potentiody-1mic Polarization, Potentiody-1mic
polarization commenced at the free-corrosion potential
after the sample had been immersed in the solution for 30 minutes",0.17,-1,-1,"UNS S31600, Test solutions were deaerated by nitrogen",1
48.95,20.00,25.00,4.50,0.00,0.00,0.00,0.03,0.01,0.01,1.50,0.00,0.00,0.00,0.00,0.00,0.00,0.00,0.00,0.00,0.00,0.00,0.00,0.00,476.00,70,7.00,0.0000,"Potentiody-1mic Polarization, Potentiody-1mic
polarization commenced at the free-corrosion potential
after the sample had been immersed in the solution for 30 minutes",0.17,-1,-1,"UNS N08904, Test solutions were deaerated by nitrogen",1
54.95,20.00,18.00,6.10,0.00,0.21,0.00,0.02,0.01,0.01,0.70,0.00,0.00,0.00,0.00,0.00,0.00,0.00,0.00,0.00,0.00,0.00,0.00,0.00,620.00,70,7.00,0.0000,"Potentiody-1mic Polarization, Potentiody-1mic
polarization commenced at the free-corrosion potential
after the sample had been immersed in the solution for 30 minutes",0.17,-1,-1,"UNS S31254 Heat 2, Test solutions were deaerated by nitrogen, Two heats of
UNS S31254 materials were tested because Heat 1 material was
found to contain a significant quantity of titanium-rich inclusions,
and was thus metallographically less clean than Heat 2 material. Nomi-1l values for all in composition.",1
61.27,27.30,7.30,3.80,0.00,0.31,0.00,0.00,0.01,0.01,0.00,0.00,0.00,0.00,0.00,0.00,0.00,0.00,0.00,0.00,0.00,0.00,0.00,0.00,1010.00,60,7.00,0.5460,Potentiody-1mic Polarization - pitting potentital measured by potential sweep method,0.33,-1,-1,"28% Cr Duplex stainless steel, pitting potentital measured by potential sweep method, Cl conc is estimated",1
61.27,27.30,7.30,3.80,0.00,0.31,0.00,0.00,0.01,0.01,0.00,0.00,0.00,0.00,0.00,0.00,0.00,0.00,0.00,0.00,0.00,0.00,0.00,0.00,1020.00,80,7.00,0.5460,Potentiody-1mic Polarization - pitting potentital measured by potential sweep method,0.33,-1,-1,"28% Cr Duplex stainless steel, pitting potentital measured by potential sweep method, Cl conc is estimated",1
61.27,27.30,7.30,3.80,0.00,0.31,0.00,0.00,0.01,0.01,0.00,0.00,0.00,0.00,0.00,0.00,0.00,0.00,0.00,0.00,0.00,0.00,0.00,0.00,850.00,100,7.00,0.5460,Potentiody-1mic Polarization - pitting potentital measured by potential sweep method,0.33,-1,-1,"28% Cr Duplex stainless steel, pitting potentital measured by potential sweep method, Cl conc is estimated",1
64.78,28.40,2.60,4.20,0.00,0.00,0.00,0.00,0.01,0.01,0.00,0.00,0.00,0.00,0.00,0.00,0.00,0.00,0.00,0.00,0.00,0.00,0.00,0.00,1010.00,60,7.00,0.5460,Potentiody-1mic Polarization - pitting potentital measured by potential sweep method,0.33,-1,-1,"Super-ferritic stainless steel,pitting potentital measured by potential sweep method, Cl conc is estimated",1
64.78,28.40,2.60,4.20,0.00,0.00,0.00,0.00,0.01,0.01,0.00,0.00,0.00,0.00,0.00,0.00,0.00,0.00,0.00,0.00,0.00,0.00,0.00,0.00,1010.00,80,7.00,0.5460,Potentiody-1mic Polarization - pitting potentital measured by potential sweep method,0.33,-1,-1,"Super-ferritic stainless steel,pitting potentital measured by potential sweep method, Cl conc is estimated",1
64.78,28.40,2.60,4.20,0.00,0.00,0.00,0.00,0.01,0.01,0.00,0.00,0.00,0.00,0.00,0.00,0.00,0.00,0.00,0.00,0.00,0.00,0.00,0.00,493.00,100,7.00,0.5460,Potentiody-1mic Polarization - pitting potentital measured by potential sweep method,0.33,-1,-1,"Super-ferritic stainless steel,pitting potentital measured by potential sweep method, Cl conc is estimated",1
54.98,19.80,18.60,6.40,0.00,0.20,0.00,0.00,0.01,0.01,0.00,0.00,0.00,0.00,0.00,0.00,0.00,0.00,0.00,0.00,0.00,0.00,0.00,0.00,1000.00,60,7.00,0.5460,Potentiody-1mic Polarization - pitting potentital measured by potential sweep method,0.33,-1,-1,"Super-austenitic stainless steel,pitting potentital measured by potential sweep method, Cl conc is estimated",1
54.98,19.80,18.60,6.40,0.00,0.20,0.00,0.00,0.01,0.01,0.00,0.00,0.00,0.00,0.00,0.00,0.00,0.00,0.00,0.00,0.00,0.00,0.00,0.00,1010.00,80,7.00,0.5460,Potentiody-1mic Polarization - pitting potentital measured by potential sweep method,0.33,-1,-1,"Super-austenitic stainless steel,pitting potentital measured by potential sweep method, Cl conc is estimated",1
54.98,19.80,18.60,6.40,0.00,0.20,0.00,0.00,0.01,0.01,0.00,0.00,0.00,0.00,0.00,0.00,0.00,0.00,0.00,0.00,0.00,0.00,0.00,0.00,782.00,100,7.00,0.5460,Potentiody-1mic Polarization - pitting potentital measured by potential sweep method,0.33,-1,-1,"Super-austenitic stainless steel,pitting potentital measured by potential sweep method, Cl conc is estimated",1
64.54,25.20,7.10,3.00,0.00,0.14,0.00,0.00,0.01,0.01,0.00,0.00,0.00,0.00,0.00,0.00,0.00,0.00,0.00,0.00,0.00,0.00,0.00,0.00,1010.00,60,7.00,0.5460,Potentiody-1mic Polarization - pitting potentital measured by potential sweep method,0.33,-1,-1,"25% Cr Duplex stainless steel, pitting potentital measured by potential sweep method, Cl conc is estimated",1
64.54,25.20,7.10,3.00,0.00,0.14,0.00,0.00,0.01,0.01,0.00,0.00,0.00,0.00,0.00,0.00,0.00,0.00,0.00,0.00,0.00,0.00,0.00,0.00,330.00,80,7.00,0.5460,Potentiody-1mic Polarization - pitting potentital measured by potential sweep method,0.33,-1,-1,"25% Cr Duplex stainless steel, pitting potentital measured by potential sweep method, Cl conc is estimated",1
64.54,25.20,7.10,3.00,0.00,0.14,0.00,0.00,0.01,0.01,0.00,0.00,0.00,0.00,0.00,0.00,0.00,0.00,0.00,0.00,0.00,0.00,0.00,0.00,240.00,100,7.00,0.5460,Potentiody-1mic Polarization - pitting potentital measured by potential sweep method,0.33,-1,-1,"25% Cr Duplex stainless steel, pitting potentital measured by potential sweep method,Cl conc is estimated",1
86.21,13.68,0.00,0.08,0.00,0.00,0.00,0.00,0.01,0.01,0.00,0.00,0.00,0.00,0.00,0.00,0.00,0.00,0.00,0.00,0.00,0.00,0.00,0.00,50.28,25,7.00,1.0000,"The ""scratch"" technique was employed for the determi-1tion of pitting potentials.The electrode was first polarized potentiostatically to some potential well below the expected pitting potential.The polarization current was allowedto stabilize and then the electrode surface was scratched with a sharp silicon-carbide crystal mounted
on the end of a glass tube. The scratching of the electrode
surface resulted in a sharp polarization current
""blip."" The electrode potential was manually adjusted
by 20 mV steps to more and more noble potential
values, until the scratch failed to repassivate, a failure
which was indicated by a gradual current rise after the
electrode was scratched. The pit was allowed to develop
for 10 min, and then the electrode was examined visually.
Only those results were considered to be valid
where pits actually developed at the scratched site.",20mV steps by manual increament ,heat-treated for 1 hr at 1500F followed by water quenching,2,polished only through 600-grit SiC metallographic paper.,1
85.79,13.14,0.00,1.04,0.00,0.00,0.00,0.01,0.01,0.01,0.00,0.00,0.00,0.00,0.00,0.00,0.00,0.00,0.00,0.00,0.00,0.00,0.00,0.00,100.25,25,7.00,1.0000,"The ""scratch"" technique was employed for the determi-1tion of pitting potentials.The electrode was first polarized potentiostatically to some potential well below the expected pitting potential.The polarization current was allowedto stabilize and then the electrode surface was scratched with a sharp silicon-carbide crystal mounted
on the end of a glass tube. The scratching of the electrode
surface resulted in a sharp polarization current
""blip."" The electrode potential was manually adjusted
by 20 mV steps to more and more noble potential
values, until the scratch failed to repassivate, a failure
which was indicated by a gradual current rise after the
electrode was scratched. The pit was allowed to develop
for 10 min, and then the electrode was examined visually.
Only those results were considered to be valid
where pits actually developed at the scratched site.",20mV steps by manual increament ,heat-treated for 1 hr at 1500F followed by water quenching,2,polished only through 600-grit SiC metallographic paper.,1
84.49,13.60,0.00,1.88,0.00,0.00,0.00,0.00,0.01,0.01,0.00,0.00,0.00,0.00,0.00,0.00,0.00,0.00,0.00,0.00,0.00,0.00,0.00,0.00,167.65,25,7.00,1.0000,"The ""scratch"" technique was employed for the determi-1tion of pitting potentials.The electrode was first polarized potentiostatically to some potential well below the expected pitting potential.The polarization current was allowedto stabilize and then the electrode surface was scratched with a sharp silicon-carbide crystal mounted
on the end of a glass tube. The scratching of the electrode
surface resulted in a sharp polarization current
""blip."" The electrode potential was manually adjusted
by 20 mV steps to more and more noble potential
values, until the scratch failed to repassivate, a failure
which was indicated by a gradual current rise after the
electrode was scratched. The pit was allowed to develop
for 10 min, and then the electrode was examined visually.
Only those results were considered to be valid
where pits actually developed at the scratched site.",20mV steps by manual increament ,heat-treated for 1 hr at 1500F followed by water quenching,2,polished only through 600-grit SiC metallographic paper.,1
83.55,12.94,0.00,3.48,0.00,0.00,0.00,0.00,0.01,0.01,0.00,0.00,0.00,0.00,0.00,0.00,0.00,0.00,0.00,0.00,0.00,0.00,0.00,0.00,215.42,25,7.00,1.0000,"The ""scratch"" technique was employed for the determi-1tion of pitting potentials.The electrode was first polarized potentiostatically to some potential well below the expected pitting potential.The polarization current was allowedto stabilize and then the electrode surface was scratched with a sharp silicon-carbide crystal mounted
on the end of a glass tube. The scratching of the electrode
surface resulted in a sharp polarization current
""blip."" The electrode potential was manually adjusted
by 20 mV steps to more and more noble potential
values, until the scratch failed to repassivate, a failure
which was indicated by a gradual current rise after the
electrode was scratched. The pit was allowed to develop
for 10 min, and then the electrode was examined visually.
Only those results were considered to be valid
where pits actually developed at the scratched site.",20mV steps by manual increament , heat-treated for 1 hr at 1800F followed by water quenching,2,polished only through 600-grit SiC metallographic paper.,1
82.16,13.04,0.00,4.77,0.00,0.00,0.00,0.00,0.01,0.01,0.00,0.00,0.00,0.00,0.00,0.00,0.00,0.00,0.00,0.00,0.00,0.00,0.00,0.00,278.81,25,7.00,1.0000,"The ""scratch"" technique was employed for the determi-1tion of pitting potentials.The electrode was first polarized potentiostatically to some potential well below the expected pitting potential.The polarization current was allowedto stabilize and then the electrode surface was scratched with a sharp silicon-carbide crystal mounted
on the end of a glass tube. The scratching of the electrode
surface resulted in a sharp polarization current
""blip."" The electrode potential was manually adjusted
by 20 mV steps to more and more noble potential
values, until the scratch failed to repassivate, a failure
which was indicated by a gradual current rise after the
electrode was scratched. The pit was allowed to develop
for 10 min, and then the electrode was examined visually.
Only those results were considered to be valid
where pits actually developed at the scratched site.",20mV steps by manual increament , heat-treated for 1 hr at 1800F followed by water quenching,2,polished only through 600-grit SiC metallographic paper.,1
82.61,17.35,0.00,0.01,0.00,0.00,0.00,0.00,0.01,0.01,0.00,0.00,0.00,0.00,0.00,0.00,0.00,0.00,0.00,0.00,0.00,0.00,0.00,0.00,106.45,25,7.00,1.0000,"The ""scratch"" technique was employed for the determi-1tion of pitting potentials.The electrode was first polarized potentiostatically to some potential well below the expected pitting potential.The polarization current was allowedto stabilize and then the electrode surface was scratched with a sharp silicon-carbide crystal mounted
on the end of a glass tube. The scratching of the electrode
surface resulted in a sharp polarization current
""blip."" The electrode potential was manually adjusted
by 20 mV steps to more and more noble potential
values, until the scratch failed to repassivate, a failure
which was indicated by a gradual current rise after the
electrode was scratched. The pit was allowed to develop
for 10 min, and then the electrode was examined visually.
Only those results were considered to be valid
where pits actually developed at the scratched site.",20mV steps by manual increament ,heat-treated for 1 hr at 1500F followed by water quenching,2,polished only through 600-grit SiC metallographic paper.,1
81.30,17.53,0.00,1.14,0.00,0.00,0.00,0.00,0.01,0.01,0.00,0.00,0.00,0.00,0.00,0.00,0.00,0.00,0.00,0.00,0.00,0.00,0.00,0.00,208.58,25,7.00,1.0000,"The ""scratch"" technique was employed for the determi-1tion of pitting potentials.The electrode was first polarized potentiostatically to some potential well below the expected pitting potential.The polarization current was allowedto stabilize and then the electrode surface was scratched with a sharp silicon-carbide crystal mounted
on the end of a glass tube. The scratching of the electrode
surface resulted in a sharp polarization current
""blip."" The electrode potential was manually adjusted
by 20 mV steps to more and more noble potential
values, until the scratch failed to repassivate, a failure
which was indicated by a gradual current rise after the
electrode was scratched. The pit was allowed to develop
for 10 min, and then the electrode was examined visually.
Only those results were considered to be valid
where pits actually developed at the scratched site.",20mV steps by manual increament ,heat-treated for 1 hr at 1500F followed by water quenching,2,polished only through 600-grit SiC metallographic paper.,1
80.34,17.61,0.00,2.02,0.00,0.00,0.00,0.00,0.01,0.01,0.00,0.00,0.00,0.00,0.00,0.00,0.00,0.00,0.00,0.00,0.00,0.00,0.00,0.00,279.88,25,7.00,1.0000,"The ""scratch"" technique was employed for the determi-1tion of pitting potentials.The electrode was first polarized potentiostatically to some potential well below the expected pitting potential.The polarization current was allowedto stabilize and then the electrode surface was scratched with a sharp silicon-carbide crystal mounted
on the end of a glass tube. The scratching of the electrode
surface resulted in a sharp polarization current
""blip."" The electrode potential was manually adjusted
by 20 mV steps to more and more noble potential
values, until the scratch failed to repassivate, a failure
which was indicated by a gradual current rise after the
electrode was scratched. The pit was allowed to develop
for 10 min, and then the electrode was examined visually.
Only those results were considered to be valid
where pits actually developed at the scratched site.",20mV steps by manual increament ,heat-treated for 1 hr at 1500F followed by water quenching,2,polished only through 600-grit SiC metallographic paper.,1
78.87,17.58,0.00,3.52,0.00,0.00,0.00,0.01,0.01,0.01,0.00,0.00,0.00,0.00,0.00,0.00,0.00,0.00,0.00,0.00,0.00,0.00,0.00,0.00,412.85,25,7.00,1.0000,"The ""scratch"" technique was employed for the determi-1tion of pitting potentials.The electrode was first polarized potentiostatically to some potential well below the expected pitting potential.The polarization current was allowedto stabilize and then the electrode surface was scratched with a sharp silicon-carbide crystal mounted
on the end of a glass tube. The scratching of the electrode
surface resulted in a sharp polarization current
""blip."" The electrode potential was manually adjusted
by 20 mV steps to more and more noble potential
values, until the scratch failed to repassivate, a failure
which was indicated by a gradual current rise after the
electrode was scratched. The pit was allowed to develop
for 10 min, and then the electrode was examined visually.
Only those results were considered to be valid
where pits actually developed at the scratched site.",20mV steps by manual increament , heat-treated for 1 hr at 1800F followed by water quenching,2,polished only through 600-grit SiC metallographic paper.,1
77.84,17.38,0.00,4.75,0.00,0.00,0.00,0.00,0.01,0.01,0.00,0.00,0.00,0.00,0.00,0.00,0.00,0.00,0.00,0.00,0.00,0.00,0.00,0.00,524.62,25,7.00,1.0000,"The ""scratch"" technique was employed for the determi-1tion of pitting potentials.The electrode was first polarized potentiostatically to some potential well below the expected pitting potential.The polarization current was allowedto stabilize and then the electrode surface was scratched with a sharp silicon-carbide crystal mounted
on the end of a glass tube. The scratching of the electrode
surface resulted in a sharp polarization current
""blip."" The electrode potential was manually adjusted
by 20 mV steps to more and more noble potential
values, until the scratch failed to repassivate, a failure
which was indicated by a gradual current rise after the
electrode was scratched. The pit was allowed to develop
for 10 min, and then the electrode was examined visually.
Only those results were considered to be valid
where pits actually developed at the scratched site.",20mV steps by manual increament , heat-treated for 1 hr at 1800F followed by water quenching,2,polished only through 600-grit SiC metallographic paper.,1
70.97,18.70,10.30,0.00,0.00,0.00,0.00,0.00,0.01,0.01,0.00,0.00,0.01,0.00,0.00,0.00,0.00,0.00,0.00,0.00,0.00,0.00,0.00,0.00,-75.00,22,7.00,1.0000,"To measure the pitting potentials, the potential was stepped upwards
by 25 mV every 400 s, beginning at -300 mV(SCE).",0.06,annealed at 1200C for 24hr and water quenched,-1,"Pitting potentials were measured in 1M KCI, using mechanically polished 0.4 cm2
coupons of the experimental alloys. To measure the pitting potentials, the potential was stepped upwards
by 25 mV every 400 s, beginning at -300 mV(SCE).",1
69.67,16.60,11.00,2.70,0.00,0.00,0.00,0.00,0.01,0.01,0.00,0.00,0.01,0.00,0.00,0.00,0.00,0.00,0.00,0.00,0.00,0.00,0.00,0.00,50.00,22,7.00,1.0000,"To measure the pitting potentials, the potential was stepped upwards
by 25 mV every 400 s, beginning at -300 mV(SCE).",0.06,annealed at 1200C for 24hr and water quenched,-1,"Pitting potentials were measured in 1M KCI, using mechanically polished 0.4 cm2
coupons of the experimental alloys. To measure the pitting potentials, the potential was stepped upwards
by 25 mV every 400 s, beginning at -300 mV(SCE).",1
68.53,16.30,14.40,0.00,0.00,0.00,0.00,0.01,0.33,0.43,0.00,0.00,0.00,0.00,0.00,0.00,0.00,0.00,0.00,0.00,0.00,0.00,0.00,0.00,80.00,25,7.00,0.1000,"Potentiody-1mic Polarization- Samples were mechanically polished with
emery paper up to grade 1000 under water, then degreased in absolute ethyl alcohol, washed in deionized water, and
dried by warm air blowing for electrochemical tests. Polarization curves were obtained potentiody-1mically at a scan rate of 20 mV/min.",0.33,Solution treatment was performed by heating in nitrogen at 1150 C for 30 minutes followed by water quenching,-1,"Samples were mechanically polished with
emery paper up to grade 1000 under water, then degreased in absolute ethyl alcohol, washed in deionized water, and
dried by warm air blowing for electrochemical tests.",1
66.47,16.30,14.00,0.00,2.49,0.00,0.00,0.01,0.40,0.33,0.00,0.00,0.00,0.00,0.00,0.00,0.00,0.00,0.00,0.00,0.00,0.00,0.00,0.00,210.00,25,7.00,0.1000,"Potentiody-1mic Polarization- Samples were mechanically polished with
emery paper up to grade 1000 under water, then degreased in absolute ethyl alcohol, washed in deionized water, and
dried by warm air blowing for electrochemical tests. Polarization curves were obtained potentiody-1mically at a scan rate of 20 mV/min.",0.33,Solution treatment was performed by heating in nitrogen at 1150 C for 30 minutes followed by water quenching,-1,"Samples were mechanically polished with
emery paper up to grade 1000 under water, then degreased in absolute ethyl alcohol, washed in deionized water, and
dried by warm air blowing for electrochemical tests.",1
63.87,16.50,14.10,0.00,4.81,0.00,0.00,0.01,0.41,0.30,0.00,0.00,0.00,0.00,0.00,0.00,0.00,0.00,0.00,0.00,0.00,0.00,0.00,0.00,300.00,25,7.00,0.1000,"Potentiody-1mic Polarization- Samples were mechanically polished with
emery paper up to grade 1000 under water, then degreased in absolute ethyl alcohol, washed in deionized water, and
dried by warm air blowing for electrochemical tests. Polarization curves were obtained potentiody-1mically at a scan rate of 20 mV/min.",0.33,Solution treatment was performed by heating in nitrogen at 1150 C for 30 minutes followed by water quenching,-1,"Samples were mechanically polished with
emery paper up to grade 1000 under water, then degreased in absolute ethyl alcohol, washed in deionized water, and
dried by warm air blowing for electrochemical tests.",1
68.53,16.30,14.40,0.00,0.00,0.00,0.00,0.01,0.33,0.43,0.00,0.00,0.00,0.00,0.00,0.00,0.00,0.00,0.00,0.00,0.00,0.00,0.00,0.00,80.00,60,7.00,0.1000,"Potentiody-1mic Polarization- Samples were mechanically polished with
emery paper up to grade 1000 under water, then degreased in absolute ethyl alcohol, washed in deionized water, and
dried by warm air blowing for electrochemical tests. Polarization curves were obtained potentiody-1mically at a scan rate of 20 mV/min.",0.33,Solution treatment was performed by heating in nitrogen at 1150 C for 30 minutes followed by water quenching,-1,"Samples were mechanically polished with
emery paper up to grade 1000 under water, then degreased in absolute ethyl alcohol, washed in deionized water, and
dried by warm air blowing for electrochemical tests.",1
68.53,16.30,14.40,0.00,0.00,0.00,0.00,0.01,0.33,0.43,0.00,0.00,0.00,0.00,0.00,0.00,0.00,0.00,0.00,0.00,0.00,0.00,0.00,0.00,150.00,60,7.00,0.1000,"Potentiody-1mic Polarization- Samples were mechanically polished with
emery paper up to grade 1000 under water, then degreased in absolute ethyl alcohol, washed in deionized water, and
dried by warm air blowing for electrochemical tests. Polarization curves were obtained potentiody-1mically at a scan rate of 20 mV/min.",0.33,Solution treatment was performed by heating in nitrogen at 1150 C for 30 minutes followed by water quenching,-1,"Samples were mechanically polished with
emery paper up to grade 1000 under water, then degreased in absolute ethyl alcohol, washed in deionized water, and
dried by warm air blowing for electrochemical tests.",1
68.53,16.30,14.40,0.00,0.00,0.00,0.00,0.01,0.33,0.43,0.00,0.00,0.00,0.00,0.00,0.00,0.00,0.00,0.00,0.00,0.00,0.00,0.00,0.00,220.00,60,7.00,0.1000,"Potentiody-1mic Polarization- Samples were mechanically polished with
emery paper up to grade 1000 under water, then degreased in absolute ethyl alcohol, washed in deionized water, and
dried by warm air blowing for electrochemical tests. Polarization curves were obtained potentiody-1mically at a scan rate of 20 mV/min.",0.33,Solution treatment was performed by heating in nitrogen at 1150 C for 30 minutes followed by water quenching,-1,"Samples were mechanically polished with
emery paper up to grade 1000 under water, then degreased in absolute ethyl alcohol, washed in deionized water, and
dried by warm air blowing for electrochemical tests.",1
71.98,0.00,0.00,0.00,0.00,0.00,0.00,0.00,0.01,0.01,0.00,0.00,0.00,28.00,0.00,0.00,0.00,0.00,0.00,0.00,0.00,0.00,0.00,0.00,86.00,25,4.00,0.0055,"Potentiody-1mic Polarization - the sample was stabilized in the electrolyte, which was sparged continuously with
oxygen (O2), until the potential change was < 1 mV/min, and this potential was considered as the OCP. Then, the sample was scanned potentiody-1mically at a rate of 600 mV/h to a potential corresponding to a
current density of 10–3 A/cm2 and then scan direction was reversed.",0.17,"annealing in air for 1 h at 850° C (recrystallization) plus 7 days at 500°C (ordering) followed by cooling in air,which produced the DO3 -ordered structure",4,"To prevent the initiation of crevice corrosion between the epoxy and specimen, the epoxy-specimen interface was painted with Amercoat 90 epoxy leaving an exposed area of 1 cm2 on the material surface. The painted sample was cured in an oven for 10 h at 70C. Just before introduction into the polarization cell, the exposed metal surface was polished by hand with cloth and a 9-microm diamond paste to remove the air-formed oxide film created during the epoxy curing process. The interface seal was abraded slightly but not damaged.
 Polarization tests were conducted in an aerated electrolyte.",1
69.98,2.00,0.00,0.00,0.00,0.00,0.00,0.00,0.01,0.01,0.00,0.00,0.00,28.00,0.00,0.00,0.00,0.00,0.00,0.00,0.00,0.00,0.00,0.00,176.00,25,4.00,0.0055,"Potentiody-1mic Polarization - the sample was stabilized in the electrolyte, which was sparged continuously with
oxygen (O2), until the potential change was < 1 mV/min, and this potential was considered as the OCP. Then, the sample was scanned potentiody-1mically at a rate of 600 mV/h to a potential corresponding to a
current density of 10–3 A/cm2 and then scan direction was reversed.",0.17,"annealing in air for 1 h at 850° C (recrystallization) plus 7 days at 500°C (ordering) followed by cooling in air,which produced the DO3 -ordered structure",4,"To prevent the initiation of crevice corrosion between the epoxy and specimen, the epoxy-specimen interface was painted with Amercoat 90 epoxy leaving an exposed area of 1 cm2 on the material surface. The painted sample was cured in an oven for 10 h at 70C. Just before introduction into the polarization cell, the exposed metal surface was polished by hand with cloth and a 9-microm diamond paste to remove the air-formed oxide film created during the epoxy curing process. The interface seal was abraded slightly but not damaged.
 Polarization tests were conducted in an aerated electrolyte.",1
67.98,4.00,0.00,0.00,0.00,0.00,0.00,0.00,0.01,0.01,0.00,0.00,0.00,28.00,0.00,0.00,0.00,0.00,0.00,0.00,0.00,0.00,0.00,0.00,277.00,25,4.00,0.0055,"Potentiody-1mic Polarization - the sample was stabilized in the electrolyte, which was sparged continuously with
oxygen (O2), until the potential change was < 1 mV/min, and this potential was considered as the OCP. Then, the sample was scanned potentiody-1mically at a rate of 600 mV/h to a potential corresponding to a
current density of 10–3 A/cm2 and then scan direction was reversed.",0.17,"annealing in air for 1 h at 850° C (recrystallization) plus 7 days at 500°C (ordering) followed by cooling in air,which produced the DO3 -ordered structure",4,"To prevent the initiation of crevice corrosion between the epoxy and specimen, the epoxy-specimen interface was painted with Amercoat 90 epoxy leaving an exposed area of 1 cm2 on the material surface. The painted sample was cured in an oven for 10 h at 70C. Just before introduction into the polarization cell, the exposed metal surface was polished by hand with cloth and a 9-microm diamond paste to remove the air-formed oxide film created during the epoxy curing process. The interface seal was abraded slightly but not damaged.
 Polarization tests were conducted in an aerated electrolyte.",1
65.98,6.00,0.00,0.00,0.00,0.00,0.00,0.00,0.01,0.01,0.00,0.00,0.00,28.00,0.00,0.00,0.00,0.00,0.00,0.00,0.00,0.00,0.00,0.00,380.00,25,4.00,0.0055,"Potentiody-1mic Polarization - the sample was stabilized in the electrolyte, which was sparged continuously with
oxygen (O2), until the potential change was < 1 mV/min, and this potential was considered as the OCP. Then, the sample was scanned potentiody-1mically at a rate of 600 mV/h to a potential corresponding to a
current density of 10–3 A/cm2 and then scan direction was reversed.",0.17,"annealing in air for 1 h at 850° C (recrystallization) plus 7 days at 500°C (ordering) followed by cooling in air,which produced the DO3 -ordered structure",4,"To prevent the initiation of crevice corrosion between the epoxy and specimen, the epoxy-specimen interface was painted with Amercoat 90 epoxy leaving an exposed area of 1 cm2 on the material surface. The painted sample was cured in an oven for 10 h at 70C. Just before introduction into the polarization cell, the exposed metal surface was polished by hand with cloth and a 9-microm diamond paste to remove the air-formed oxide film created during the epoxy curing process. The interface seal was abraded slightly but not damaged.
 Polarization tests were conducted in an aerated electrolyte.",1
67.93,2.00,0.00,2.00,0.00,0.00,0.00,0.00,0.01,0.01,0.00,0.00,0.00,28.00,0.00,0.00,0.00,0.00,0.00,0.00,0.05,0.00,0.00,0.00,256.00,25,4.00,0.0055,"Potentiody-1mic Polarization - the sample was stabilized in the electrolyte, which was sparged continuously with
oxygen (O2), until the potential change was < 1 mV/min, and this potential was considered as the OCP. Then, the sample was scanned potentiody-1mically at a rate of 600 mV/h to a potential corresponding to a
current density of 10–3 A/cm2 and then scan direction was reversed.",0.17,"annealing in air for 1 h at 850° C (recrystallization) plus 7 days at 500°C (ordering) followed by cooling in air,which produced the DO3 -ordered structure",4,"To prevent the initiation of crevice corrosion between the epoxy and specimen, the epoxy-specimen interface was painted with Amercoat 90 epoxy leaving an exposed area of 1 cm2 on the material surface. The painted sample was cured in an oven for 10 h at 70C. Just before introduction into the polarization cell, the exposed metal surface was polished by hand with cloth and a 9-microm diamond paste to remove the air-formed oxide film created during the epoxy curing process. The interface seal was abraded slightly but not damaged.
 Polarization tests were conducted in an aerated electrolyte.",1
68.93,2.00,0.00,1.00,0.00,0.00,0.00,0.00,0.01,0.01,0.00,0.00,0.00,28.00,0.00,0.00,0.00,0.00,0.00,0.00,0.05,0.00,0.00,0.00,206.00,25,4.00,0.0055,"Potentiody-1mic Polarization - the sample was stabilized in the electrolyte, which was sparged continuously with
oxygen (O2), until the potential change was < 1 mV/min, and this potential was considered as the OCP. Then, the sample was scanned potentiody-1mically at a rate of 600 mV/h to a potential corresponding to a
current density of 10–3 A/cm2 and then scan direction was reversed.",0.17,"annealing in air for 1 h at 850° C (recrystallization) plus 7 days at 500°C (ordering) followed by cooling in air,which produced the DO3 -ordered structure",4,"To prevent the initiation of crevice corrosion between the epoxy and specimen, the epoxy-specimen interface was painted with Amercoat 90 epoxy leaving an exposed area of 1 cm2 on the material surface. The painted sample was cured in an oven for 10 h at 70C. Just before introduction into the polarization cell, the exposed metal surface was polished by hand with cloth and a 9-microm diamond paste to remove the air-formed oxide film created during the epoxy curing process. The interface seal was abraded slightly but not damaged.
 Polarization tests were conducted in an aerated electrolyte.",1
67.48,4.00,0.00,0.50,0.00,0.00,0.00,0.00,0.01,0.01,0.00,0.00,0.00,28.00,0.00,0.00,0.00,0.00,0.00,0.00,0.00,0.00,0.00,0.00,236.00,25,4.00,0.0055,"Potentiody-1mic Polarization - the sample was stabilized in the electrolyte, which was sparged continuously with
oxygen (O2), until the potential change was < 1 mV/min, and this potential was considered as the OCP. Then, the sample was scanned potentiody-1mically at a rate of 600 mV/h to a potential corresponding to a
current density of 10–3 A/cm2 and then scan direction was reversed.",0.17,"annealing in air for 1 h at 850° C (recrystallization) plus 7 days at 500°C (ordering) followed by cooling in air,which produced the DO3 -ordered structure",4,"To prevent the initiation of crevice corrosion between the epoxy and specimen, the epoxy-specimen interface was painted with Amercoat 90 epoxy leaving an exposed area of 1 cm2 on the material surface. The painted sample was cured in an oven for 10 h at 70C. Just before introduction into the polarization cell, the exposed metal surface was polished by hand with cloth and a 9-microm diamond paste to remove the air-formed oxide film created during the epoxy curing process. The interface seal was abraded slightly but not damaged.
 Polarization tests were conducted in an aerated electrolyte.",1
66.98,4.00,0.00,1.00,0.00,0.00,0.00,0.00,0.01,0.01,0.00,0.00,0.00,28.00,0.00,0.00,0.00,0.00,0.00,0.00,0.00,0.00,0.00,0.00,296.00,25,4.00,0.0055,"Potentiody-1mic Polarization - the sample was stabilized in the electrolyte, which was sparged continuously with
oxygen (O2), until the potential change was < 1 mV/min, and this potential was considered as the OCP. Then, the sample was scanned potentiody-1mically at a rate of 600 mV/h to a potential corresponding to a
current density of 10–3 A/cm2 and then scan direction was reversed.",0.17,"annealing in air for 1 h at 850° C (recrystallization) plus 7 days at 500°C (ordering) followed by cooling in air,which produced the DO3 -ordered structure",4,"To prevent the initiation of crevice corrosion between the epoxy and specimen, the epoxy-specimen interface was painted with Amercoat 90 epoxy leaving an exposed area of 1 cm2 on the material surface. The painted sample was cured in an oven for 10 h at 70C. Just before introduction into the polarization cell, the exposed metal surface was polished by hand with cloth and a 9-microm diamond paste to remove the air-formed oxide film created during the epoxy curing process. The interface seal was abraded slightly but not damaged.
 Polarization tests were conducted in an aerated electrolyte.",1
65.98,4.00,0.00,2.00,0.00,0.00,0.00,0.00,0.01,0.01,0.00,0.00,0.00,28.00,0.00,0.00,0.00,0.00,0.00,0.00,0.00,0.00,0.00,0.00,336.00,25,4.00,0.0055,"Potentiody-1mic Polarization - the sample was stabilized in the electrolyte, which was sparged continuously with
oxygen (O2), until the potential change was < 1 mV/min, and this potential was considered as the OCP. Then, the sample was scanned potentiody-1mically at a rate of 600 mV/h to a potential corresponding to a
current density of 10–3 A/cm2 and then scan direction was reversed.",0.17,"annealing in air for 1 h at 850° C (recrystallization) plus 7 days at 500°C (ordering) followed by cooling in air,which produced the DO3 -ordered structure",4,"To prevent the initiation of crevice corrosion between the epoxy and specimen, the epoxy-specimen interface was painted with Amercoat 90 epoxy leaving an exposed area of 1 cm2 on the material surface. The painted sample was cured in an oven for 10 h at 70C. Just before introduction into the polarization cell, the exposed metal surface was polished by hand with cloth and a 9-microm diamond paste to remove the air-formed oxide film created during the epoxy curing process. The interface seal was abraded slightly but not damaged.
 Polarization tests were conducted in an aerated electrolyte.",1
70.51,28.93,0.00,0.01,0.01,0.00,0.11,0.00,0.41,0.01,0.00,0.00,0.00,0.00,0.00,0.00,0.00,0.00,0.00,0.00,0.00,0.00,0.00,0.00,-560.00,80,7.00,8.0000,"Potentiody-1mic Polarization(Anodic polarization was applied to the working electrode after a stable corrosion potential had been achieved; this usually took about 2 h after immersion in the solution. As a measure of the resistance to pitting corrosion, the pitting potentials for the alloys were determined from the anodic polarization curve by the potential at which the anodic current density reached a value of 10 uA/cm2 after film breakdown.",0.50,"The casts were homogenized for 2 h at
I250 C. and then hot-rolled into 5 mm thick plates. The specimen prepared by cold rolling the hot rolled plates into 2mm thick sheets and solution annealing for 20 min at 1050C, followed by water quenching",-1,"The solutions were deaerated by purging with high-purity nitrogen 
throughout the test, starting from 1 h before the test.",1
69.45,28.89,0.00,0.01,1.08,0.00,0.13,0.00,0.42,0.01,0.00,0.00,0.00,0.00,0.00,0.00,0.00,0.00,0.00,0.00,0.00,0.00,0.00,0.00,-500.00,80,7.00,8.0000,"Potentiody-1mic Polarization(Anodic polarization was applied to the working electrode after a stable corrosion potential had been achieved; this usually took about 2 h after immersion in the solution. As a measure of the resistance to pitting corrosion, the pitting potentials for the alloys were determined from the anodic polarization curve by the potential at which the anodic current density reached a value of 10 uA/cm2 after film breakdown.",0.50,"The casts were homogenized for 2 h at
I250 C. and then hot-rolled into 5 mm thick plates. The specimen prepared by cold rolling the hot rolled plates into 2mm thick sheets and solution annealing for 20 min at 1050C, followed by water quenching",-1,"The solutions were deaerated by purging with high-purity nitrogen 
throughout the test, starting from 1 h before the test.",1
68.49,28.88,0.00,0.01,2.08,0.00,0.10,0.00,0.42,0.01,0.00,0.00,0.00,0.00,0.00,0.00,0.00,0.00,0.00,0.00,0.00,0.00,0.00,0.00,-480.00,80,7.00,8.0000,"Potentiody-1mic Polarization(Anodic polarization was applied to the working electrode after a stable corrosion potential had been achieved; this usually took about 2 h after immersion in the solution. As a measure of the resistance to pitting corrosion, the pitting potentials for the alloys were determined from the anodic polarization curve by the potential at which the anodic current density reached a value of 10 uA/cm2 after film breakdown.",0.50,"The casts were homogenized for 2 h at
I250 C. and then hot-rolled into 5 mm thick plates. The specimen prepared by cold rolling the hot rolled plates into 2mm thick sheets and solution annealing for 20 min at 1050C, followed by water quenching",-1,"The solutions were deaerated by purging with high-purity nitrogen 
throughout the test, starting from 1 h before the test.",1
66.46,28.85,0.00,0.01,4.10,0.00,0.12,0.01,0.44,0.01,0.00,0.00,0.00,0.00,0.00,0.00,0.00,0.00,0.00,0.00,0.00,0.00,0.00,0.00,-11.00,80,7.00,8.0000,"Potentiody-1mic Polarization(Anodic polarization was applied to the working electrode after a stable corrosion potential had been achieved; this usually took about 2 h after immersion in the solution. As a measure of the resistance to pitting corrosion, the pitting potentials for the alloys were determined from the anodic polarization curve by the potential at which the anodic current density reached a value of 10 uA/cm2 after film breakdown.",0.50,"The casts were homogenized for 2 h at
I250 C. and then hot-rolled into 5 mm thick plates. The specimen prepared by cold rolling the hot rolled plates into 2mm thick sheets and solution annealing for 20 min at 1050C, followed by water quenching",-1,"The solutions were deaerated by purging with high-purity nitrogen 
throughout the test, starting from 1 h before the test.",1
62.46,28.78,0.00,0.01,8.17,0.00,0.10,0.01,0.46,0.01,0.00,0.00,0.00,0.00,0.00,0.00,0.00,0.00,0.00,0.00,0.00,0.00,0.00,0.00,199.00,80,7.00,8.0000,"Potentiody-1mic Polarization(Anodic polarization was applied to the working electrode after a stable corrosion potential had been achieved; this usually took about 2 h after immersion in the solution. As a measure of the resistance to pitting corrosion, the pitting potentials for the alloys were determined from the anodic polarization curve by the potential at which the anodic current density reached a value of 10 uA/cm2 after film breakdown.",0.50,"The casts were homogenized for 2 h at
I250 C. and then hot-rolled into 5 mm thick plates. The specimen prepared by cold rolling the hot rolled plates into 2mm thick sheets and solution annealing for 20 min at 1050C, followed by water quenching",-1,"The solutions were deaerated by purging with high-purity nitrogen 
throughout the test, starting from 1 h before the test.",1
69.44,28.97,0.00,1.04,0.01,0.00,0.11,0.00,0.42,0.01,0.00,0.00,0.00,0.00,0.00,0.00,0.00,0.00,0.00,0.00,0.00,0.00,0.00,0.00,-161.00,80,7.00,8.0000,"Potentiody-1mic Polarization(Anodic polarization was applied to the working electrode after a stable corrosion potential had been achieved; this usually took about 2 h after immersion in the solution. As a measure of the resistance to pitting corrosion, the pitting potentials for the alloys were determined from the anodic polarization curve by the potential at which the anodic current density reached a value of 10 uA/cm2 after film breakdown.",0.50,"The casts were homogenized for 2 h at
I250 C. and then hot-rolled into 5 mm thick plates. The specimen prepared by cold rolling the hot rolled plates into 2mm thick sheets and solution annealing for 20 min at 1050C, followed by water quenching",-1,"The solutions were deaerated by purging with high-purity nitrogen 
throughout the test, starting from 1 h before the test.",1
68.35,29.06,0.00,2.07,0.01,0.00,0.09,0.00,0.41,0.01,0.00,0.00,0.00,0.00,0.00,0.00,0.00,0.00,0.00,0.00,0.00,0.00,0.00,0.00,8.00,80,7.00,8.0000,"Potentiody-1mic Polarization(Anodic polarization was applied to the working electrode after a stable corrosion potential had been achieved; this usually took about 2 h after immersion in the solution. As a measure of the resistance to pitting corrosion, the pitting potentials for the alloys were determined from the anodic polarization curve by the potential at which the anodic current density reached a value of 10 uA/cm2 after film breakdown.",0.50,"The casts were homogenized for 2 h at
I250 C. and then hot-rolled into 5 mm thick plates. The specimen prepared by cold rolling the hot rolled plates into 2mm thick sheets and solution annealing for 20 min at 1050C, followed by water quenching",-1,"The solutions were deaerated by purging with high-purity nitrogen 
throughout the test, starting from 1 h before the test.",1
66.14,29.10,0.00,4.19,0.01,0.00,0.10,0.00,0.44,0.01,0.00,0.00,0.00,0.00,0.00,0.00,0.00,0.00,0.00,0.00,0.00,0.00,0.00,0.00,344.00,80,7.00,8.0000,"Potentiody-1mic Polarization(Anodic polarization was applied to the working electrode after a stable corrosion potential had been achieved; this usually took about 2 h after immersion in the solution. As a measure of the resistance to pitting corrosion, the pitting potentials for the alloys were determined from the anodic polarization curve by the potential at which the anodic current density reached a value of 10 uA/cm2 after film breakdown.",0.50,"The casts were homogenized for 2 h at
I250 C. and then hot-rolled into 5 mm thick plates. The specimen prepared by cold rolling the hot rolled plates into 2mm thick sheets and solution annealing for 20 min at 1050C, followed by water quenching",-1,"The solutions were deaerated by purging with high-purity nitrogen 
throughout the test, starting from 1 h before the test.",1
72.49,17.00,8.10,0.17,0.00,0.05,0.00,0.11,0.55,1.01,0.19,0.04,0.01,0.00,0.00,0.00,0.00,0.00,0.12,0.16,0.00,0.00,0.00,0.00,449.00,25,7.00,0.6000,"Potentiostatically-controlled anodic Polarization, test solution deaerated with N2",-1.00,annealed UNS S30100 austenitic stainless steel,-1,"O2 in composition 0.012,  the unimplanted alloy exhibits relatively large irregular pits, exhibiting a ""lacy"" surround, test solution deaerated with N2",1
72.49,17.00,8.10,0.17,0.00,0.05,0.00,0.11,0.55,1.01,0.19,0.04,0.01,0.00,0.00,0.00,0.00,0.00,0.12,0.16,0.00,0.00,0.00,0.00,379.00,25,7.00,0.6000,"Potentiostatically-controlled anodic Polarization, test solution deaerated with N2",-1.00,"annealed UNS S30100 austenitic stainless steel, ion implanted with Mo implanted
 with 5.55*1016 molybdenum ions/cm2 ",-1,"O2 in composition 0.012 ,ion implanted with Mo implanted
 with 5.55*10^16 molybdenum ions/cm2,test solution deaerated with N2",1
76.76,12.20,0.00,11.00,0.02,0.00,0.00,0.01,0.00,0.00,0.00,0.00,0.01,0.00,0.00,0.00,0.00,0.00,0.00,0.00,0.00,0.00,0.00,0.00,601.00,25,0.00,1.0000,Potentiody-1mic polarization. All studies were carried out with rotating disk electrodes of 0.1 cm2 (diameter 0.357 cm) insulated with a PTFE shrinkable tubing. Experiments were performed at 6000 rpm (in part at 600 rpm) in 1 M HCI at 25°C under a nitrogen atmosphere. ,0.05,"The bi-1ry Fe-Cr alloys were furnished by Climax Molybdenum. They were subsequently hot forged. The other alloys were prepared in our laboratory by alloying to the origi-1l Fe-Cr alloys the elements Mo, W, V or Si using a vacuum induction fur-1ce under an argon atmosphere. ",2,Pretreatment of the electrodes included grinding with emery papcr and polishing with alumi-1 powder in water to 1/4 ?m finish. They were rinsed and cathodically polarized in the working electrolyte at -700 mV(SHE) for 10 min.,1
67.56,13.90,0.00,0.00,18.50,0.00,0.00,0.00,0.03,0.00,0.00,0.00,0.00,0.00,0.00,0.00,0.00,0.00,0.00,0.00,0.00,0.00,0.00,0.00,-205.00,25,0.00,1.0000,Potentiody-1mic polarization. All studies were carried out with rotating disk electrodes of 0.1 cm2 (diameter 0.357 cm) insulated with a PTFE shrinkable tubing. Experiments were performed at 6000 rpm (in part at 600 rpm) in 1 M HCI at 25°C under a nitrogen atmosphere. ,0.05,"The bi-1ry Fe-Cr alloys were furnished by Climax Molybdenum. They were subsequently hot forged. The other alloys were prepared in our laboratory by alloying to the origi-1l Fe-Cr alloys the elements Mo, W, V or Si using a vacuum induction fur-1ce under an argon atmosphere. ",2,Pretreatment of the electrodes included grinding with emery papcr and polishing with alumi-1 powder in water to 1/4 ?m finish. They were rinsed and cathodically polarized in the working electrolyte at -700 mV(SHE) for 10 min.,1
79.64,13.90,0.00,0.00,0.00,0.00,0.00,0.00,0.03,0.02,0.00,0.00,0.00,0.00,6.40,0.00,0.00,0.00,0.00,0.00,0.00,0.00,0.00,0.00,341.00,25,0.00,1.0000,Potentiody-1mic polarization. All studies were carried out with rotating disk electrodes of 0.1 cm2 (diameter 0.357 cm) insulated with a PTFE shrinkable tubing. Experiments were performed at 6000 rpm (in part at 600 rpm) in 1 M HCI at 25°C under a nitrogen atmosphere. ,0.05,"The bi-1ry Fe-Cr alloys were furnished by Climax Molybdenum. They were subsequently hot forged. The other alloys were prepared in our laboratory by alloying to the origi-1l Fe-Cr alloys the elements Mo, W, V or Si using a vacuum induction fur-1ce under an argon atmosphere. ",2,Pretreatment of the electrodes included grinding with emery papcr and polishing with alumi-1 powder in water to 1/4 ?m finish. They were rinsed and cathodically polarized in the working electrolyte at -700 mV(SHE) for 10 min.,1
83.58,13.30,0.00,0.00,0.00,0.00,0.00,0.01,3.00,0.10,0.00,0.00,0.01,0.00,0.00,0.00,0.00,0.00,0.00,0.00,0.00,0.00,0.00,0.00,229.00,25,0.00,1.0000,Potentiody-1mic polarization. All studies were carried out with rotating disk electrodes of 0.1 cm2 (diameter 0.357 cm) insulated with a PTFE shrinkable tubing. Experiments were performed at 6000 rpm (in part at 600 rpm) in 1 M HCI at 25°C under a nitrogen atmosphere. ,0.05,"The bi-1ry Fe-Cr alloys were furnished by Climax Molybdenum. They were subsequently hot forged. The other alloys were prepared in our laboratory by alloying to the origi-1l Fe-Cr alloys the elements Mo, W, V or Si using a vacuum induction fur-1ce under an argon atmosphere. ",2,Pretreatment of the electrodes included grinding with emery papcr and polishing with alumi-1 powder in water to 1/4 ?m finish. They were rinsed and cathodically polarized in the working electrolyte at -700 mV(SHE) for 10 min.,1
65.38,25.26,6.39,2.72,0.00,0.23,0.00,0.00,0.01,0.01,0.00,0.00,0.00,0.00,0.00,0.00,0.00,0.00,0.00,0.00,0.00,0.00,0.00,0.00,609.00,80,7.00,4.0000,"Anodic Polarization -  Anodic polarization tests performed in deaerated 4 M sodium chloride (-1Cl) solution at 80°C. The electrochemical cell for the test consisted of a 1-L multineck flask, as specified in ASTM G 5 with a platinum counter electrode and a saturated calomel electrode (SCE) positioned in a salt bridge with a high-silica tip.",1.00,"solution-annealed for 2 h at 1,050°C and then aged at 850°C for 30 min, 1 h, and 10 h.",5,None,1
63.13,25.29,6.89,1.55,2.86,0.26,0.00,0.00,0.01,0.01,0.00,0.00,0.00,0.00,0.00,0.00,0.00,0.00,0.00,0.00,0.00,0.00,0.00,0.00,758.00,80,7.00,4.0000,"Anodic Polarization -  Anodic polarization tests performed in deaerated 4 M sodium chloride (-1Cl) solution at 80°C. The electrochemical cell for the test consisted of a 1-L multineck flask, as specified in ASTM G 5 with a platinum counter electrode and a saturated calomel electrode (SCE) positioned in a salt bridge with a high-silica tip.",1.00,"solution-annealed for 2 h at 1,050°C and then aged at 850°C for 30 min, 1 h, and 10 h.",5,None,1
63.04,25.70,7.00,1.94,2.05,0.25,0.00,0.00,0.01,0.01,0.00,0.00,0.00,0.00,0.00,0.00,0.00,0.00,0.00,0.00,0.00,0.00,0.00,0.00,515.00,80,7.00,4.0000,"Anodic Polarization -  Anodic polarization tests performed in deaerated 4 M sodium chloride (-1Cl) solution at 80°C. The electrochemical cell for the test consisted of a 1-L multineck flask, as specified in ASTM G 5 with a platinum counter electrode and a saturated calomel electrode (SCE) positioned in a salt bridge with a high-silica tip.",1.00,"solution-annealed for 2 h at 1,050°C and then aged at 850°C for 30 min, 1 h, and 10 h.",5,None,1
77.80,18.70,0.57,1.97,0.00,0.00,0.00,0.03,0.01,0.01,0.00,0.00,0.00,0.00,0.00,0.00,0.00,0.00,0.91,0.00,0.00,0.00,0.00,0.00,1000.00,24,1.00,0.1000,"Potentiody-1mic Polarization. The onset of pitting was marked by a sharp and sudden increase in polarization current. The potential scanning was stopped at the pitting potential, and the electrode was allowed to pit for 20 to 30 min. It was then removed from the solution, the tape was stripped, and its surface was examined for pitting and possible crevice corrosion. The potential scanning was usually started at -0.7 to -0.6v, with respect to the saturated calomel electrode (SCE); the scanning was always into the passive potential region. In some experiments, the potential of an actively corroding electrode was changed almost instantaneously to a selected potential in a passive range by switching on a potentiostat, with a potential preset at a desired value. ",0.02,"Two sets of laboratory-prepared ferritic alloys and two commercial ferritic stainless steels (Types 430 and 4341) were investigated. The high-purity 17% chromium, 17% Cr-l% Mo, and 17% Cr-3% Mo laboratory alloys were prepared by melting and casting in vacuum. The resulting ingots were hot-rolled to 0.64-cmthick sheet, which was cold-rolled to a 0.32-cm thickness, annealed for 1 hr at 815~ and water-quenched. The 18% Cr-2% Mo alloys modified by titanium and Type 434 is the proposed desig-1tion for stainless steel conraining 17% chromium and 1% molybdenum. nickel additions were produced by induction melting in an argon atmosphere, using the split-heat technique. In this technique, the base composition is melted, and part of the melt is poured off to produce an ingot; then to the balance of the melt, the required alloying additions are made and the next ingot is cast. This process is repeated until a series of the desired compositions is cast. The 18% Cr-2% Mo ingots were hotforged, hot-rolled to 0.76-cm-thick strips, and coldrolled to 0.38-cm-thick strips. The 18% Cr-2% Mo alloys containing titanium were annealed for 1 hr at 104O~ the minimum temperature that prevented formation of a second phase in the high titanium alloy, and then water-quenched. The rest of the 18% Cr-2% Mo materials and the hot-rolled, commercial Types 430 and 434 steels were annealed at 815~ for 1 hr and water-quenched. ",-1,"18%Cr-2%Mo-0.91%Ti-0.57%Ni. The electrodes for the potentiody-1mic studies were mounted in acrylic plastic, the exposed surface (0.5 by 0.6 cm) always being a longitudi-1l section parallel to the rolled surface. The exposed surface was polished using standard metallographic techniques, ending with a distilled water slurry of 0.3~ alumi-1. For the pitting potential measurements, the electrode surface was masked with electroplaters tape (Scotch 470), except for a circular area 0.36 cm in diameter.",1
67.77,17.67,13.57,0.97,0.00,0.00,0.00,0.00,0.01,0.01,0.00,0.00,0.00,0.00,0.00,0.00,0.00,0.00,0.00,0.00,0.00,0.00,0.00,0.00,1000.00,24,1.00,0.1000,Potentiody-1mic Polarization,0.17,"In this technique, the base composition is melted and part of the melt is cast into an ingot. To the balance of the melt, the required molybdenum addition is made and the next ingot is cast. This process is repeated until a series of the desired positions is cast. By this procedure, the residual and impurity elements, which were intended to be in the range commonly present in commercial stainless steels, were held essentially constant within each series. The ingots were hot-forged and hot-rolled to a thickness of 0.76 cm and then cold-rolled to 0.38 cm. The 13% nickel steels were annealed at 1120C for 1 hr and water-quenched. The 39% nickel steels and the high-purity alloys were annealed at 1150C for 1 hr and water-quenched.",-1,test area 0.07 cm2; 0.3 um surface finish,1
65.71,17.67,13.57,3.03,0.00,0.00,0.00,0.00,0.01,0.01,0.00,0.00,0.00,0.00,0.00,0.00,0.00,0.00,0.00,0.00,0.00,0.00,0.00,0.00,1000.00,24,1.00,0.1000,Potentiody-1mic Polarization,0.17,"In this technique, the base composition is melted and part of the melt is cast into an ingot. To the balance of the melt, the required molybdenum addition is made and the next ingot is cast. This process is repeated until a series of the desired positions is cast. By this procedure, the residual and impurity elements, which were intended to be in the range commonly present in commercial stainless steels, were held essentially constant within each series. The ingots were hot-forged and hot-rolled to a thickness of 0.76 cm and then cold-rolled to 0.38 cm. The 13% nickel steels were annealed at 1120C for 1 hr and water-quenched. The 39% nickel steels and the high-purity alloys were annealed at 1150C for 1 hr and water-quenched.",-1,test area 0.07 cm2; 0.3 um surface finish,1
66.29,17.67,13.57,2.45,0.00,0.00,0.00,0.00,0.01,0.01,0.00,0.00,0.00,0.00,0.00,0.00,0.00,0.00,0.00,0.00,0.00,0.00,0.00,0.00,1000.00,24,1.00,0.1000,Potentiody-1mic Polarization,0.17,"In this technique, the base composition is melted and part of the melt is cast into an ingot. To the balance of the melt, the required molybdenum addition is made and the next ingot is cast. This process is repeated until a series of the desired positions is cast. By this procedure, the residual and impurity elements, which were intended to be in the range commonly present in commercial stainless steels, were held essentially constant within each series. The ingots were hot-forged and hot-rolled to a thickness of 0.76 cm and then cold-rolled to 0.38 cm. The 13% nickel steels were annealed at 1120C for 1 hr and water-quenched. The 39% nickel steels and the high-purity alloys were annealed at 1150C for 1 hr and water-quenched.",-1,test area 0.07 cm2; 0.3 um surface finish,1
65.81,17.67,13.57,2.93,0.00,0.00,0.00,0.00,0.01,0.01,0.00,0.00,0.00,0.00,0.00,0.00,0.00,0.00,0.00,0.00,0.00,0.00,0.00,0.00,1000.00,24,1.00,0.1000,Potentiody-1mic Polarization,0.17,"In this technique, the base composition is melted and part of the melt is cast into an ingot. To the balance of the melt, the required molybdenum addition is made and the next ingot is cast. This process is repeated until a series of the desired positions is cast. By this procedure, the residual and impurity elements, which were intended to be in the range commonly present in commercial stainless steels, were held essentially constant within each series. The ingots were hot-forged and hot-rolled to a thickness of 0.76 cm and then cold-rolled to 0.38 cm. The 13% nickel steels were annealed at 1120C for 1 hr and water-quenched. The 39% nickel steels and the high-purity alloys were annealed at 1150C for 1 hr and water-quenched.",-1,test area 0.07 cm2; 0.3 um surface finish,1
65.37,17.67,13.57,3.37,0.00,0.00,0.00,0.00,0.01,0.01,0.00,0.00,0.00,0.00,0.00,0.00,0.00,0.00,0.00,0.00,0.00,0.00,0.00,0.00,1000.00,24,1.00,0.1000,Potentiody-1mic Polarization,0.17,"In this technique, the base composition is melted and part of the melt is cast into an ingot. To the balance of the melt, the required molybdenum addition is made and the next ingot is cast. This process is repeated until a series of the desired positions is cast. By this procedure, the residual and impurity elements, which were intended to be in the range commonly present in commercial stainless steels, were held essentially constant within each series. The ingots were hot-forged and hot-rolled to a thickness of 0.76 cm and then cold-rolled to 0.38 cm. The 13% nickel steels were annealed at 1120C for 1 hr and water-quenched. The 39% nickel steels and the high-purity alloys were annealed at 1150C for 1 hr and water-quenched.",-1,test area 0.07 cm2; 0.3 um surface finish,1
62.70,17.60,13.50,3.89,0.00,0.03,0.00,0.03,0.53,1.72,0.00,0.00,0.00,0.00,0.00,0.00,0.00,0.00,0.00,0.00,0.00,0.00,0.00,0.00,1000.00,24,1.00,0.1000,Potentiody-1mic Polarization,0.17,"In this technique, the base composition is melted and part of the melt is cast into an ingot. To the balance of the melt, the required molybdenum addition is made and the next ingot is cast. This process is repeated until a series of the desired positions is cast. By this procedure, the residual and impurity elements, which were intended to be in the range commonly present in commercial stainless steels, were held essentially constant within each series. The ingots were hot-forged and hot-rolled to a thickness of 0.76 cm and then cold-rolled to 0.38 cm. The 13% nickel steels were annealed at 1120C for 1 hr and water-quenched. The 39% nickel steels and the high-purity alloys were annealed at 1150C for 1 hr and water-quenched.",-1,test area 0.07 cm2; 0.3 um surface finish,1
65.83,17.86,16.13,0.07,0.00,0.01,0.00,0.00,0.09,0.01,0.00,0.00,0.00,0.00,0.00,0.00,0.00,0.00,0.00,0.00,0.00,0.00,0.00,0.00,1000.00,24,1.00,0.1000,Potentiody-1mic Polarization,0.17,"In this technique, the base composition is melted and part of the melt is cast into an ingot. To the balance of the melt, the required molybdenum addition is made and the next ingot is cast. This process is repeated until a series of the desired positions is cast. By this procedure, the residual and impurity elements, which were intended to be in the range commonly present in commercial stainless steels, were held essentially constant within each series. The ingots were hot-forged and hot-rolled to a thickness of 0.76 cm and then cold-rolled to 0.38 cm. The 13% nickel steels were annealed at 1120C for 1 hr and water-quenched. The 39% nickel steels and the high-purity alloys were annealed at 1150C for 1 hr and water-quenched.",-1,test area 0.07 cm2; 0.3 um surface finish,1
63.15,18.01,16.25,2.48,0.00,0.01,0.00,0.00,0.08,0.01,0.00,0.00,0.00,0.00,0.00,0.00,0.00,0.00,0.00,0.00,0.00,0.00,0.00,0.00,1000.00,24,1.00,0.1000,Potentiody-1mic Polarization,0.17,"In this technique, the base composition is melted and part of the melt is cast into an ingot. To the balance of the melt, the required molybdenum addition is made and the next ingot is cast. This process is repeated until a series of the desired positions is cast. By this procedure, the residual and impurity elements, which were intended to be in the range commonly present in commercial stainless steels, were held essentially constant within each series. The ingots were hot-forged and hot-rolled to a thickness of 0.76 cm and then cold-rolled to 0.38 cm. The 13% nickel steels were annealed at 1120C for 1 hr and water-quenched. The 39% nickel steels and the high-purity alloys were annealed at 1150C for 1 hr and water-quenched.",-1,test area 0.07 cm2; 0.3 um surface finish,1
60.65,18.07,16.17,4.99,0.00,0.01,0.00,0.00,0.09,0.01,0.00,0.00,0.00,0.00,0.00,0.00,0.00,0.00,0.00,0.00,0.00,0.00,0.00,0.00,1000.00,24,1.00,0.1000,Potentiody-1mic Polarization,0.17,"In this technique, the base composition is melted and part of the melt is cast into an ingot. To the balance of the melt, the required molybdenum addition is made and the next ingot is cast. This process is repeated until a series of the desired positions is cast. By this procedure, the residual and impurity elements, which were intended to be in the range commonly present in commercial stainless steels, were held essentially constant within each series. The ingots were hot-forged and hot-rolled to a thickness of 0.76 cm and then cold-rolled to 0.38 cm. The 13% nickel steels were annealed at 1120C for 1 hr and water-quenched. The 39% nickel steels and the high-purity alloys were annealed at 1150C for 1 hr and water-quenched.",-1,test area 0.07 cm2; 0.3 um surface finish,1
9.62,15.50,73.86,0.10,0.00,0.00,0.00,0.04,0.26,0.31,0.31,0.00,0.00,0.00,0.00,0.00,0.00,0.00,0.00,0.00,0.00,0.00,0.00,0.00,605.00,80,7.00,0.0007,"Potentiody-1mic Polarization. The potential was controlled by a Wenkingt potentiostat (Model 68 TS-3) and changed in steps of 10 mV with a Wenking SMP 69 scanning potentiometer every hour for the positive polarization direction until the onset of pitting or appearance of pits, and every 100 s for the reverse scan until zero current. The potential was initially held at 150 mV for 1 h to attain stable current, whereupon the scanning potentiometer was activated.",0.0028,"Alloy 600, as-recieved",-1,Surface finish: 4/0,2
9.62,15.50,73.86,0.10,0.00,0.00,0.00,0.04,0.26,0.31,0.31,0.00,0.00,0.00,0.00,0.00,0.00,0.00,0.00,0.00,0.00,0.00,0.00,0.00,305.00,80,7.00,0.0007,"Potentiody-1mic Polarization. The potential was controlled by a Wenkingt potentiostat (Model 68 TS-3) and changed in steps of 10 mV with a Wenking SMP 69 scanning potentiometer every hour for the positive polarization direction until the onset of pitting or appearance of pits, and every 100 s for the reverse scan until zero current. The potential was initially held at 150 mV for 1 h to attain stable current, whereupon the scanning potentiometer was activated.",0.0028,"Alloy 600, as-recieved",-1,Surface finish: 4/0,2
0.00,99.98,0.00,0.00,0.00,0.00,0.00,0.00,0.01,0.01,0.00,0.00,0.00,0.00,0.00,0.00,0.00,0.00,0.00,0.00,0.00,0.00,0.00,0.00,830.00,25,0.00,1.0000,Potentiody-1mic Polarization,0.42,-1,-1,None,2
0.00,0.00,99.98,0.00,0.00,0.00,0.00,0.00,0.01,0.01,0.00,0.00,0.00,0.00,0.00,0.00,0.00,0.00,0.00,0.00,0.00,0.00,0.00,0.00,-150.00,25,0.00,1.0000,Potentiody-1mic Polarization,0.42,-1,-1,None,2
29.98,70.00,0.00,0.00,0.00,0.00,0.00,0.00,0.01,0.01,0.00,0.00,0.00,0.00,0.00,0.00,0.00,0.00,0.00,0.00,0.00,0.00,0.00,0.00,850.00,25,0.00,1.0000,Potentiody-1mic Polarization,0.42,-1,-1,None,2
25.04,15.00,59.94,0.00,0.00,0.00,0.00,0.00,0.01,0.01,0.00,0.00,0.00,0.00,0.00,0.00,0.00,0.00,0.00,0.00,0.00,0.00,0.00,0.00,137.00,25,7.00,0.1000,"Potentiostatic Polarization. The experimental procedure was to first polarize the electrode potentiostatically at the least noble potential within the passive region for at least 15 min in order to achieve steady-state passivity. The potential was then advanced in stages of 50 mV, allowing 5 min between each change. Initially the current decreased or remained constant after each potential adjustment, but eventually a steadily increasing current at some potential V'c indicated the onset of pitting (or of transpassivity). Steady-state values Vc were obtained subsequently by holding the potential for long times at a fixed value and then observing pitting or the lack of it under a low power microscope. The lowest potential for which pitting could not be observed after a 10-hr or longer period of constant polarization was considered to be the steady-state value Vc. Reproducibility was in the order of ±5 mv.",steady state,"The ingots were homogenized in A or He, usually at 1050-1100 oC for several hours. Ingots of Ni-Cr, Ni-Mo, and Cr-Fe were cold rolled to 0.25 cm, then annealed at 1000-1050 oC and water quenched. The Cr-Fe alloys containing more than 40% Cr were difficult to roll or swage, hence electrodes were machined directly from the homogenized ingot. Ingots of the lower % Cr-Fe alloys and of the stainless steels were swaged to about 0.45 cm diam rods, annealed at 1050 oC and water quenched. All electrodes measured approximately 2 cm long and were either 0.4 cm diam or 0.5 cm wide by 0.2 cm thick. ",-1,"The electrodes were abraded to a fi-1l 3/0 emery paper, and pickled usually in 15% HNO3, 5% HF at 80 oC for 5 min to remove the cold worked surface.",2
39.15,19.97,39.09,0.03,0.00,0.04,0.00,0.06,0.46,1.21,0.00,0.00,0.00,0.00,0.00,0.00,0.00,0.00,0.00,0.00,0.00,0.00,0.00,0.00,640.00,24,1.00,0.1000,Potentiody-1mic Polarization,0.17,"In this technique, the base composition is melted and part of the melt is cast into an ingot. To the balance of the melt, the required molybdenum addition is made and the next ingot is cast. This process is repeated until a series of the desired positions is cast. By this procedure, the residual and impurity elements, which were intended to be in the range commonly present in commercial stainless steels, were held essentially constant within each series. The ingots were hot-forged and hot-rolled to a thickness of 0.76 cm and then cold-rolled to 0.38 cm. The 13% nickel steels were annealed at 1120C for 1 hr and water-quenched. The 39% nickel steels and the high-purity alloys were annealed at 1150C for 1 hr and water-quenched.",-1,test area 0.07 cm2; 0.3 um surface finish,2
99.98,0.00,0.00,0.00,0.00,0.00,0.00,0.00,0.01,0.01,0.00,0.00,0.00,0.00,0.00,0.00,0.00,0.00,0.00,0.00,0.00,0.00,0.00,0.00,-661.26,25,3.00,1.0000,"Potentiody-1mic Polarization - test electrodes were made from 0.25 mm wire looped to a diameter of
25 mm. Test solutions were prepared from reagent grade chemicals and
distilled water and the pH value was adjusted using H2SO4 or -1OH as required. The oxygen content of
the test solutions was reduced to a negligible value by bubbling nitrogen through them for a period of 24 h.
All electrochemical measurements were carried out in conventio-1l setup, purged
with nitrogen during each experiment",1.00,-1,-1,"test electrodes were made from 0.25 mm wire looped to a diameter of 25 mm. Test solutions were prepared from reagent grade chemicals and distilled water and the pH value was adjusted using H2SO4 or -1OH as required. The oxygen content of the test solutions was reduced to a negligible value by bubbling nitrogen through them for a period of 24 h. All electrochemical measurements were carried out in conventio-1l setup, purged with nitrogen during each experiment.",2
99.98,0.00,0.00,0.00,0.00,0.00,0.00,0.00,0.01,0.01,0.00,0.00,0.00,0.00,0.00,0.00,0.00,0.00,0.00,0.00,0.00,0.00,0.00,0.00,-526.29,25,4.00,1.0000,"Potentiody-1mic Polarization - test electrodes were made from 0.25 mm wire looped to a diameter of
25 mm. Test solutions were prepared from reagent grade chemicals and
distilled water and the pH value was adjusted using H2SO4 or -1OH as required. The oxygen content of
the test solutions was reduced to a negligible value by bubbling nitrogen through them for a period of 24 h.
All electrochemical measurements were carried out in conventio-1l setup, purged
with nitrogen during each experiment",1.00,-1,-1,"test electrodes were made from 0.25 mm wire looped to a diameter of 25 mm. Test solutions were prepared from reagent grade chemicals and distilled water and the pH value was adjusted using H2SO4 or -1OH as required. The oxygen content of the test solutions was reduced to a negligible value by bubbling nitrogen through them for a period of 24 h. All electrochemical measurements were carried out in conventio-1l setup, purged with nitrogen during each experiment.",2
99.98,0.00,0.00,0.00,0.00,0.00,0.00,0.00,0.01,0.01,0.00,0.00,0.00,0.00,0.00,0.00,0.00,0.00,0.00,0.00,0.00,0.00,0.00,0.00,-472.07,25,5.00,1.0000,"Potentiody-1mic Polarization - test electrodes were made from 0.25 mm wire looped to a diameter of
25 mm. Test solutions were prepared from reagent grade chemicals and
distilled water and the pH value was adjusted using H2SO4 or -1OH as required. The oxygen content of
the test solutions was reduced to a negligible value by bubbling nitrogen through them for a period of 24 h.
All electrochemical measurements were carried out in conventio-1l setup, purged
with nitrogen during each experiment",1.00,-1,-1,"test electrodes were made from 0.25 mm wire looped to a diameter of 25 mm. Test solutions were prepared from reagent grade chemicals and distilled water and the pH value was adjusted using H2SO4 or -1OH as required. The oxygen content of the test solutions was reduced to a negligible value by bubbling nitrogen through them for a period of 24 h. All electrochemical measurements were carried out in conventio-1l setup, purged with nitrogen during each experiment.",2
99.98,0.00,0.00,0.00,0.00,0.00,0.00,0.00,0.01,0.01,0.00,0.00,0.00,0.00,0.00,0.00,0.00,0.00,0.00,0.00,0.00,0.00,0.00,0.00,-458.98,25,7.00,1.0000,"Potentiody-1mic Polarization - test electrodes were made from 0.25 mm wire looped to a diameter of
25 mm. Test solutions were prepared from reagent grade chemicals and
distilled water and the pH value was adjusted using H2SO4 or -1OH as required. The oxygen content of
the test solutions was reduced to a negligible value by bubbling nitrogen through them for a period of 24 h.
All electrochemical measurements were carried out in conventio-1l setup, purged
with nitrogen during each experiment",1.00,-1,-1,"test electrodes were made from 0.25 mm wire looped to a diameter of 25 mm. Test solutions were prepared from reagent grade chemicals and distilled water and the pH value was adjusted using H2SO4 or -1OH as required. The oxygen content of the test solutions was reduced to a negligible value by bubbling nitrogen through them for a period of 24 h. All electrochemical measurements were carried out in conventio-1l setup, purged with nitrogen during each experiment.",2
99.98,0.00,0.00,0.00,0.00,0.00,0.00,0.00,0.01,0.01,0.00,0.00,0.00,0.00,0.00,0.00,0.00,0.00,0.00,0.00,0.00,0.00,0.00,0.00,-460.67,25,9.00,1.0000,"Potentiody-1mic Polarization - test electrodes were made from 0.25 mm wire looped to a diameter of
25 mm. Test solutions were prepared from reagent grade chemicals and
distilled water and the pH value was adjusted using H2SO4 or -1OH as required. The oxygen content of
the test solutions was reduced to a negligible value by bubbling nitrogen through them for a period of 24 h.
All electrochemical measurements were carried out in conventio-1l setup, purged
with nitrogen during each experiment",1.00,-1,-1,"test electrodes were made from 0.25 mm wire looped to a diameter of 25 mm. Test solutions were prepared from reagent grade chemicals and distilled water and the pH value was adjusted using H2SO4 or -1OH as required. The oxygen content of the test solutions was reduced to a negligible value by bubbling nitrogen through them for a period of 24 h. All electrochemical measurements were carried out in conventio-1l setup, purged with nitrogen during each experiment.",2
99.98,0.00,0.00,0.00,0.00,0.00,0.00,0.00,0.01,0.01,0.00,0.00,0.00,0.00,0.00,0.00,0.00,0.00,0.00,0.00,0.00,0.00,0.00,0.00,-701.63,25,3.00,0.0000,"Potentiody-1mic Polarization - test electrodes were made from 0.25 mm wire looped to a diameter of
25 mm. Test solutions were prepared from reagent grade chemicals and
distilled water and the pH value was adjusted using H2SO4 or -1OH as required. The oxygen content of
the test solutions was reduced to a negligible value by bubbling nitrogen through them for a period of 24 h.
All electrochemical measurements were carried out in conventio-1l setup, purged
with nitrogen during each experiment",1.00,-1,-1,"test electrodes were made from 0.25 mm wire looped to a diameter of 25 mm. Test solutions were prepared from reagent grade chemicals and distilled water and the pH value was adjusted using H2SO4 or -1OH as required. The oxygen content of the test solutions was reduced to a negligible value by bubbling nitrogen through them for a period of 24 h. All electrochemical measurements were carried out in conventio-1l setup, purged with nitrogen during each experiment.",2
99.98,0.00,0.00,0.00,0.00,0.00,0.00,0.00,0.01,0.01,0.00,0.00,0.00,0.00,0.00,0.00,0.00,0.00,0.00,0.00,0.00,0.00,0.00,0.00,-427.19,25,4.00,0.0000,"Potentiody-1mic Polarization - test electrodes were made from 0.25 mm wire looped to a diameter of
25 mm. Test solutions were prepared from reagent grade chemicals and
distilled water and the pH value was adjusted using H2SO4 or -1OH as required. The oxygen content of
the test solutions was reduced to a negligible value by bubbling nitrogen through them for a period of 24 h.
All electrochemical measurements were carried out in conventio-1l setup, purged
with nitrogen during each experiment",1.00,-1,-1,"test electrodes were made from 0.25 mm wire looped to a diameter of 25 mm. Test solutions were prepared from reagent grade chemicals and distilled water and the pH value was adjusted using H2SO4 or -1OH as required. The oxygen content of the test solutions was reduced to a negligible value by bubbling nitrogen through them for a period of 24 h. All electrochemical measurements were carried out in conventio-1l setup, purged with nitrogen during each experiment.",2
99.98,0.00,0.00,0.00,0.00,0.00,0.00,0.00,0.01,0.01,0.00,0.00,0.00,0.00,0.00,0.00,0.00,0.00,0.00,0.00,0.00,0.00,0.00,0.00,-405.98,25,5.00,0.0000,"Potentiody-1mic Polarization - test electrodes were made from 0.25 mm wire looped to a diameter of
25 mm. Test solutions were prepared from reagent grade chemicals and
distilled water and the pH value was adjusted using H2SO4 or -1OH as required. The oxygen content of
the test solutions was reduced to a negligible value by bubbling nitrogen through them for a period of 24 h.
All electrochemical measurements were carried out in conventio-1l setup, purged
with nitrogen during each experiment",1.00,-1,-1,"test electrodes were made from 0.25 mm wire looped to a diameter of 25 mm. Test solutions were prepared from reagent grade chemicals and distilled water and the pH value was adjusted using H2SO4 or -1OH as required. The oxygen content of the test solutions was reduced to a negligible value by bubbling nitrogen through them for a period of 24 h. All electrochemical measurements were carried out in conventio-1l setup, purged with nitrogen during each experiment.",2
99.98,0.00,0.00,0.00,0.00,0.00,0.00,0.00,0.01,0.01,0.00,0.00,0.00,0.00,0.00,0.00,0.00,0.00,0.00,0.00,0.00,0.00,0.00,0.00,-396.60,25,7.00,0.0000,"Potentiody-1mic Polarization - test electrodes were made from 0.25 mm wire looped to a diameter of
25 mm. Test solutions were prepared from reagent grade chemicals and
distilled water and the pH value was adjusted using H2SO4 or -1OH as required. The oxygen content of
the test solutions was reduced to a negligible value by bubbling nitrogen through them for a period of 24 h.
All electrochemical measurements were carried out in conventio-1l setup, purged
with nitrogen during each experiment",1.00,-1,-1,"test electrodes were made from 0.25 mm wire looped to a diameter of 25 mm. Test solutions were prepared from reagent grade chemicals and distilled water and the pH value was adjusted using H2SO4 or -1OH as required. The oxygen content of the test solutions was reduced to a negligible value by bubbling nitrogen through them for a period of 24 h. All electrochemical measurements were carried out in conventio-1l setup, purged with nitrogen during each experiment.",2
99.98,0.00,0.00,0.00,0.00,0.00,0.00,0.00,0.01,0.01,0.00,0.00,0.00,0.00,0.00,0.00,0.00,0.00,0.00,0.00,0.00,0.00,0.00,0.00,-361.57,25,9.00,0.0000,"Potentiody-1mic Polarization - test electrodes were made from 0.25 mm wire looped to a diameter of
25 mm. Test solutions were prepared from reagent grade chemicals and
distilled water and the pH value was adjusted using H2SO4 or -1OH as required. The oxygen content of
the test solutions was reduced to a negligible value by bubbling nitrogen through them for a period of 24 h.
All electrochemical measurements were carried out in conventio-1l setup, purged
with nitrogen during each experiment",1.00,-1,-1,"test electrodes were made from 0.25 mm wire looped to a diameter of 25 mm. Test solutions were prepared from reagent grade chemicals and distilled water and the pH value was adjusted using H2SO4 or -1OH as required. The oxygen content of the test solutions was reduced to a negligible value by bubbling nitrogen through them for a period of 24 h. All electrochemical measurements were carried out in conventio-1l setup, purged with nitrogen during each experiment.",2
0.00,0.00,100.00,0.00,0.00,0.00,0.00,0.00,0.01,0.01,0.00,0.00,0.00,0.00,0.00,0.00,0.00,0.00,0.00,0.00,0.00,0.00,0.00,0.00,-272.26,25,3.00,1.0000,"Potentiody-1mic Polarization - test electrodes were made from 0.25 mm wire looped to a diameter of
25 mm. Test solutions were prepared from reagent grade chemicals and
distilled water and the pH value was adjusted using H2SO4 or -1OH as required. The oxygen content of
the test solutions was reduced to a negligible value by bubbling nitrogen through them for a period of 24 h.
All electrochemical measurements were carried out in conventio-1l setup, purged
with nitrogen during each experiment",1.00,-1,-1,"test electrodes were made from 0.25 mm wire looped to a diameter of 25 mm. Test solutions were prepared from reagent grade chemicals and distilled water and the pH value was adjusted using H2SO4 or -1OH as required. The oxygen content of the test solutions was reduced to a negligible value by bubbling nitrogen through them for a period of 24 h. All electrochemical measurements were carried out in conventio-1l setup, purged with nitrogen during each experiment.",2
0.00,0.00,100.00,0.00,0.00,0.00,0.00,0.00,0.01,0.01,0.00,0.00,0.00,0.00,0.00,0.00,0.00,0.00,0.00,0.00,0.00,0.00,0.00,0.00,-140.94,25,4.00,1.0000,"Potentiody-1mic Polarization - test electrodes were made from 0.25 mm wire looped to a diameter of
25 mm. Test solutions were prepared from reagent grade chemicals and
distilled water and the pH value was adjusted using H2SO4 or -1OH as required. The oxygen content of
the test solutions was reduced to a negligible value by bubbling nitrogen through them for a period of 24 h.
All electrochemical measurements were carried out in conventio-1l setup, purged
with nitrogen during each experiment",1.00,-1,-1,"test electrodes were made from 0.25 mm wire looped to a diameter of 25 mm. Test solutions were prepared from reagent grade chemicals and distilled water and the pH value was adjusted using H2SO4 or -1OH as required. The oxygen content of the test solutions was reduced to a negligible value by bubbling nitrogen through them for a period of 24 h. All electrochemical measurements were carried out in conventio-1l setup, purged with nitrogen during each experiment.",2
0.00,0.00,100.00,0.00,0.00,0.00,0.00,0.00,0.01,0.01,0.00,0.00,0.00,0.00,0.00,0.00,0.00,0.00,0.00,0.00,0.00,0.00,0.00,0.00,-145.43,25,5.00,1.0000,"Potentiody-1mic Polarization - test electrodes were made from 0.25 mm wire looped to a diameter of
25 mm. Test solutions were prepared from reagent grade chemicals and
distilled water and the pH value was adjusted using H2SO4 or -1OH as required. The oxygen content of
the test solutions was reduced to a negligible value by bubbling nitrogen through them for a period of 24 h.
All electrochemical measurements were carried out in conventio-1l setup, purged
with nitrogen during each experiment",1.00,-1,-1,"test electrodes were made from 0.25 mm wire looped to a diameter of 25 mm. Test solutions were prepared from reagent grade chemicals and distilled water and the pH value was adjusted using H2SO4 or -1OH as required. The oxygen content of the test solutions was reduced to a negligible value by bubbling nitrogen through them for a period of 24 h. All electrochemical measurements were carried out in conventio-1l setup, purged with nitrogen during each experiment.",2
0.00,0.00,100.00,0.00,0.00,0.00,0.00,0.00,0.01,0.01,0.00,0.00,0.00,0.00,0.00,0.00,0.00,0.00,0.00,0.00,0.00,0.00,0.00,0.00,-47.98,25,7.00,1.0000,"Potentiody-1mic Polarization - test electrodes were made from 0.25 mm wire looped to a diameter of
25 mm. Test solutions were prepared from reagent grade chemicals and
distilled water and the pH value was adjusted using H2SO4 or -1OH as required. The oxygen content of
the test solutions was reduced to a negligible value by bubbling nitrogen through them for a period of 24 h.
All electrochemical measurements were carried out in conventio-1l setup, purged
with nitrogen during each experiment",1.00,-1,-1,"test electrodes were made from 0.25 mm wire looped to a diameter of 25 mm. Test solutions were prepared from reagent grade chemicals and distilled water and the pH value was adjusted using H2SO4 or -1OH as required. The oxygen content of the test solutions was reduced to a negligible value by bubbling nitrogen through them for a period of 24 h. All electrochemical measurements were carried out in conventio-1l setup, purged with nitrogen during each experiment.",2
0.00,0.00,100.00,0.00,0.00,0.00,0.00,0.00,0.01,0.01,0.00,0.00,0.00,0.00,0.00,0.00,0.00,0.00,0.00,0.00,0.00,0.00,0.00,0.00,-9.26,25,9.00,1.0000,"Potentiody-1mic Polarization - test electrodes were made from 0.25 mm wire looped to a diameter of
25 mm. Test solutions were prepared from reagent grade chemicals and
distilled water and the pH value was adjusted using H2SO4 or -1OH as required. The oxygen content of
the test solutions was reduced to a negligible value by bubbling nitrogen through them for a period of 24 h.
All electrochemical measurements were carried out in conventio-1l setup, purged
with nitrogen during each experiment",1.00,-1,-1,"test electrodes were made from 0.25 mm wire looped to a diameter of 25 mm. Test solutions were prepared from reagent grade chemicals and distilled water and the pH value was adjusted using H2SO4 or -1OH as required. The oxygen content of the test solutions was reduced to a negligible value by bubbling nitrogen through them for a period of 24 h. All electrochemical measurements were carried out in conventio-1l setup, purged with nitrogen during each experiment.",2
0.00,0.00,100.00,0.00,0.00,0.00,0.00,0.00,0.01,0.01,0.00,0.00,0.00,0.00,0.00,0.00,0.00,0.00,0.00,0.00,0.00,0.00,0.00,0.00,-231.91,25,3.00,0.0000,"Potentiody-1mic Polarization - test electrodes were made from 0.25 mm wire looped to a diameter of
25 mm. Test solutions were prepared from reagent grade chemicals and
distilled water and the pH value was adjusted using H2SO4 or -1OH as required. The oxygen content of
the test solutions was reduced to a negligible value by bubbling nitrogen through them for a period of 24 h.
All electrochemical measurements were carried out in conventio-1l setup, purged
with nitrogen during each experiment",1.00,-1,-1,"test electrodes were made from 0.25 mm wire looped to a diameter of 25 mm. Test solutions were prepared from reagent grade chemicals and distilled water and the pH value was adjusted using H2SO4 or -1OH as required. The oxygen content of the test solutions was reduced to a negligible value by bubbling nitrogen through them for a period of 24 h. All electrochemical measurements were carried out in conventio-1l setup, purged with nitrogen during each experiment.",2
0.00,0.00,100.00,0.00,0.00,0.00,0.00,0.00,0.01,0.01,0.00,0.00,0.00,0.00,0.00,0.00,0.00,0.00,0.00,0.00,0.00,0.00,0.00,0.00,-100.57,25,4.00,0.0000,"Potentiody-1mic Polarization - test electrodes were made from 0.25 mm wire looped to a diameter of
25 mm. Test solutions were prepared from reagent grade chemicals and
distilled water and the pH value was adjusted using H2SO4 or -1OH as required. The oxygen content of
the test solutions was reduced to a negligible value by bubbling nitrogen through them for a period of 24 h.
All electrochemical measurements were carried out in conventio-1l setup, purged
with nitrogen during each experiment",1.00,-1,-1,"test electrodes were made from 0.25 mm wire looped to a diameter of 25 mm. Test solutions were prepared from reagent grade chemicals and distilled water and the pH value was adjusted using H2SO4 or -1OH as required. The oxygen content of the test solutions was reduced to a negligible value by bubbling nitrogen through them for a period of 24 h. All electrochemical measurements were carried out in conventio-1l setup, purged with nitrogen during each experiment.",2
0.00,0.00,100.00,0.00,0.00,0.00,0.00,0.00,0.01,0.01,0.00,0.00,0.00,0.00,0.00,0.00,0.00,0.00,0.00,0.00,0.00,0.00,0.00,0.00,18.09,25,7.00,0.0000,"Potentiody-1mic Polarization - test electrodes were made from 0.25 mm wire looped to a diameter of
25 mm. Test solutions were prepared from reagent grade chemicals and
distilled water and the pH value was adjusted using H2SO4 or -1OH as required. The oxygen content of
the test solutions was reduced to a negligible value by bubbling nitrogen through them for a period of 24 h.
All electrochemical measurements were carried out in conventio-1l setup, purged
with nitrogen during each experiment",1.00,-1,-1,"test electrodes were made from 0.25 mm wire looped to a diameter of 25 mm. Test solutions were prepared from reagent grade chemicals and distilled water and the pH value was adjusted using H2SO4 or -1OH as required. The oxygen content of the test solutions was reduced to a negligible value by bubbling nitrogen through them for a period of 24 h. All electrochemical measurements were carried out in conventio-1l setup, purged with nitrogen during each experiment.",2
0.00,0.00,100.00,0.00,0.00,0.00,0.00,0.00,0.01,0.01,0.00,0.00,0.00,0.00,0.00,0.00,0.00,0.00,0.00,0.00,0.00,0.00,0.00,0.00,86.15,25,9.00,0.0000,"Potentiody-1mic Polarization - test electrodes were made from 0.25 mm wire looped to a diameter of
25 mm. Test solutions were prepared from reagent grade chemicals and
distilled water and the pH value was adjusted using H2SO4 or -1OH as required. The oxygen content of
the test solutions was reduced to a negligible value by bubbling nitrogen through them for a period of 24 h.
All electrochemical measurements were carried out in conventio-1l setup, purged
with nitrogen during each experiment",1.00,-1,-1,"test electrodes were made from 0.25 mm wire looped to a diameter of 25 mm. Test solutions were prepared from reagent grade chemicals and distilled water and the pH value was adjusted using H2SO4 or -1OH as required. The oxygen content of the test solutions was reduced to a negligible value by bubbling nitrogen through them for a period of 24 h. All electrochemical measurements were carried out in conventio-1l setup, purged with nitrogen during each experiment.",2
0.00,0.00,0.00,100.00,0.00,0.00,0.00,0.00,0.01,0.01,0.00,0.00,0.00,0.00,0.00,0.00,0.00,0.00,0.00,0.00,0.00,0.00,0.00,0.00,-22.71,25,3.00,1.0000,"Potentiody-1mic Polarization - test electrodes were made from 0.25 mm wire looped to a diameter of
25 mm. Test solutions were prepared from reagent grade chemicals and
distilled water and the pH value was adjusted using H2SO4 or -1OH as required. The oxygen content of
the test solutions was reduced to a negligible value by bubbling nitrogen through them for a period of 24 h.
All electrochemical measurements were carried out in conventio-1l setup, purged
with nitrogen during each experiment",1.00,-1,-1,"test electrodes were made from 0.25 mm wire looped to a diameter of 25 mm. Test solutions were prepared from reagent grade chemicals and distilled water and the pH value was adjusted using H2SO4 or -1OH as required. The oxygen content of the test solutions was reduced to a negligible value by bubbling nitrogen through them for a period of 24 h. All electrochemical measurements were carried out in conventio-1l setup, purged with nitrogen during each experiment.",2
0.00,0.00,0.00,100.00,0.00,0.00,0.00,0.00,0.01,0.01,0.00,0.00,0.00,0.00,0.00,0.00,0.00,0.00,0.00,0.00,0.00,0.00,0.00,0.00,-56.54,25,4.00,1.0000,"Potentiody-1mic Polarization - test electrodes were made from 0.25 mm wire looped to a diameter of
25 mm. Test solutions were prepared from reagent grade chemicals and
distilled water and the pH value was adjusted using H2SO4 or -1OH as required. The oxygen content of
the test solutions was reduced to a negligible value by bubbling nitrogen through them for a period of 24 h.
All electrochemical measurements were carried out in conventio-1l setup, purged
with nitrogen during each experiment",1.00,-1,-1,"test electrodes were made from 0.25 mm wire looped to a diameter of 25 mm. Test solutions were prepared from reagent grade chemicals and distilled water and the pH value was adjusted using H2SO4 or -1OH as required. The oxygen content of the test solutions was reduced to a negligible value by bubbling nitrogen through them for a period of 24 h. All electrochemical measurements were carried out in conventio-1l setup, purged with nitrogen during each experiment.",2
0.00,0.00,0.00,100.00,0.00,0.00,0.00,0.00,0.01,0.01,0.00,0.00,0.00,0.00,0.00,0.00,0.00,0.00,0.00,0.00,0.00,0.00,0.00,0.00,-50.04,25,5.00,1.0000,"Potentiody-1mic Polarization - test electrodes were made from 0.25 mm wire looped to a diameter of
25 mm. Test solutions were prepared from reagent grade chemicals and
distilled water and the pH value was adjusted using H2SO4 or -1OH as required. The oxygen content of
the test solutions was reduced to a negligible value by bubbling nitrogen through them for a period of 24 h.
All electrochemical measurements were carried out in conventio-1l setup, purged
with nitrogen during each experiment",1.00,-1,-1,"test electrodes were made from 0.25 mm wire looped to a diameter of 25 mm. Test solutions were prepared from reagent grade chemicals and distilled water and the pH value was adjusted using H2SO4 or -1OH as required. The oxygen content of the test solutions was reduced to a negligible value by bubbling nitrogen through them for a period of 24 h. All electrochemical measurements were carried out in conventio-1l setup, purged with nitrogen during each experiment.",2
0.00,0.00,0.00,100.00,0.00,0.00,0.00,0.00,0.01,0.01,0.00,0.00,0.00,0.00,0.00,0.00,0.00,0.00,0.00,0.00,0.00,0.00,0.00,0.00,-106.71,25,7.00,1.0000,"Potentiody-1mic Polarization - test electrodes were made from 0.25 mm wire looped to a diameter of
25 mm. Test solutions were prepared from reagent grade chemicals and
distilled water and the pH value was adjusted using H2SO4 or -1OH as required. The oxygen content of
the test solutions was reduced to a negligible value by bubbling nitrogen through them for a period of 24 h.
All electrochemical measurements were carried out in conventio-1l setup, purged
with nitrogen during each experiment",1.00,-1,-1,"test electrodes were made from 0.25 mm wire looped to a diameter of 25 mm. Test solutions were prepared from reagent grade chemicals and distilled water and the pH value was adjusted using H2SO4 or -1OH as required. The oxygen content of the test solutions was reduced to a negligible value by bubbling nitrogen through them for a period of 24 h. All electrochemical measurements were carried out in conventio-1l setup, purged with nitrogen during each experiment.",2
0.00,0.00,0.00,100.00,0.00,0.00,0.00,0.00,0.01,0.01,0.00,0.00,0.00,0.00,0.00,0.00,0.00,0.00,0.00,0.00,0.00,0.00,0.00,0.00,-119.33,25,9.00,1.0000,"Potentiody-1mic Polarization - test electrodes were made from 0.25 mm wire looped to a diameter of
25 mm. Test solutions were prepared from reagent grade chemicals and
distilled water and the pH value was adjusted using H2SO4 or -1OH as required. The oxygen content of
the test solutions was reduced to a negligible value by bubbling nitrogen through them for a period of 24 h.
All electrochemical measurements were carried out in conventio-1l setup, purged
with nitrogen during each experiment",1.00,-1,-1,"test electrodes were made from 0.25 mm wire looped to a diameter of 25 mm. Test solutions were prepared from reagent grade chemicals and distilled water and the pH value was adjusted using H2SO4 or -1OH as required. The oxygen content of the test solutions was reduced to a negligible value by bubbling nitrogen through them for a period of 24 h. All electrochemical measurements were carried out in conventio-1l setup, purged with nitrogen during each experiment.",2
0.00,0.00,0.00,100.00,0.00,0.00,0.00,0.00,0.01,0.01,0.00,0.00,0.00,0.00,0.00,0.00,0.00,0.00,0.00,0.00,0.00,0.00,0.00,0.00,21.33,25,3.00,0.0000,"Potentiody-1mic Polarization - test electrodes were made from 0.25 mm wire looped to a diameter of
25 mm. Test solutions were prepared from reagent grade chemicals and
distilled water and the pH value was adjusted using H2SO4 or -1OH as required. The oxygen content of
the test solutions was reduced to a negligible value by bubbling nitrogen through them for a period of 24 h.
All electrochemical measurements were carried out in conventio-1l setup, purged
with nitrogen during each experiment",1.00,-1,-1,"test electrodes were made from 0.25 mm wire looped to a diameter of 25 mm. Test solutions were prepared from reagent grade chemicals and distilled water and the pH value was adjusted using H2SO4 or -1OH as required. The oxygen content of the test solutions was reduced to a negligible value by bubbling nitrogen through them for a period of 24 h. All electrochemical measurements were carried out in conventio-1l setup, purged with nitrogen during each experiment.",2
0.00,0.00,0.00,100.00,0.00,0.00,0.00,0.00,0.01,0.01,0.00,0.00,0.00,0.00,0.00,0.00,0.00,0.00,0.00,0.00,0.00,0.00,0.00,0.00,-45.55,25,4.00,0.0000,"Potentiody-1mic Polarization - test electrodes were made from 0.25 mm wire looped to a diameter of
25 mm. Test solutions were prepared from reagent grade chemicals and
distilled water and the pH value was adjusted using H2SO4 or -1OH as required. The oxygen content of
the test solutions was reduced to a negligible value by bubbling nitrogen through them for a period of 24 h.
All electrochemical measurements were carried out in conventio-1l setup, purged
with nitrogen during each experiment",1.00,-1,-1,"test electrodes were made from 0.25 mm wire looped to a diameter of 25 mm. Test solutions were prepared from reagent grade chemicals and distilled water and the pH value was adjusted using H2SO4 or -1OH as required. The oxygen content of the test solutions was reduced to a negligible value by bubbling nitrogen through them for a period of 24 h. All electrochemical measurements were carried out in conventio-1l setup, purged with nitrogen during each experiment.",2
0.00,0.00,0.00,100.00,0.00,0.00,0.00,0.00,0.01,0.01,0.00,0.00,0.00,0.00,0.00,0.00,0.00,0.00,0.00,0.00,0.00,0.00,0.00,0.00,-53.73,25,5.00,0.0000,"Potentiody-1mic Polarization - test electrodes were made from 0.25 mm wire looped to a diameter of
25 mm. Test solutions were prepared from reagent grade chemicals and
distilled water and the pH value was adjusted using H2SO4 or -1OH as required. The oxygen content of
the test solutions was reduced to a negligible value by bubbling nitrogen through them for a period of 24 h.
All electrochemical measurements were carried out in conventio-1l setup, purged
with nitrogen during each experiment",1.00,-1,-1,"test electrodes were made from 0.25 mm wire looped to a diameter of 25 mm. Test solutions were prepared from reagent grade chemicals and distilled water and the pH value was adjusted using H2SO4 or -1OH as required. The oxygen content of the test solutions was reduced to a negligible value by bubbling nitrogen through them for a period of 24 h. All electrochemical measurements were carried out in conventio-1l setup, purged with nitrogen during each experiment.",2
0.00,0.00,0.00,100.00,0.00,0.00,0.00,0.00,0.01,0.01,0.00,0.00,0.00,0.00,0.00,0.00,0.00,0.00,0.00,0.00,0.00,0.00,0.00,0.00,-91.00,25,7.00,0.0000,"Potentiody-1mic Polarization - test electrodes were made from 0.25 mm wire looped to a diameter of
25 mm. Test solutions were prepared from reagent grade chemicals and
distilled water and the pH value was adjusted using H2SO4 or -1OH as required. The oxygen content of
the test solutions was reduced to a negligible value by bubbling nitrogen through them for a period of 24 h.
All electrochemical measurements were carried out in conventio-1l setup, purged
with nitrogen during each experiment",1.00,-1,-1,"test electrodes were made from 0.25 mm wire looped to a diameter of 25 mm. Test solutions were prepared from reagent grade chemicals and distilled water and the pH value was adjusted using H2SO4 or -1OH as required. The oxygen content of the test solutions was reduced to a negligible value by bubbling nitrogen through them for a period of 24 h. All electrochemical measurements were carried out in conventio-1l setup, purged with nitrogen during each experiment.",2
0.00,0.00,0.00,100.00,0.00,0.00,0.00,0.00,0.01,0.01,0.00,0.00,0.00,0.00,0.00,0.00,0.00,0.00,0.00,0.00,0.00,0.00,0.00,0.00,-103.00,25,9.00,0.0000,"Potentiody-1mic Polarization - test electrodes were made from 0.25 mm wire looped to a diameter of
25 mm. Test solutions were prepared from reagent grade chemicals and
distilled water and the pH value was adjusted using H2SO4 or -1OH as required. The oxygen content of
the test solutions was reduced to a negligible value by bubbling nitrogen through them for a period of 24 h.
All electrochemical measurements were carried out in conventio-1l setup, purged
with nitrogen during each experiment",1.00,-1,-1,"test electrodes were made from 0.25 mm wire looped to a diameter of 25 mm. Test solutions were prepared from reagent grade chemicals and distilled water and the pH value was adjusted using H2SO4 or -1OH as required. The oxygen content of the test solutions was reduced to a negligible value by bubbling nitrogen through them for a period of 24 h. All electrochemical measurements were carried out in conventio-1l setup, purged with nitrogen during each experiment.",2
0.00,20.00,80.00,0.00,0.00,0.00,0.00,0.00,0.01,0.01,0.00,0.00,0.00,0.00,0.00,0.00,0.00,0.00,0.00,0.00,0.00,0.00,0.00,0.00,230.52,25,3.00,1.0000,"Potentiody-1mic Polarization - test electrodes were made from 0.25 mm wire looped to a diameter of
25 mm. Test solutions were prepared from reagent grade chemicals and
distilled water and the pH value was adjusted using H2SO4 or -1OH as required. The oxygen content of
the test solutions was reduced to a negligible value by bubbling nitrogen through them for a period of 24 h.
All electrochemical measurements were carried out in conventio-1l setup, purged
with nitrogen during each experiment",1.00,-1,-1,"test electrodes were made from 0.25 mm wire looped to a diameter of 25 mm. Test solutions were prepared from reagent grade chemicals and distilled water and the pH value was adjusted using H2SO4 or -1OH as required. The oxygen content of the test solutions was reduced to a negligible value by bubbling nitrogen through them for a period of 24 h. All electrochemical measurements were carried out in conventio-1l setup, purged with nitrogen during each experiment.",2
0.00,20.00,80.00,0.00,0.00,0.00,0.00,0.00,0.01,0.01,0.00,0.00,0.00,0.00,0.00,0.00,0.00,0.00,0.00,0.00,0.00,0.00,0.00,0.00,332.48,25,4.00,1.0000,"Potentiody-1mic Polarization - test electrodes were made from 0.25 mm wire looped to a diameter of
25 mm. Test solutions were prepared from reagent grade chemicals and
distilled water and the pH value was adjusted using H2SO4 or -1OH as required. The oxygen content of
the test solutions was reduced to a negligible value by bubbling nitrogen through them for a period of 24 h.
All electrochemical measurements were carried out in conventio-1l setup, purged
with nitrogen during each experiment",1.00,-1,-1,"test electrodes were made from 0.25 mm wire looped to a diameter of 25 mm. Test solutions were prepared from reagent grade chemicals and distilled water and the pH value was adjusted using H2SO4 or -1OH as required. The oxygen content of the test solutions was reduced to a negligible value by bubbling nitrogen through them for a period of 24 h. All electrochemical measurements were carried out in conventio-1l setup, purged with nitrogen during each experiment.",2
0.00,20.00,80.00,0.00,0.00,0.00,0.00,0.00,0.01,0.01,0.00,0.00,0.00,0.00,0.00,0.00,0.00,0.00,0.00,0.00,0.00,0.00,0.00,0.00,342.67,25,5.00,1.0000,"Potentiody-1mic Polarization - test electrodes were made from 0.25 mm wire looped to a diameter of
25 mm. Test solutions were prepared from reagent grade chemicals and
distilled water and the pH value was adjusted using H2SO4 or -1OH as required. The oxygen content of
the test solutions was reduced to a negligible value by bubbling nitrogen through them for a period of 24 h.
All electrochemical measurements were carried out in conventio-1l setup, purged
with nitrogen during each experiment",1.00,-1,-1,"test electrodes were made from 0.25 mm wire looped to a diameter of 25 mm. Test solutions were prepared from reagent grade chemicals and distilled water and the pH value was adjusted using H2SO4 or -1OH as required. The oxygen content of the test solutions was reduced to a negligible value by bubbling nitrogen through them for a period of 24 h. All electrochemical measurements were carried out in conventio-1l setup, purged with nitrogen during each experiment.",2
0.00,20.00,80.00,0.00,0.00,0.00,0.00,0.00,0.01,0.01,0.00,0.00,0.00,0.00,0.00,0.00,0.00,0.00,0.00,0.00,0.00,0.00,0.00,0.00,370.40,25,7.00,1.0000,"Potentiody-1mic Polarization - test electrodes were made from 0.25 mm wire looped to a diameter of
25 mm. Test solutions were prepared from reagent grade chemicals and
distilled water and the pH value was adjusted using H2SO4 or -1OH as required. The oxygen content of
the test solutions was reduced to a negligible value by bubbling nitrogen through them for a period of 24 h.
All electrochemical measurements were carried out in conventio-1l setup, purged
with nitrogen during each experiment",1.00,-1,-1,"test electrodes were made from 0.25 mm wire looped to a diameter of 25 mm. Test solutions were prepared from reagent grade chemicals and distilled water and the pH value was adjusted using H2SO4 or -1OH as required. The oxygen content of the test solutions was reduced to a negligible value by bubbling nitrogen through them for a period of 24 h. All electrochemical measurements were carried out in conventio-1l setup, purged with nitrogen during each experiment.",2
0.00,20.00,80.00,0.00,0.00,0.00,0.00,0.00,0.01,0.01,0.00,0.00,0.00,0.00,0.00,0.00,0.00,0.00,0.00,0.00,0.00,0.00,0.00,0.00,361.39,25,9.00,1.0000,"Potentiody-1mic Polarization - test electrodes were made from 0.25 mm wire looped to a diameter of
25 mm. Test solutions were prepared from reagent grade chemicals and
distilled water and the pH value was adjusted using H2SO4 or -1OH as required. The oxygen content of
the test solutions was reduced to a negligible value by bubbling nitrogen through them for a period of 24 h.
All electrochemical measurements were carried out in conventio-1l setup, purged
with nitrogen during each experiment",1.00,-1,-1,"test electrodes were made from 0.25 mm wire looped to a diameter of 25 mm. Test solutions were prepared from reagent grade chemicals and distilled water and the pH value was adjusted using H2SO4 or -1OH as required. The oxygen content of the test solutions was reduced to a negligible value by bubbling nitrogen through them for a period of 24 h. All electrochemical measurements were carried out in conventio-1l setup, purged with nitrogen during each experiment.",2
0.00,20.00,80.00,0.00,0.00,0.00,0.00,0.00,0.01,0.01,0.00,0.00,0.00,0.00,0.00,0.00,0.00,0.00,0.00,0.00,0.00,0.00,0.00,0.00,179.14,25,3.00,0.0000,"Potentiody-1mic Polarization - test electrodes were made from 0.25 mm wire looped to a diameter of
25 mm. Test solutions were prepared from reagent grade chemicals and
distilled water and the pH value was adjusted using H2SO4 or -1OH as required. The oxygen content of
the test solutions was reduced to a negligible value by bubbling nitrogen through them for a period of 24 h.
All electrochemical measurements were carried out in conventio-1l setup, purged
with nitrogen during each experiment",1.00,-1,-1,"test electrodes were made from 0.25 mm wire looped to a diameter of 25 mm. Test solutions were prepared from reagent grade chemicals and distilled water and the pH value was adjusted using H2SO4 or -1OH as required. The oxygen content of the test solutions was reduced to a negligible value by bubbling nitrogen through them for a period of 24 h. All electrochemical measurements were carried out in conventio-1l setup, purged with nitrogen during each experiment.",2
0.00,20.00,80.00,0.00,0.00,0.00,0.00,0.00,0.01,0.01,0.00,0.00,0.00,0.00,0.00,0.00,0.00,0.00,0.00,0.00,0.00,0.00,0.00,0.00,273.73,25,4.00,0.0000,"Potentiody-1mic Polarization - test electrodes were made from 0.25 mm wire looped to a diameter of
25 mm. Test solutions were prepared from reagent grade chemicals and
distilled water and the pH value was adjusted using H2SO4 or -1OH as required. The oxygen content of
the test solutions was reduced to a negligible value by bubbling nitrogen through them for a period of 24 h.
All electrochemical measurements were carried out in conventio-1l setup, purged
with nitrogen during each experiment",1.00,-1,-1,"test electrodes were made from 0.25 mm wire looped to a diameter of 25 mm. Test solutions were prepared from reagent grade chemicals and distilled water and the pH value was adjusted using H2SO4 or -1OH as required. The oxygen content of the test solutions was reduced to a negligible value by bubbling nitrogen through them for a period of 24 h. All electrochemical measurements were carried out in conventio-1l setup, purged with nitrogen during each experiment.",2
0.00,20.00,80.00,0.00,0.00,0.00,0.00,0.00,0.01,0.01,0.00,0.00,0.00,0.00,0.00,0.00,0.00,0.00,0.00,0.00,0.00,0.00,0.00,0.00,309.66,25,5.00,0.0000,"Potentiody-1mic Polarization - test electrodes were made from 0.25 mm wire looped to a diameter of
25 mm. Test solutions were prepared from reagent grade chemicals and
distilled water and the pH value was adjusted using H2SO4 or -1OH as required. The oxygen content of
the test solutions was reduced to a negligible value by bubbling nitrogen through them for a period of 24 h.
All electrochemical measurements were carried out in conventio-1l setup, purged
with nitrogen during each experiment",1.00,-1,-1,"test electrodes were made from 0.25 mm wire looped to a diameter of 25 mm. Test solutions were prepared from reagent grade chemicals and distilled water and the pH value was adjusted using H2SO4 or -1OH as required. The oxygen content of the test solutions was reduced to a negligible value by bubbling nitrogen through them for a period of 24 h. All electrochemical measurements were carried out in conventio-1l setup, purged with nitrogen during each experiment.",2
0.00,20.00,80.00,0.00,0.00,0.00,0.00,0.00,0.01,0.01,0.00,0.00,0.00,0.00,0.00,0.00,0.00,0.00,0.00,0.00,0.00,0.00,0.00,0.00,315.35,25,7.00,0.0000,"Potentiody-1mic Polarization - test electrodes were made from 0.25 mm wire looped to a diameter of
25 mm. Test solutions were prepared from reagent grade chemicals and
distilled water and the pH value was adjusted using H2SO4 or -1OH as required. The oxygen content of
the test solutions was reduced to a negligible value by bubbling nitrogen through them for a period of 24 h.
All electrochemical measurements were carried out in conventio-1l setup, purged
with nitrogen during each experiment",1.00,-1,-1,"test electrodes were made from 0.25 mm wire looped to a diameter of 25 mm. Test solutions were prepared from reagent grade chemicals and distilled water and the pH value was adjusted using H2SO4 or -1OH as required. The oxygen content of the test solutions was reduced to a negligible value by bubbling nitrogen through them for a period of 24 h. All electrochemical measurements were carried out in conventio-1l setup, purged with nitrogen during each experiment.",2
0.00,20.00,80.00,0.00,0.00,0.00,0.00,0.00,0.01,0.01,0.00,0.00,0.00,0.00,0.00,0.00,0.00,0.00,0.00,0.00,0.00,0.00,0.00,0.00,324.70,25,9.00,0.0000,"Potentiody-1mic Polarization - test electrodes were made from 0.25 mm wire looped to a diameter of
25 mm. Test solutions were prepared from reagent grade chemicals and
distilled water and the pH value was adjusted using H2SO4 or -1OH as required. The oxygen content of
the test solutions was reduced to a negligible value by bubbling nitrogen through them for a period of 24 h.
All electrochemical measurements were carried out in conventio-1l setup, purged
with nitrogen during each experiment",1.00,-1,-1,"test electrodes were made from 0.25 mm wire looped to a diameter of 25 mm. Test solutions were prepared from reagent grade chemicals and distilled water and the pH value was adjusted using H2SO4 or -1OH as required. The oxygen content of the test solutions was reduced to a negligible value by bubbling nitrogen through them for a period of 24 h. All electrochemical measurements were carried out in conventio-1l setup, purged with nitrogen during each experiment.",2
0.00,0.00,0.00,62.06,0.00,0.00,0.00,0.00,0.01,0.01,0.00,0.00,0.00,37.94,0.00,0.00,0.00,0.00,0.00,0.00,0.00,0.00,0.00,0.00,975.00,25,10.00,0.1000,Potentiody-1mic Polarzation until a stable pit formed then Potentiostatic Polarization at pitting potential to monitior pit growth,1.00,-1,-1,Al Alloy,2
0.00,0.00,0.00,72.03,0.00,0.00,0.00,0.00,0.01,0.01,0.00,0.00,0.00,27.97,0.00,0.00,0.00,0.00,0.00,0.00,0.00,0.00,0.00,0.00,975.00,25,7.00,0.1000,Potentiody-1mic Polarzation until a stable pit formed then Potentiostatic Polarization at pitting potential to monitior pit growth,1.00,-1,-1,Al Alloy,2
0.00,60.71,0.00,0.00,0.00,0.00,0.00,0.00,0.01,0.01,0.00,0.00,0.00,39.29,0.00,0.00,0.00,0.00,0.00,0.00,0.00,0.00,0.00,0.00,1000.00,25,7.00,0.1000,Potentiody-1mic Polarzation until a stable pit formed then Potentiostatic Polarization at pitting potential to monitior pit growth,1.00,-1,-1,Al Alloy,2
35.95,20.01,39.13,4.85,0.00,0.04,0.00,0.00,0.01,0.01,0.00,0.00,0.00,0.00,0.00,0.00,0.00,0.00,0.00,0.00,0.00,0.00,0.00,0.00,1000.00,24,1.00,0.1000,Potentiody-1mic Polarization,0.17,"In this technique, the base composition is melted and part of the melt is cast into an ingot. To the balance of the melt, the required molybdenum addition is made and the next ingot is cast. This process is repeated until a series of the desired positions is cast. By this procedure, the residual and impurity elements, which were intended to be in the range commonly present in commercial stainless steels, were held essentially constant within each series. The ingots were hot-forged and hot-rolled to a thickness of 0.76 cm and then cold-rolled to 0.38 cm. The 13% nickel steels were annealed at 1120C for 1 hr and water-quenched. The 39% nickel steels and the high-purity alloys were annealed at 1150C for 1 hr and water-quenched.",-1,test area 0.07 cm2; 0.3 um surface finish,2
21.70,20.20,0.00,0.00,0.00,0.00,0.00,0.00,0.01,0.01,24.70,0.00,0.00,10.50,0.00,0.00,0.00,0.00,0.00,22.90,0.00,0.00,0.00,0.00,-130.00,25,7.00,0.6000,"Potentiody-1mic Polarization in a three electrode flat cell, prior to anodic sweep OCP measured for 30 mins",1.00,-1,3,HEA,3
8.00,0.00,4.00,0.00,0.00,0.00,0.00,0.00,0.00,0.01,0.00,0.00,0.00,28.00,11.00,0.00,0.00,0.00,49.00,0.00,0.00,0.00,0.00,0.00,263.00,25,7.00,0.6000,"Potentiody-1mic Polarization in a three electrode flat cell, prior to anodic sweep OCP measured for 30 mins",1.00,-1,-1,HEA,3
0.00,25.00,0.00,0.00,0.00,0.00,0.00,0.00,14.00,0.01,0.00,0.00,0.00,13.00,25.00,0.00,0.00,0.00,23.00,0.00,0.00,0.00,0.00,0.00,11.00,25,7.00,0.6000,"Potentiody-1mic Polarization in a three electrode flat cell, prior to anodic sweep OCP measured for 30 mins",1.00,-1,-1,HEA,3
22.00,21.00,24.00,0.00,0.00,0.00,0.00,0.00,0.00,0.01,0.00,0.00,0.00,9.00,0.00,0.00,0.00,0.00,0.00,24.00,0.00,0.00,0.00,0.00,164.00,25,7.00,0.6000,"Potentiody-1mic Polarization in a three electrode flat cell, prior to anodic sweep OCP measured for 30 mins",1.00,-1,3,HEA,3
25.00,23.00,26.00,0.00,0.00,0.00,0.00,0.00,0.00,0.01,0.00,0.00,0.00,0.00,0.00,0.00,0.00,0.00,0.00,26.00,0.00,0.00,0.00,0.00,-8.00,25,7.00,0.6000,"Potentiody-1mic Polarization in a three electrode flat cell, prior to anodic sweep OCP measured for 30 mins",1.00,-1,5,HEA,3
23.00,21.00,24.00,0.00,0.00,0.00,0.00,0.00,0.00,0.01,0.00,0.00,0.00,0.00,0.00,0.00,0.00,0.00,8.00,24.00,0.00,0.00,0.00,0.00,1040.00,25,7.00,0.6000,"Potentiody-1mic Polarization in a three electrode flat cell, prior to anodic sweep OCP measured for 30 mins",1.00,-1,-1,HEA,3
24.58,25.12,25.92,0.00,0.00,0.00,0.00,0.00,0.01,0.01,0.00,0.00,0.00,0.00,0.00,0.00,0.00,0.00,0.00,24.90,0.00,0.00,0.00,0.00,310.00,25,7.00,0.6128,Potentiody-1mic Polarization in a three electrode flat cell,1.00,-1,1,HEA,3
20.47,16.48,25.48,0.00,0.00,0.00,0.00,0.00,0.01,0.01,13.49,0.00,0.00,0.00,0.00,0.00,0.00,0.00,0.00,23.99,0.00,0.00,0.00,0.00,90.00,25,7.00,0.6128,Potentiody-1mic Polarization in a three electrode flat cell,1.00,-1,1,HEA,3
18.78,16.25,21.78,0.00,0.00,0.00,0.00,0.00,0.01,0.01,21.69,0.00,0.00,0.00,0.00,0.00,0.00,0.00,0.00,21.50,0.00,0.00,0.00,0.00,80.00,25,7.00,0.6128,Potentiody-1mic Polarization in a three electrode flat cell,1.00,-1,1,HEA,3
17.87,16.65,18.79,0.00,0.00,0.00,0.00,0.03,8.99,0.00,10.17,0.01,0.00,8.63,0.00,0.00,0.00,0.00,0.00,18.86,0.00,0.00,0.00,0.00,580.00,25,7.00,0.1000,Potentiody-1mic Polarization in a three electrode flat cell until 100mA or 1.241 VSCE,1.00,-1,6,HEA,3
17.87,16.65,18.79,0.00,0.00,0.00,0.00,0.03,8.99,0.00,10.17,0.01,0.00,8.63,0.00,0.00,0.00,0.00,0.00,18.86,0.00,0.00,0.00,0.00,-250.00,25,7.00,1.0000,Potentiody-1mic Polarization in a three electrode flat cell until 100mA or 1.241 VSCE,1.00,-1,6,HEA,3
23.40,21.80,24.60,0.00,0.00,0.00,0.00,0.00,0.01,0.01,0.00,0.00,0.00,5.60,0.00,0.00,0.00,0.00,0.00,24.70,0.00,0.00,0.00,0.00,130.00,25,7.00,0.6128,Potentiody-1mic Polarization,1.00,as-cast,1,HEA,3
23.40,21.80,24.60,0.00,0.00,0.00,0.00,0.00,0.01,0.01,0.00,0.00,0.00,5.60,0.00,0.00,0.00,0.00,0.00,24.70,0.00,0.00,0.00,0.00,180.00,25,7.00,0.6128,Potentiody-1mic Polarization,1.00,Aged in Ar for 24 hrs @ 350C,3,HEA,3
23.40,21.80,24.60,0.00,0.00,0.00,0.00,0.00,0.01,0.01,0.00,0.00,0.00,5.60,0.00,0.00,0.00,0.00,0.00,24.70,0.00,0.00,0.00,0.00,280.00,25,7.00,0.6128,Potentiody-1mic Polarization,1.00,Aged in Ar for 24 hrs @ 500C,3,HEA,3
23.40,21.80,24.60,0.00,0.00,0.00,0.00,0.00,0.01,0.01,0.00,0.00,0.00,5.60,0.00,0.00,0.00,0.00,0.00,24.70,0.00,0.00,0.00,0.00,710.00,25,7.00,0.6128,Potentiody-1mic Polarization,1.00,Aged in Ar for 24 hrs @ 650C,3,HEA,3
23.40,21.80,24.60,0.00,0.00,0.00,0.00,0.00,0.01,0.01,0.00,0.00,0.00,5.60,0.00,0.00,0.00,0.00,0.00,24.70,0.00,0.00,0.00,0.00,140.00,25,7.00,0.6128,Potentiody-1mic Polarization,1.00,Aged in Ar for 24 hrs @ 950C,3,HEA,3
23.40,21.80,24.60,0.00,0.00,0.00,0.00,0.00,0.01,0.01,0.00,0.00,0.00,5.60,0.00,0.00,0.00,0.00,0.00,24.70,0.00,0.00,0.00,0.00,180.00,25,7.00,0.6128,Potentiody-1mic Polarization,1.00,Aged in Ar for 24 hrs @ 800C,3,HEA,3
31.00,0.00,33.00,0.00,0.00,0.00,0.00,0.00,16.00,0.00,0.00,0.00,0.00,14.00,0.00,0.00,0.00,0.00,0.00,0.00,6.00,0.00,0.00,0.00,-602.00,25,7.00,0.0182,"Potentiody-1mic Polarization in a three electrode flat cell, prior to anodic sweep OCP measured for 30 mins",3.00,"as-milled powders consolidated by SPS @520C for 10 min, heating rate 40C/min, 80MPa in Ar, cooled freely",3,HEA,3
38.03,23.63,13.33,0.00,0.00,0.00,0.00,0.00,0.00,24.99,0.00,0.00,0.00,0.00,0.00,0.00,0.00,0.00,0.00,0.00,0.00,0.00,0.00,0.00,931.00,25,0.00,0.0000,"Potentiody-1mic Polarization in a the electrode flat cell, prior to swwep help at OCP then cathodically polarizes for 300s to remove surface films",1.00,-1,3,HEA,3
36.68,22.79,12.86,0.00,0.00,0.00,0.00,0.00,0.00,24.10,0.00,0.00,0.00,3.55,0.00,0.00,0.00,0.00,0.00,0.00,0.00,0.00,0.00,0.00,923.00,25,0.00,0.0000,"Potentiody-1mic Polarization in a the electrode flat cell, prior to swwep help at OCP then cathodically polarizes for 300s to remove surface films",1.00,-1,3,HEA,3
25.00,23.00,26.00,0.00,0.00,0.00,0.00,0.00,0.01,0.01,0.00,0.00,0.00,0.00,0.00,0.00,0.00,0.00,0.00,26.00,0.00,0.00,0.00,0.00,805.00,25,7.00,0.1000,"Potentiody-1mic Polarization in a three electrode flat cell, prior to anodic sweep OCP measured for 30 mins",1.00,-1,-1,HEA,3
25.00,23.00,26.00,0.00,0.00,0.00,0.00,0.00,0.01,0.01,0.00,0.00,0.00,0.00,0.00,0.00,0.00,0.00,0.00,26.00,0.00,0.00,0.00,0.00,246.00,25,1.00,0.1000,"Potentiody-1mic Polarization in a three electrode flat cell, prior to anodic sweep OCP measured for 30 mins",1.00,-1,-1,HEA,3
23.90,22.30,25.10,0.00,0.00,0.00,0.00,0.00,0.01,0.01,0.00,0.00,0.00,3.50,0.00,0.00,0.00,0.00,0.00,25.20,0.00,0.00,0.00,0.00,808.00,25,7.00,0.6128,"Potentiody-1mic Polarization in a three electrode flat cell, prior to anodic sweep OCP measured for 30 mins",1.67,"Annealed at 1250C for 1000hr, water quenched",1,HEA,3
23.40,21.80,24.60,0.00,0.00,0.00,0.00,0.00,0.01,0.01,0.00,0.00,0.00,5.60,0.00,0.00,0.00,0.00,0.00,24.70,0.00,0.00,0.00,0.00,496.00,25,7.00,0.6128,"Potentiody-1mic Polarization in a three electrode flat cell, prior to anodic sweep OCP measured for 30 mins",1.67,"Annealed at 1250C for 1000hr, water quenched",3,HEA,3
22.90,21.30,24.00,0.00,0.00,0.00,0.00,0.00,0.01,0.01,0.00,0.00,0.00,7.70,0.00,0.00,0.00,0.00,0.00,24.10,0.00,0.00,0.00,0.00,256.00,25,7.00,0.6128,"Potentiody-1mic Polarization in a three electrode flat cell, prior to anodic sweep OCP measured for 30 mins",1.67,"Annealed at 1250C for 1000hr, water quenched",3,HEA,3
19.98,18.40,40.84,0.00,0.00,0.00,0.00,0.02,0.01,0.01,0.00,0.00,0.00,0.00,0.00,0.00,0.00,0.00,0.00,20.67,0.00,0.00,0.00,0.00,320.00,25,7.00,0.6128,Potentiody-1mic Polarization in a three electrode flat cell,1.00,-1,-1,HEA,3
18.46,16.95,37.81,7.64,0.00,0.00,0.00,0.02,0.01,0.01,0.00,0.00,0.00,0.00,0.00,0.00,0.00,0.00,0.00,18.99,0.00,0.00,0.00,0.00,910.00,25,7.00,0.6128,Potentiody-1mic Polarization in a three electrode flat cell,1.00,-1,-1,HEA,3
0.00,13.31,81.45,5.24,0.00,0.00,0.00,0.00,0.01,0.01,0.00,0.00,0.00,0.00,0.00,0.00,0.00,0.00,0.00,0.00,0.00,0.00,0.00,0.00,262.10,45,7.00,0.5000,Potentiostatic Polarization,-1.00,-1,-1,NiCrMo Alloy,4
0.00,20.53,74.55,4.92,0.00,0.00,0.00,0.00,0.01,0.01,0.00,0.00,0.00,0.00,0.00,0.00,0.00,0.00,0.00,0.00,0.00,0.00,0.00,0.00,576.80,45,7.00,0.5000,Potentiostatic Polarization,-1.00,-1,-1,NiCrMo Alloy,4
0.00,16.75,73.56,9.69,0.00,0.00,0.00,0.00,0.01,0.01,0.00,0.00,0.00,0.00,0.00,0.00,0.00,0.00,0.00,0.00,0.00,0.00,0.00,0.00,576.80,45,7.00,0.5000,Potentiostatic Polarization,-1.00,-1,-1,NiCrMo Alloy,4
0.00,32.02,62.82,5.16,0.00,0.00,0.00,0.00,0.01,0.01,0.00,0.00,0.00,0.00,0.00,0.00,0.00,0.00,0.00,0.00,0.00,0.00,0.00,0.00,567.80,45,7.00,0.5000,Potentiostatic Polarization,-1.00,-1,-1,NiCrMo Alloy,4
0.00,13.98,74.36,11.66,0.00,0.00,0.00,0.00,0.01,0.01,0.00,0.00,0.00,0.00,0.00,0.00,0.00,0.00,0.00,0.00,0.00,0.00,0.00,0.00,531.80,45,7.00,0.5000,Potentiostatic Polarization,-1.00,-1,-1,NiCrMo Alloy,4
0.00,10.53,74.44,15.03,0.00,0.00,0.00,0.00,0.01,0.01,0.00,0.00,0.00,0.00,0.00,0.00,0.00,0.00,0.00,0.00,0.00,0.00,0.00,0.00,536.30,45,7.00,0.5000,Potentiostatic Polarization,-1.00,-1,-1,NiCrMo Alloy,4
0.00,13.06,72.04,14.90,0.00,0.00,0.00,0.00,0.01,0.01,0.00,0.00,0.00,0.00,0.00,0.00,0.00,0.00,0.00,0.00,0.00,0.00,0.00,0.00,590.40,45,7.00,0.5000,Potentiostatic Polarization,-1.00,-1,-1,NiCrMo Alloy,4
0.00,26.34,54.35,19.30,0.00,0.00,0.00,0.00,0.01,0.01,0.00,0.00,0.00,0.00,0.00,0.00,0.00,0.00,0.00,0.00,0.00,0.00,0.00,0.00,527.30,45,7.00,0.5000,Potentiostatic Polarization,0.10,550 °C for1 Hrs,-1,NiCrMo Alloy,4
0.00,13.31,81.45,5.24,0.00,0.00,0.00,0.00,0.01,0.01,0.00,0.00,0.00,0.00,0.00,0.00,0.00,0.00,0.00,0.00,0.00,0.00,0.00,0.00,299.70,60,7.00,0.5000,Potentiostatic Polarization,0.10,150 °C for 25 Hrs,7,NiCrMo Alloy,4
0.00,20.53,74.55,4.92,0.00,0.00,0.00,0.00,0.01,0.01,0.00,0.00,0.00,0.00,0.00,0.00,0.00,0.00,0.00,0.00,0.00,0.00,0.00,0.00,445.30,60,7.00,0.5000,Potentiostatic Polarization,0.10,550 °C for1 Hrs,7,NiCrMo Alloy,4
0.00,16.95,74.64,8.41,0.00,0.00,0.00,0.00,0.01,0.01,0.00,0.00,0.00,0.00,0.00,0.00,0.00,0.00,0.00,0.00,0.00,0.00,0.00,0.00,477.50,60,7.00,0.5000,Potentiostatic Polarization,0.10,Rapid Solidification by deposition of molten alloys on a cooled wheel,8,NiCrMo Alloy,4
0.00,28.67,65.94,5.38,0.00,0.00,0.00,0.00,0.01,0.01,0.00,0.00,0.00,0.00,0.00,0.00,0.00,0.00,0.00,0.00,0.00,0.00,0.00,0.00,554.70,60,7.00,0.5000,Potentiostatic Polarization,0.10,150 °C for 25 Hrs,-1,NiCrMo Alloy,4
0.00,16.75,73.56,9.69,0.00,0.00,0.00,0.00,0.01,0.01,0.00,0.00,0.00,0.00,0.00,0.00,0.00,0.00,0.00,0.00,0.00,0.00,0.00,0.00,496.80,60,7.00,0.5000,Potentiostatic Polarization,0.10,550 °C for1 Hrs,-1,NiCrMo Alloy,4
0.00,32.02,62.82,5.16,0.00,0.00,0.00,0.00,0.01,0.01,0.00,0.00,0.00,0.00,0.00,0.00,0.00,0.00,0.00,0.00,0.00,0.00,0.00,0.00,348.90,60,7.00,0.5000,Potentiostatic Polarization,0.20,-1,-1,NiCrMo Alloy,4
0.00,26.63,66.50,6.87,0.00,0.00,0.00,0.00,0.01,0.01,0.00,0.00,0.00,0.00,0.00,0.00,0.00,0.00,0.00,0.00,0.00,0.00,0.00,0.00,580.40,60,7.00,0.5000,Potentiostatic Polarization,0.20,-1,-1,NiCrMo Alloy,4
0.00,13.98,74.36,11.66,0.00,0.00,0.00,0.00,0.01,0.01,0.00,0.00,0.00,0.00,0.00,0.00,0.00,0.00,0.00,0.00,0.00,0.00,0.00,0.00,438.90,60,7.00,0.5000,Potentiostatic Polarization,0.20,-1,-1,NiCrMo Alloy,4
0.00,10.53,74.44,15.03,0.00,0.00,0.00,0.00,0.01,0.01,0.00,0.00,0.00,0.00,0.00,0.00,0.00,0.00,0.00,0.00,0.00,0.00,0.00,0.00,368.20,60,7.00,0.5000,Potentiostatic Polarization,0.20,-1,-1,NiCrMo Alloy,4
0.00,13.06,72.04,14.90,0.00,0.00,0.00,0.00,0.01,0.01,0.00,0.00,0.00,0.00,0.00,0.00,0.00,0.00,0.00,0.00,0.00,0.00,0.00,0.00,548.20,60,7.00,0.5000,Potentiostatic Polarization,0.20,-1,-1,NiCrMo Alloy,4
0.00,18.30,66.67,15.03,0.00,0.00,0.00,0.00,0.01,0.01,0.00,0.00,0.00,0.00,0.00,0.00,0.00,0.00,0.00,0.00,0.00,0.00,0.00,0.00,503.20,60,7.00,0.5000,Potentiostatic Polarization,0.20,-1,-1,NiCrMo Alloy,4
0.00,9.52,69.41,21.07,0.00,0.00,0.00,0.00,0.01,0.01,0.00,0.00,0.00,0.00,0.00,0.00,0.00,0.00,0.00,0.00,0.00,0.00,0.00,0.00,561.10,60,7.00,0.5000,Potentiostatic Polarization,0.20,-1,-1,NiCrMo Alloy,4
0.00,19.04,57.97,22.98,0.00,0.00,0.00,0.00,0.01,0.01,0.00,0.00,0.00,0.00,0.00,0.00,0.00,0.00,0.00,0.00,0.00,0.00,0.00,0.00,561.10,60,7.00,0.5000,Potentiostatic Polarization,0.20,-1,-1,NiCrMo Alloy,4
0.00,13.31,81.45,5.24,0.00,0.00,0.00,0.00,0.01,0.01,0.00,0.00,0.00,0.00,0.00,0.00,0.00,0.00,0.00,0.00,0.00,0.00,0.00,0.00,223.80,75,7.00,0.5000,Potentiostatic Polarization,0.20,-1,-1,NiCrMo Alloy,4
0.00,20.53,74.55,4.92,0.00,0.00,0.00,0.00,0.01,0.01,0.00,0.00,0.00,0.00,0.00,0.00,0.00,0.00,0.00,0.00,0.00,0.00,0.00,0.00,541.80,75,7.00,0.5000,Potentiostatic Polarization,-1.00,-1,-1,NiCrMo Alloy,4
0.00,16.95,74.64,8.41,0.00,0.00,0.00,0.00,0.01,0.01,0.00,0.00,0.00,0.00,0.00,0.00,0.00,0.00,0.00,0.00,0.00,0.00,0.00,0.00,228.30,75,7.00,0.5000,Potentiostatic Polarization,-1.00,-1,-1,NiCrMo Alloy,4
0.00,28.67,65.94,5.38,0.00,0.00,0.00,0.00,0.01,0.01,0.00,0.00,0.00,0.00,0.00,0.00,0.00,0.00,0.00,0.00,0.00,0.00,0.00,0.00,561.10,75,7.00,0.5000,Potentiostatic Polarization,-1.00,-1,-1,NiCrMo Alloy,4
0.00,16.75,73.56,9.69,0.00,0.00,0.00,0.00,0.01,0.01,0.00,0.00,0.00,0.00,0.00,0.00,0.00,0.00,0.00,0.00,0.00,0.00,0.00,0.00,368.20,75,7.00,0.5000,Potentiostatic Polarization,-1.00,-1,-1,NiCrMo Alloy,4
0.00,32.02,62.82,5.16,0.00,0.00,0.00,0.00,0.01,0.01,0.00,0.00,0.00,0.00,0.00,0.00,0.00,0.00,0.00,0.00,0.00,0.00,0.00,0.00,411.60,75,7.00,0.5000,Potentiostatic Polarization,-1.00,-1,-1,NiCrMo Alloy,4
0.00,13.98,74.36,11.66,0.00,0.00,0.00,0.00,0.01,0.01,0.00,0.00,0.00,0.00,0.00,0.00,0.00,0.00,0.00,0.00,0.00,0.00,0.00,0.00,435.70,75,7.00,0.5000,Potentiostatic Polarization,-1.00,-1,-1,NiCrMo Alloy,4
0.00,10.53,74.44,15.03,0.00,0.00,0.00,0.00,0.01,0.01,0.00,0.00,0.00,0.00,0.00,0.00,0.00,0.00,0.00,0.00,0.00,0.00,0.00,0.00,377.80,75,7.00,0.5000,Potentiostatic Polarization,-1.00,-1,-1,NiCrMo Alloy,4
0.00,13.06,72.04,14.90,0.00,0.00,0.00,0.00,0.01,0.01,0.00,0.00,0.00,0.00,0.00,0.00,0.00,0.00,0.00,0.00,0.00,0.00,0.00,0.00,479.10,75,7.00,0.5000,Potentiostatic Polarization,-1.00,-1,-1,NiCrMo Alloy,4
0.00,22.59,65.14,12.27,0.00,0.00,0.00,0.00,0.01,0.01,0.00,0.00,0.00,0.00,0.00,0.00,0.00,0.00,0.00,0.00,0.00,0.00,0.00,0.00,570.70,75,7.00,0.5000,Potentiostatic Polarization,-1.00,-1,-1,NiCrMo Alloy,4
0.00,26.52,61.68,11.80,0.00,0.00,0.00,0.00,0.01,0.01,0.00,0.00,0.00,0.00,0.00,0.00,0.00,0.00,0.00,0.00,0.00,0.00,0.00,0.00,493.60,75,7.00,0.5000,Potentiostatic Polarization,-1.00,-1,-1,NiCrMo Alloy,4
0.00,18.30,66.67,15.03,0.00,0.00,0.00,0.00,0.01,0.01,0.00,0.00,0.00,0.00,0.00,0.00,0.00,0.00,0.00,0.00,0.00,0.00,0.00,0.00,585.20,75,7.00,0.5000,Potentiostatic Polarization,-1.00,-1,-1,NiCrMo Alloy,4
0.00,9.52,69.41,21.07,0.00,0.00,0.00,0.00,0.01,0.01,0.00,0.00,0.00,0.00,0.00,0.00,0.00,0.00,0.00,0.00,0.00,0.00,0.00,0.00,426.00,75,7.00,0.5000,Potentiostatic Polarization,0.20,-1,-1,NiCrMo Alloy,4
0.00,19.04,57.97,22.98,0.00,0.00,0.00,0.00,0.01,0.01,0.00,0.00,0.00,0.00,0.00,0.00,0.00,0.00,0.00,0.00,0.00,0.00,0.00,0.00,398.70,75,7.00,0.5000,Potentiostatic Polarization,1.00,-1,-1,NiCrMo Alloy,4
0.00,13.31,81.45,5.24,0.00,0.00,0.00,0.00,0.01,0.01,0.00,0.00,0.00,0.00,0.00,0.00,0.00,0.00,0.00,0.00,0.00,0.00,0.00,0.00,204.20,90,7.00,0.5000,Potentiostatic Polarization,0.20,-1,-1,NiCrMo Alloy,4
0.00,20.53,74.55,4.92,0.00,0.00,0.00,0.00,0.01,0.01,0.00,0.00,0.00,0.00,0.00,0.00,0.00,0.00,0.00,0.00,0.00,0.00,0.00,0.00,499.00,90,7.00,0.5000,Potentiostatic Polarization,0.20,-1,-1,NiCrMo Alloy,4
0.00,16.95,74.64,8.41,0.00,0.00,0.00,0.00,0.01,0.01,0.00,0.00,0.00,0.00,0.00,0.00,0.00,0.00,0.00,0.00,0.00,0.00,0.00,0.00,259.80,90,7.00,0.5000,Potentiostatic Polarization,0.20,-1,-1,NiCrMo Alloy,4
0.00,28.67,65.94,5.38,0.00,0.00,0.00,0.00,0.01,0.01,0.00,0.00,0.00,0.00,0.00,0.00,0.00,0.00,0.00,0.00,0.00,0.00,0.00,0.00,540.80,90,7.00,0.5000,Potentiostatic Polarization,0.20,-1,-1,NiCrMo Alloy,4
0.00,16.75,73.56,9.69,0.00,0.00,0.00,0.00,0.01,0.01,0.00,0.00,0.00,0.00,0.00,0.00,0.00,0.00,0.00,0.00,0.00,0.00,0.00,0.00,479.70,90,7.00,0.5000,Potentiostatic Polarization,0.20,-1,-1,NiCrMo Alloy,4
0.00,32.02,62.82,5.16,0.00,0.00,0.00,0.00,0.01,0.01,0.00,0.00,0.00,0.00,0.00,0.00,0.00,0.00,0.00,0.00,0.00,0.00,0.00,0.00,558.80,90,7.00,0.5000,Potentiostatic Polarization,0.20,-1,-1,NiCrMo Alloy,4
0.00,13.98,74.36,11.66,0.00,0.00,0.00,0.00,0.01,0.01,0.00,0.00,0.00,0.00,0.00,0.00,0.00,0.00,0.00,0.00,0.00,0.00,0.00,0.00,394.90,90,7.00,0.5000,Potentiostatic Polarization,1.00,-1,-1,NiCrMo Alloy,4
0.00,10.53,74.44,15.03,0.00,0.00,0.00,0.00,0.01,0.01,0.00,0.00,0.00,0.00,0.00,0.00,0.00,0.00,0.00,0.00,0.00,0.00,0.00,0.00,259.20,90,7.00,0.5000,Potentiostatic Polarization,1.00,-1,-1,NiCrMo Alloy,4
0.00,13.06,72.04,14.90,0.00,0.00,0.00,0.00,0.01,0.01,0.00,0.00,0.00,0.00,0.00,0.00,0.00,0.00,0.00,0.00,0.00,0.00,0.00,0.00,288.70,90,7.00,0.5000,Potentiostatic Polarization,1.00,-1,-1,NiCrMo Alloy,4
0.00,22.59,65.14,12.27,0.00,0.00,0.00,0.00,0.01,0.01,0.00,0.00,0.00,0.00,0.00,0.00,0.00,0.00,0.00,0.00,0.00,0.00,0.00,0.00,531.80,90,7.00,0.5000,Potentiostatic Polarization,1.00,-1,-1,NiCrMo Alloy,4
0.00,26.52,61.68,11.80,0.00,0.00,0.00,0.00,0.01,0.01,0.00,0.00,0.00,0.00,0.00,0.00,0.00,0.00,0.00,0.00,0.00,0.00,0.00,0.00,342.80,90,7.00,0.5000,Potentiostatic Polarization,1.00,-1,-1,NiCrMo Alloy,4
0.00,18.30,66.67,15.03,0.00,0.00,0.00,0.00,0.01,0.01,0.00,0.00,0.00,0.00,0.00,0.00,0.00,0.00,0.00,0.00,0.00,0.00,0.00,0.00,504.80,90,7.00,0.5000,Potentiostatic Polarization,1.00,-1,-1,NiCrMo Alloy,4
0.00,29.27,56.08,14.64,0.00,0.00,0.00,0.00,0.01,0.01,0.00,0.00,0.00,0.00,0.00,0.00,0.00,0.00,0.00,0.00,0.00,0.00,0.00,0.00,559.00,90,7.00,0.5000,Potentiostatic Polarization,0.20,-1,-1,NiCrMo Alloy,4
0.00,9.52,69.41,21.07,0.00,0.00,0.00,0.00,0.01,0.01,0.00,0.00,0.00,0.00,0.00,0.00,0.00,0.00,0.00,0.00,0.00,0.00,0.00,0.00,473.30,90,7.00,0.5000,Potentiostatic Polarization,1.00,-1,-1,NiCrMo Alloy,4
0.00,26.34,54.35,19.30,0.00,0.00,0.00,0.00,0.01,0.01,0.00,0.00,0.00,0.00,0.00,0.00,0.00,0.00,0.00,0.00,0.00,0.00,0.00,0.00,70.70,90,7.00,0.5000,Potentiostatic Polarization,1.00,-1,-1,NiCrMo Alloy,4
0.00,19.04,57.97,22.98,0.00,0.00,0.00,0.00,0.01,0.01,0.00,0.00,0.00,0.00,0.00,0.00,0.00,0.00,0.00,0.00,0.00,0.00,0.00,0.00,472.00,90,7.00,0.5000,Potentiostatic Polarization,1.00,-1,-1,NiCrMo Alloy,4
0.00,0.00,0.00,0.00,0.00,0.00,0.00,0.00,0.01,0.01,0.00,0.00,0.00,100.00,0.00,0.00,0.00,0.00,0.00,0.00,0.00,0.00,0.00,0.00,-530.00,25,7.00,1.0000,Potentiody-1mic Polarization,1.00,-1,7,Al Alloy,5
0.00,0.00,0.00,0.00,0.00,0.00,0.00,0.00,0.01,0.01,1.00,0.00,0.00,99.00,0.00,0.00,0.00,0.00,0.00,0.00,0.00,0.00,0.00,0.00,-440.00,25,7.00,1.0000,Potentiody-1mic Polarization,0.10,-1,7,Al Alloy,5
0.00,0.00,0.00,0.00,0.00,0.00,0.00,0.00,0.01,0.01,2.00,0.00,0.00,98.00,0.00,0.00,0.00,0.00,0.00,0.00,0.00,0.00,0.00,0.00,-410.00,25,7.00,1.0000,Potentiody-1mic Polarization,0.10,-1,7,Al Alloy,5
0.00,0.00,0.00,0.00,0.00,0.00,0.00,0.00,0.01,0.01,3.00,0.00,0.00,97.00,0.00,0.00,0.00,0.00,0.00,0.00,0.00,0.00,0.00,0.00,-390.00,25,7.00,1.0000,Potentiody-1mic Polarization,0.10,-1,8,Al Alloy,5
0.00,0.00,0.00,0.00,0.00,0.00,0.00,0.00,0.01,0.01,4.00,0.00,0.00,96.00,0.00,0.00,0.00,0.00,0.00,0.00,0.00,0.00,0.00,0.00,-360.00,25,7.00,1.0000,Potentiody-1mic Polarization,0.10,-1,7,Al Alloy,5
0.00,0.00,0.00,0.00,0.00,0.00,0.00,0.00,0.01,0.01,5.00,0.00,0.00,95.00,0.00,0.00,0.00,0.00,0.00,0.00,0.00,0.00,0.00,0.00,-320.00,25,7.00,1.0000,Potentiody-1mic Polarization,0.10,-1,8,Al Alloy,5
0.00,0.00,0.00,0.00,0.00,0.00,0.00,0.00,0.01,0.01,0.00,0.00,0.00,100.00,0.00,0.00,0.00,0.00,0.00,0.00,0.00,0.00,0.00,0.00,-650.00,25,7.00,0.6000,"Potentiody-1mic Polarization in a three electrode flat cell, prior to anodic sweep OCP measured for 1 hr",0.10,-1,-1,Al Alloy,5
0.00,0.00,0.00,0.00,0.00,0.00,0.00,0.00,0.01,0.01,0.00,0.00,0.00,100.00,0.00,0.00,0.00,0.00,0.00,0.00,0.00,0.00,0.00,0.00,-376.00,25,7.00,0.6000,"Potentiody-1mic Polarization in a three electrode flat cell, prior to anodic sweep OCP measured for 1 hr",0.10,-1,-1,Al Alloy,5
0.00,0.00,15.76,0.00,0.00,0.00,0.00,0.00,0.01,0.01,0.00,0.00,0.00,72.44,0.00,0.00,0.00,0.00,0.00,0.00,0.00,0.00,11.80,0.00,-237.00,25,7.00,0.6000,"Potentiody-1mic Polarization in a three electrode flat cell, prior to anodic sweep OCP measured for 1 hr",0.10,-1,7,Al Alloy,5
7.99,0.00,0.00,0.00,0.00,0.00,0.00,0.00,0.01,0.01,0.00,0.00,0.00,69.50,0.00,0.00,0.00,0.00,0.00,0.00,0.00,0.00,0.00,22.50,-99.00,25,7.00,0.6000,"Potentiody-1mic Polarization in a three electrode flat cell, prior to anodic sweep OCP measured for 1 hr",0.10,-1,7,Al Alloy,5
0.00,0.00,15.76,0.00,0.00,0.00,0.00,0.00,0.01,0.01,0.00,0.00,0.00,72.44,0.00,0.00,0.00,0.00,0.00,0.00,0.00,0.00,11.80,0.00,-133.00,25,7.00,0.6000,"Potentiody-1mic Polarization in a three electrode flat cell, prior to anodic sweep OCP measured for 1 hr",0.10,150 °C for 25 hours,7,Al Alloy,5
7.99,0.00,0.00,0.00,0.00,0.00,0.00,0.00,0.01,0.01,0.00,0.00,0.00,69.50,0.00,0.00,0.00,0.00,0.00,0.00,0.00,0.00,0.00,22.50,-44.00,25,7.00,0.6000,"Potentiody-1mic Polarization in a three electrode flat cell, prior to anodic sweep OCP measured for 1 hr",0.10,150 °C for 25 hours,7,Al Alloy,5
0.00,0.00,15.76,0.00,0.00,0.00,0.00,0.00,0.01,0.01,0.00,0.00,0.00,72.44,0.00,0.00,0.00,0.00,0.00,0.00,0.00,0.00,11.80,0.00,-143.00,25,7.00,0.6000,"Potentiody-1mic Polarization in a three electrode flat cell, prior to anodic sweep OCP measured for 1 hr",0.10,550 °C for 1 hour,8,Al Alloy,5
5.00,0.00,0.00,0.00,0.00,0.00,0.00,0.00,0.01,0.01,0.00,0.00,0.00,90.00,0.00,0.00,0.00,0.00,0.00,0.00,0.00,0.00,0.00,5.00,-499.00,25,7.00,0.6000,"Potentiody-1mic Polarization in a three electrode flat cell, prior to anodic sweep OCP measured for 1 hr",0.10,551 °C for 1 hour,8,Al Alloy,5
0.00,0.00,0.00,0.00,0.00,0.00,0.00,0.00,0.01,0.01,0.00,0.00,0.00,100.00,0.00,0.00,0.00,0.00,0.00,0.00,0.00,0.00,0.00,0.00,-376.00,25,5.90,0.6000,"Potentiody-1mic Polarization in a three electrode flat cell, prior to anodic sweep OCP measured for 1 hr",0.10,-1,-1,Al Alloy,5
7.99,0.00,0.00,0.00,0.00,0.00,0.00,0.00,0.01,0.01,0.00,0.00,0.00,69.50,0.00,0.00,0.00,0.00,0.00,0.00,0.00,0.00,0.00,22.50,-99.00,25,5.90,0.6000,"Potentiody-1mic Polarization in a three electrode flat cell, prior to anodic sweep OCP measured for 1 hr",0.10,-1,7,Al Alloy,5
7.99,0.00,0.00,0.00,0.00,0.00,0.00,0.00,0.01,0.01,0.00,0.00,0.00,69.50,0.00,0.00,0.00,0.00,0.00,0.00,0.00,0.00,0.00,22.50,44.00,25,5.90,0.6000,"Potentiody-1mic Polarization in a three electrode flat cell, prior to anodic sweep OCP measured for 1 hr",0.10,150 °C for 25 hrs and H2O quenched,7,Al Alloy,5
7.99,0.00,0.00,0.00,0.00,0.00,0.00,0.00,0.01,0.01,0.00,0.00,0.00,69.50,0.00,0.00,0.00,0.00,0.00,0.00,0.00,0.00,0.00,22.50,-499.00,25,5.90,0.6000,"Potentiody-1mic Polarization in a three electrode flat cell, prior to anodic sweep OCP measured for 1 hr",0.10,550 °C for 1 hrs and H2O quenched,8,Al Alloy,5
0.00,0.00,0.00,0.00,0.00,0.00,0.00,0.00,0.01,0.01,0.00,0.00,0.00,100.00,0.00,0.00,0.00,0.00,0.00,0.00,0.00,0.00,0.00,0.00,-442.00,25,8.00,0.1000,Potentiostatic Polarization,-1.00,Annealed at 600 °C for 2h H2O quenched,-1,Al Alloy,5
0.00,0.00,0.00,7.41,0.00,0.00,0.00,0.00,0.01,0.01,0.00,0.00,0.00,92.59,0.00,0.00,0.00,0.00,0.00,0.00,0.00,0.00,0.00,0.00,-325.00,25,8.00,0.1000,Potentiostatic Polarization,-1.00,550 °C for 2 hrs and H2O quenched,-1,Al Alloy,5
0.00,0.00,0.00,23.13,0.00,0.00,0.00,0.00,0.01,0.01,0.00,0.00,0.00,76.87,0.00,0.00,0.00,0.00,0.00,0.00,0.00,0.00,0.00,0.00,-4.00,25,8.00,0.1000,Potentiostatic Polarization,-1.00,550 °C for 2 hrs and H2O quenched,-1,Al Alloy,5
0.00,0.00,0.00,32.66,0.00,0.00,0.00,0.00,0.01,0.01,0.00,0.00,0.00,67.34,0.00,0.00,0.00,0.00,0.00,0.00,0.00,0.00,0.00,0.00,250.00,25,8.00,0.1000,Potentiostatic Polarization,-1.00,550 °C for 2 hrs and H2O quenched,-1,Al Alloy,5
0.00,12.33,0.00,0.00,0.00,0.00,0.00,0.00,0.01,0.01,0.00,0.00,0.00,87.67,0.00,0.00,0.00,0.00,0.00,0.00,0.00,0.00,0.00,0.00,-232.00,25,8.00,0.1000,Potentiostatic Polarization,0.14,-1,-1,Al Alloy,5
0.00,14.35,0.00,0.00,0.00,0.00,0.00,0.00,0.01,0.01,0.00,0.00,0.00,85.65,0.00,0.00,0.00,0.00,0.00,0.00,0.00,0.00,0.00,0.00,-202.00,25,8.00,0.1000,Potentiostatic Polarization,-1.00,-1,-1,Al Alloy,5
0.00,23.88,0.00,0.00,0.00,0.00,0.00,0.00,0.01,0.01,0.00,0.00,0.00,76.12,0.00,0.00,0.00,0.00,0.00,0.00,0.00,0.00,0.00,0.00,-247.00,25,8.00,0.1000,Potentiostatic Polarization,-1.00,-1,-1,Al Alloy,5
0.00,0.00,0.00,0.00,0.00,0.00,0.00,0.00,0.01,0.01,0.00,0.00,0.00,100.00,0.00,0.00,0.00,0.00,0.00,0.00,0.00,0.00,0.00,0.00,-630.00,26,8.00,0.1000,"Potentiody-1mic Polarization in a three electrode flat cell, prior to anodic sweep OCP was mesured until stability for 6 mins",-1.00,-1,-1,Al Alloy,5
0.00,0.00,0.00,9.29,0.00,0.00,0.00,0.00,0.01,0.01,0.00,0.00,0.00,90.71,0.00,0.00,0.00,0.00,0.00,0.00,0.00,0.00,0.00,0.00,-485.00,25,8.00,0.1000,"Potentiody-1mic Polarization in a three electrode flat cell, prior to anodic sweep OCP was mesured until stability for 6 mins",-1.00,-1,-1,Al Alloy,5
0.00,0.00,0.00,16.88,0.00,0.00,0.00,0.00,0.01,0.01,0.00,0.00,0.00,83.12,0.00,0.00,0.00,0.00,0.00,0.00,0.00,0.00,0.00,0.00,-265.00,25,8.00,0.1000,"Potentiody-1mic Polarization in a three electrode flat cell, prior to anodic sweep OCP was mesured until stability for 6 mins",-1.00,-1,-1,Al Alloy,5
0.00,0.00,0.00,29.22,0.00,0.00,0.00,0.00,0.01,0.01,0.00,0.00,0.00,70.78,0.00,0.00,0.00,0.00,0.00,0.00,0.00,0.00,0.00,0.00,-130.00,25,8.00,0.1000,"Potentiody-1mic Polarization in a three electrode flat cell, prior to anodic sweep OCP was mesured until stability for 6 mins",-1.00,-1,-1,Al Alloy,5
0.00,0.00,0.00,9.91,0.00,0.00,0.00,0.00,0.01,0.01,0.00,0.00,0.00,90.09,0.00,0.00,0.00,0.00,0.00,0.00,0.00,0.00,0.00,0.00,-330.00,25,8.00,0.1000,"Potentiody-1mic Polarization in a three electrode flat cell, prior to anodic sweep OCP was mesured until stability for 6 mins",-1.00,-1,-1,Al Alloy,5
0.00,0.00,0.00,12.91,0.00,0.00,0.00,0.00,0.01,0.01,0.00,0.00,0.00,87.09,0.00,0.00,0.00,0.00,0.00,0.00,0.00,0.00,0.00,0.00,-330.00,25,8.00,0.1000,"Potentiody-1mic Polarization in a three electrode flat cell, prior to anodic sweep OCP was mesured until stability for 6 mins",-1.00,-1,-1,Al Alloy,5
0.00,0.00,0.00,15.77,0.00,0.00,0.00,0.00,0.01,0.01,0.00,0.00,0.00,84.23,0.00,0.00,0.00,0.00,0.00,0.00,0.00,0.00,0.00,0.00,-280.00,25,8.00,0.1000,"Potentiody-1mic Polarization in a three electrode flat cell, prior to anodic sweep OCP was mesured until stability for 6 mins",-1.00,-1,-1,Al Alloy,5
0.00,0.00,0.00,18.50,0.00,0.00,0.00,0.00,0.01,0.01,0.00,0.00,0.00,81.50,0.00,0.00,0.00,0.00,0.00,0.00,0.00,0.00,0.00,0.00,-200.00,25,8.00,0.1000,"Potentiody-1mic Polarization in a three electrode flat cell, prior to anodic sweep OCP was mesured until stability for 6 mins",-1.00,-1,-1,Al Alloy,5
0.00,0.00,0.00,24.11,0.00,0.00,0.00,0.00,0.01,0.01,0.00,0.00,0.00,75.89,0.00,0.00,0.00,0.00,0.00,0.00,0.00,0.00,0.00,0.00,-40.00,25,8.00,0.1000,"Potentiody-1mic Polarization in a three electrode flat cell, prior to anodic sweep OCP was mesured until stability for 6 mins",-1.00,-1,-1,Al Alloy,5
0.00,0.00,0.00,0.00,0.00,0.00,0.00,0.00,0.01,0.01,0.00,0.00,0.00,100.00,0.00,0.00,0.00,0.00,0.00,0.00,0.00,0.00,0.00,0.00,-605.00,25,7.00,0.0100,Potentiostatic Polarization for 24 hrs in deaerated Cl- solution,-1.00,-1,-1,Al Alloy,5
0.00,0.00,0.00,0.00,0.00,0.00,0.00,0.00,0.01,0.01,0.00,0.00,0.00,100.00,0.00,0.00,0.00,0.00,0.00,0.00,0.00,0.00,0.00,0.00,-685.00,25,7.00,0.1000,Potentiostatic Polarization for 24 hrs in deaerated Cl- solution,-1.00,-1,-1,Al Alloy,5
0.00,0.00,0.00,0.00,0.00,0.00,0.00,0.00,0.01,0.01,0.00,0.00,0.00,100.00,0.00,0.00,0.00,0.00,0.00,0.00,0.00,0.00,0.00,0.00,-730.00,25,7.00,0.5000,Potentiostatic Polarization for 24 hrs in deaerated Cl- solution,-1.00,-1,-1,Al Alloy,5
0.00,0.00,0.00,0.00,0.00,0.00,0.00,0.00,0.01,0.01,0.00,0.00,0.00,100.00,0.00,0.00,0.00,0.00,0.00,0.00,0.00,0.00,0.00,0.00,-745.00,25,7.00,1.0000,Potentiostatic Polarization for 24 hrs in deaerated Cl- solution,-1.00,-1,-1,Al Alloy,5
0.00,0.00,0.00,0.00,0.00,0.00,0.00,0.00,0.01,0.01,0.00,0.00,0.00,100.00,0.00,0.00,0.00,0.00,0.00,0.00,0.00,0.00,0.00,0.00,-680.00,25,4.00,0.1000,Potentiostatic Polarization for 24 hrs in deaerated Cl- solution,-1.00,-1,-1,Al Alloy,5
0.00,0.00,0.00,0.00,0.00,0.00,0.00,0.00,0.01,0.01,0.00,0.00,0.00,100.00,0.00,0.00,0.00,0.00,0.00,0.00,0.00,0.00,0.00,0.00,-685.00,25,5.80,0.1000,Potentiostatic Polarization for 24 hrs in deaerated Cl- solution,-1.00,-1,-1,Al Alloy,5
0.00,0.00,0.00,0.00,0.00,0.00,0.00,0.00,0.01,0.01,0.00,0.00,0.00,100.00,0.00,0.00,0.00,0.00,0.00,0.00,0.00,0.00,0.00,0.00,-675.00,25,8.10,0.1000,Potentiostatic Polarization for 24 hrs in deaerated Cl- solution,-1.00,-1,-1,Al Alloy,5
0.00,0.00,0.00,0.00,0.00,0.00,0.00,0.00,0.01,0.01,0.00,0.00,0.00,100.00,0.00,0.00,0.00,0.00,0.00,0.00,0.00,0.00,0.00,0.00,-650.00,25,9.00,0.1000,Potentiostatic Polarization for 24 hrs in deaerated Cl- solution,-1.00,-1,-1,Al Alloy,5
0.00,0.00,0.00,0.00,0.00,0.00,0.00,0.00,0.01,0.01,0.00,0.00,0.00,100.00,0.00,0.00,0.00,0.00,0.00,0.00,0.00,0.00,0.00,0.00,-600.00,25,9.40,0.1000,Potentiostatic Polarization for 24 hrs in deaerated Cl- solution,-1.00,-1,-1,Al Alloy,5
0.00,0.00,0.00,0.00,0.00,0.00,0.00,0.00,0.01,0.01,0.00,0.00,0.00,100.00,0.00,0.00,0.00,0.00,0.00,0.00,0.00,0.00,0.00,0.00,-770.00,25,4.00,1.0000,Potentiostatic Polarization for 24 hrs in deaerated Cl- solution,-1.00,-1,-1,Al Alloy,5
0.00,0.00,0.00,0.00,0.00,0.00,0.00,0.00,0.01,0.01,0.00,0.00,0.00,100.00,0.00,0.00,0.00,0.00,0.00,0.00,0.00,0.00,0.00,0.00,-760.00,25,5.80,1.0000,Potentiostatic Polarization for 24 hrs in deaerated Cl- solution,-1.00,-1,-1,Al Alloy,5
0.00,0.00,0.00,0.00,0.00,0.00,0.00,0.00,0.01,0.01,0.00,0.00,0.00,100.00,0.00,0.00,0.00,0.00,0.00,0.00,0.00,0.00,0.00,0.00,-760.00,25,8.10,1.0000,Potentiostatic Polarization for 24 hrs in deaerated Cl- solution,-1.00,-1,-1,Al Alloy,5
0.00,0.00,0.00,0.00,0.00,0.00,0.00,0.00,0.01,0.01,0.00,0.00,0.00,100.00,0.00,0.00,0.00,0.00,0.00,0.00,0.00,0.00,0.00,0.00,-720.00,25,10.20,1.0000,Potentiostatic Polarization for 24 hrs in deaerated Cl- solution,-1.00,-1,-1,Al Alloy,5
0.00,0.00,0.00,0.00,0.00,0.00,0.00,0.00,0.01,0.01,0.00,0.00,0.00,100.00,0.00,0.00,0.00,0.00,0.00,0.00,0.00,0.00,0.00,0.00,-500.00,25,10.00,0.1000,Potentiody-1mic Polarzation until a stable pit formed then Potentiostatic Polarization at pitting potential to monitior pit growth,1.00,-1,-1,Al Alloy,5
0.00,0.00,0.00,0.00,0.00,0.00,15.34,0.00,0.01,0.01,0.00,0.00,0.00,84.66,0.00,0.00,0.00,0.00,0.00,0.00,0.00,0.00,0.00,0.00,-125.00,25,10.00,0.1000,Potentiody-1mic Polarzation until a stable pit formed then Potentiostatic Polarization at pitting potential to monitior pit growth,1.00,-1,-1,Al Alloy,5
0.00,0.00,0.00,0.00,0.00,0.00,37.80,0.00,0.01,0.01,0.00,0.00,0.00,62.20,0.00,0.00,0.00,0.00,0.00,0.00,0.00,0.00,0.00,0.00,-750.00,25,10.00,0.1000,Potentiody-1mic Polarzation until a stable pit formed then Potentiostatic Polarization at pitting potential to monitior pit growth,1.00,-1,-1,Al Alloy,5
0.00,0.00,0.00,0.00,0.00,0.00,54.75,0.00,0.01,0.01,0.00,0.00,0.00,45.25,0.00,0.00,0.00,0.00,0.00,0.00,0.00,0.00,0.00,0.00,-875.00,25,10.00,0.1000,Potentiody-1mic Polarzation until a stable pit formed then Potentiostatic Polarization at pitting potential to monitior pit growth,1.00,-1,-1,Al Alloy,5
0.00,0.00,0.00,0.00,0.00,0.00,0.00,0.00,0.01,0.01,0.00,0.00,0.00,100.00,0.00,0.00,0.00,0.00,0.00,0.00,0.00,0.00,0.00,0.00,-690.00,25,7.00,0.1000,Potentiody-1mic Polarzation until a stable pit formed then Potentiostatic Polarization at pitting potential to monitior pit growth,1.00,-1,-1,Al Alloy,5
0.00,0.00,0.00,0.00,0.00,0.00,15.34,0.00,0.01,0.01,0.00,0.00,0.00,84.66,0.00,0.00,0.00,0.00,0.00,0.00,0.00,0.00,0.00,0.00,-300.00,25,7.00,0.1000,Potentiody-1mic Polarzation until a stable pit formed then Potentiostatic Polarization at pitting potential to monitior pit growth,1.00,-1,-1,Al Alloy,5
0.00,0.00,0.00,0.00,0.00,0.00,37.80,0.00,0.01,0.01,0.00,0.00,0.00,62.20,0.00,0.00,0.00,0.00,0.00,0.00,0.00,0.00,0.00,0.00,300.00,25,7.00,0.1000,Potentiody-1mic Polarzation until a stable pit formed then Potentiostatic Polarization at pitting potential to monitior pit growth,1.00,-1,-1,Al Alloy,5
0.00,0.00,0.00,0.00,0.00,0.00,54.75,0.00,0.01,0.01,0.00,0.00,0.00,45.25,0.00,0.00,0.00,0.00,0.00,0.00,0.00,0.00,0.00,0.00,600.00,25,7.00,0.1000,Potentiody-1mic Polarzation until a stable pit formed then Potentiostatic Polarization at pitting potential to monitior pit growth,1.00,-1,-1,Al Alloy,5
0.00,0.00,0.00,0.00,0.00,0.00,64.96,0.00,0.01,0.01,0.00,0.00,0.00,35.04,0.00,0.00,0.00,0.00,0.00,0.00,0.00,0.00,0.00,0.00,650.00,25,7.00,0.1000,Potentiody-1mic Polarzation until a stable pit formed then Potentiostatic Polarization at pitting potential to monitior pit growth,1.00,-1,-1,Al Alloy,5
0.00,0.00,0.00,15.77,0.00,0.00,0.00,0.00,0.01,0.01,0.00,0.00,0.00,84.23,0.00,0.00,0.00,0.00,0.00,0.00,0.00,0.00,0.00,0.00,0.00,25,10.00,0.1000,Potentiody-1mic Polarzation until a stable pit formed then Potentiostatic Polarization at pitting potential to monitior pit growth,1.00,-1,-1,Al Alloy,5
0.00,0.00,0.00,28.32,0.00,0.00,0.00,0.00,0.01,0.01,0.00,0.00,0.00,71.68,0.00,0.00,0.00,0.00,0.00,0.00,0.00,0.00,0.00,0.00,100.00,25,10.00,0.1000,Potentiody-1mic Polarzation until a stable pit formed then Potentiostatic Polarization at pitting potential to monitior pit growth,1.00,-1,-1,Al Alloy,5
0.00,0.00,0.00,38.56,0.00,0.00,0.00,0.00,0.01,0.01,0.00,0.00,0.00,61.44,0.00,0.00,0.00,0.00,0.00,0.00,0.00,0.00,0.00,0.00,400.00,25,10.00,0.1000,Potentiody-1mic Polarzation until a stable pit formed then Potentiostatic Polarization at pitting potential to monitior pit growth,1.00,-1,-1,Al Alloy,5
0.00,0.00,0.00,44.67,0.00,0.00,0.00,0.00,0.01,0.01,0.00,0.00,0.00,55.33,0.00,0.00,0.00,0.00,0.00,0.00,0.00,0.00,0.00,0.00,600.00,25,10.00,0.1000,Potentiody-1mic Polarzation until a stable pit formed then Potentiostatic Polarization at pitting potential to monitior pit growth,1.00,-1,-1,Al Alloy,5
0.00,0.00,0.00,55.55,0.00,0.00,0.00,0.00,0.01,0.01,0.00,0.00,0.00,44.45,0.00,0.00,0.00,0.00,0.00,0.00,0.00,0.00,0.00,0.00,775.00,25,10.00,0.1000,Potentiody-1mic Polarzation until a stable pit formed then Potentiostatic Polarization at pitting potential to monitior pit growth,1.00,-1,-1,Al Alloy,5
0.00,0.00,0.00,59.23,0.00,0.00,0.00,0.00,0.01,0.01,0.00,0.00,0.00,40.77,0.00,0.00,0.00,0.00,0.00,0.00,0.00,0.00,0.00,0.00,900.00,25,10.00,0.1000,Potentiody-1mic Polarzation until a stable pit formed then Potentiostatic Polarization at pitting potential to monitior pit growth,1.00,-1,-1,Al Alloy,5
0.00,0.00,0.00,15.77,0.00,0.00,0.00,0.00,0.01,0.01,0.00,0.00,0.00,84.23,0.00,0.00,0.00,0.00,0.00,0.00,0.00,0.00,0.00,0.00,0.00,25,7.00,0.1000,Potentiody-1mic Polarzation until a stable pit formed then Potentiostatic Polarization at pitting potential to monitior pit growth,1.00,-1,-1,Al Alloy,5
0.00,0.00,0.00,28.32,0.00,0.00,0.00,0.00,0.01,0.01,0.00,0.00,0.00,71.68,0.00,0.00,0.00,0.00,0.00,0.00,0.00,0.00,0.00,0.00,250.00,25,7.00,0.1000,Potentiody-1mic Polarzation until a stable pit formed then Potentiostatic Polarization at pitting potential to monitior pit growth,1.00,-1,-1,Al Alloy,5
0.00,0.00,0.00,41.27,0.00,0.00,0.00,0.00,0.01,0.01,0.00,0.00,0.00,58.73,0.00,0.00,0.00,0.00,0.00,0.00,0.00,0.00,0.00,0.00,525.00,25,7.00,0.1000,Potentiody-1mic Polarzation until a stable pit formed then Potentiostatic Polarization at pitting potential to monitior pit growth,1.00,-1,-1,Al Alloy,5
0.00,0.00,0.00,57.43,0.00,0.00,0.00,0.00,0.01,0.01,0.00,0.00,0.00,42.57,0.00,0.00,0.00,0.00,0.00,0.00,0.00,0.00,0.00,0.00,925.00,25,7.00,0.1000,Potentiody-1mic Polarzation until a stable pit formed then Potentiostatic Polarization at pitting potential to monitior pit growth,1.00,-1,-1,Al Alloy,5
0.00,0.00,0.00,59.23,0.00,0.00,0.00,0.00,0.01,0.01,0.00,0.00,0.00,40.77,0.00,0.00,0.00,0.00,0.00,0.00,0.00,0.00,0.00,0.00,900.00,25,7.00,0.1000,Potentiody-1mic Polarzation until a stable pit formed then Potentiostatic Polarization at pitting potential to monitior pit growth,1.00,-1,-1,Al Alloy,5
0.00,4.71,0.00,0.00,0.00,0.00,0.00,0.00,0.01,0.01,0.00,0.00,0.00,95.29,0.00,0.00,0.00,0.00,0.00,0.00,0.00,0.00,0.00,0.00,0.00,25,10.00,0.1000,Potentiody-1mic Polarzation until a stable pit formed then Potentiostatic Polarization at pitting potential to monitior pit growth,1.00,-1,-1,Al Alloy,5
0.00,20.03,0.00,0.00,0.00,0.00,0.00,0.00,0.01,0.01,0.00,0.00,0.00,79.97,0.00,0.00,0.00,0.00,0.00,0.00,0.00,0.00,0.00,0.00,300.00,25,10.00,0.1000,Potentiody-1mic Polarzation until a stable pit formed then Potentiostatic Polarization at pitting potential to monitior pit growth,1.00,-1,-1,Al Alloy,5
0.00,45.23,0.00,0.00,0.00,0.00,0.00,0.00,0.01,0.01,0.00,0.00,0.00,54.77,0.00,0.00,0.00,0.00,0.00,0.00,0.00,0.00,0.00,0.00,500.00,25,10.00,0.1000,Potentiody-1mic Polarzation until a stable pit formed then Potentiostatic Polarization at pitting potential to monitior pit growth,1.00,-1,-1,Al Alloy,5
0.00,9.21,0.00,0.00,0.00,0.00,0.00,0.00,0.01,0.01,0.00,0.00,0.00,90.79,0.00,0.00,0.00,0.00,0.00,0.00,0.00,0.00,0.00,0.00,-150.00,25,7.00,0.1000,Potentiody-1mic Polarzation until a stable pit formed then Potentiostatic Polarization at pitting potential to monitior pit growth,1.00,-1,-1,Al Alloy,5
0.00,26.12,0.00,0.00,0.00,0.00,0.00,0.00,0.01,0.01,0.00,0.00,0.00,73.88,0.00,0.00,0.00,0.00,0.00,0.00,0.00,0.00,0.00,0.00,-125.00,25,7.00,0.1000,Potentiody-1mic Polarzation until a stable pit formed then Potentiostatic Polarization at pitting potential to monitior pit growth,1.00,-1,-1,Al Alloy,5
0.00,17.64,0.00,0.00,0.00,0.00,0.00,0.00,0.01,0.01,0.00,0.00,0.00,82.36,0.00,0.00,0.00,0.00,0.00,0.00,0.00,0.00,0.00,0.00,-125.00,25,7.00,0.1000,Potentiody-1mic Polarzation until a stable pit formed then Potentiostatic Polarization at pitting potential to monitior pit growth,1.00,-1,-1,Al Alloy,5
0.00,39.74,0.00,0.00,0.00,0.00,0.00,0.00,0.01,0.01,0.00,0.00,0.00,60.26,0.00,0.00,0.00,0.00,0.00,0.00,0.00,0.00,0.00,0.00,-100.00,25,7.00,0.1000,Potentiody-1mic Polarzation until a stable pit formed then Potentiostatic Polarization at pitting potential to monitior pit growth,1.00,-1,-1,Al Alloy,5
0.00,50.37,0.00,0.00,0.00,0.00,0.00,0.00,0.01,0.01,0.00,0.00,0.00,49.63,0.00,0.00,0.00,0.00,0.00,0.00,0.00,0.00,0.00,0.00,0.00,25,7.00,0.1000,Potentiody-1mic Polarzation until a stable pit formed then Potentiostatic Polarization at pitting potential to monitior pit growth,1.00,-1,-1,Al Alloy,5
0.00,54.15,0.00,0.00,0.00,0.00,0.00,0.00,0.01,0.01,0.00,0.00,0.00,45.85,0.00,0.00,0.00,0.00,0.00,0.00,0.00,0.00,0.00,0.00,425.00,25,7.00,0.1000,Potentiody-1mic Polarzation until a stable pit formed then Potentiostatic Polarization at pitting potential to monitior pit growth,1.00,-1,-1,Al Alloy,5
0.00,0.00,0.00,0.00,27.21,0.00,0.00,0.00,0.01,0.01,0.00,0.00,0.00,72.29,0.00,0.00,0.00,0.00,0.00,0.00,0.00,0.00,0.00,0.00,-60.00,25,7.00,0.1000,Potentiody-1mic Polarzation until a stable pit formed then Potentiostatic Polarization at pitting potential to monitior pit growth,1.00,-1,-1,Al Alloy,5
0.00,0.00,0.00,0.00,0.00,0.00,0.00,0.00,0.01,0.01,0.00,0.00,0.00,100.00,0.00,0.00,0.00,0.00,0.00,0.00,0.00,0.00,0.00,0.00,-550.00,25,6.00,0.6000,"Potentiody-1mic Polarization in a three electrode flat cell, prior to anodic sweep OCP measured for 1 hr",0.10,-1,-1,Al Alloy,5
0.00,0.00,0.00,0.00,0.00,0.00,0.00,0.00,0.01,0.01,0.00,0.00,0.00,74.46,0.00,0.00,0.00,12.89,0.00,12.65,0.00,0.00,0.00,0.00,-214.00,25,6.00,0.6000,"Potentiody-1mic Polarization in a three electrode flat cell, prior to anodic sweep OCP measured for 1 hr",0.10,-1,-1,Al Alloy,5
0.00,0.00,0.00,0.00,0.00,0.00,0.00,0.00,0.01,0.01,0.00,0.00,0.00,67.79,0.00,0.00,0.00,17.40,0.00,14.81,0.00,0.00,0.00,0.00,-218.00,25,6.00,0.6000,"Potentiody-1mic Polarization in a three electrode flat cell, prior to anodic sweep OCP measured for 1 hr",0.10,-1,-1,Al Alloy,5
0.00,0.00,0.00,0.00,0.00,0.00,0.00,0.00,0.01,0.01,0.00,0.00,0.00,65.19,0.00,0.00,0.00,23.35,0.00,11.46,0.00,0.00,0.00,0.00,-252.00,25,6.00,0.6000,"Potentiody-1mic Polarization in a three electrode flat cell, prior to anodic sweep OCP measured for 1 hr",0.10,-1,-1,Al Alloy,5
0.00,0.00,0.00,0.00,0.00,0.00,0.00,0.00,0.01,0.01,0.00,0.00,0.00,65.19,0.00,0.00,0.00,23.35,0.00,11.46,0.00,0.00,0.00,0.00,-583.00,25,6.00,0.6000,"Potentiody-1mic Polarization in a three electrode flat cell, prior to anodic sweep OCP measured for 1 hr",0.10,-1,-1,Al Alloy,5
7.99,0.00,0.00,0.00,0.00,0.00,0.00,0.00,0.01,0.01,0.00,0.00,0.00,69.50,0.00,0.00,0.00,0.00,0.00,0.00,0.00,0.00,0.00,22.50,-150.00,25,7.00,0.6000,"Potentiody-1mic Polarization in a three electrode flat cell, prior to anodic sweep OCP measured for 1 hr",0.10,-1,-1,Al Alloy,5
7.99,0.00,0.00,0.00,0.00,0.00,0.00,0.00,0.01,0.01,0.00,0.00,0.00,69.50,0.00,0.00,0.00,0.00,0.00,0.00,0.00,0.00,0.00,22.50,980.00,25,7.00,0.6000,"Potentiody-1mic Polarization in a three electrode flat cell, prior to anodic sweep OCP measured for 1 hr",0.10,-1,-1,Al Alloy,5
7.99,0.00,0.00,0.00,0.00,0.00,0.00,0.00,0.01,0.01,0.00,0.00,0.00,69.50,0.00,0.00,0.00,0.00,0.00,0.00,0.00,0.00,0.00,22.50,10.00,25,7.00,0.6000,"Potentiody-1mic Polarization in a three electrode flat cell, prior to anodic sweep OCP measured for 1 hr",0.10,-1,-1,Al Alloy,5
7.99,0.00,0.00,0.00,0.00,0.00,0.00,0.00,0.01,0.01,0.00,0.00,0.00,69.50,0.00,0.00,0.00,0.00,0.00,0.00,0.00,0.00,0.00,22.50,150.00,25,7.00,0.6000,"Potentiody-1mic Polarization in a three electrode flat cell, prior to anodic sweep OCP measured for 1 hr",0.10,-1,-1,Al Alloy,5
7.99,0.00,0.00,0.00,0.00,0.00,0.00,0.00,0.01,0.01,0.00,0.00,0.00,69.50,0.00,0.00,0.00,0.00,0.00,0.00,0.00,0.00,0.00,22.50,300.00,25,7.00,0.6000,"Potentiody-1mic Polarization in a three electrode flat cell, prior to anodic sweep OCP measured for 1 hr",0.10,-1,-1,Al Alloy,5
7.99,0.00,0.00,0.00,0.00,0.00,0.00,0.00,0.01,0.01,0.00,0.00,0.00,69.50,0.00,0.00,0.00,0.00,0.00,0.00,0.00,0.00,0.00,22.50,-550.00,25,7.00,0.6000,"Potentiody-1mic Polarization in a three electrode flat cell, prior to anodic sweep OCP measured for 1 hr",0.10,-1,-1,Al Alloy,5
0.00,0.00,0.00,0.00,0.00,0.00,0.00,0.00,0.01,0.01,0.00,0.00,0.00,67.72,0.00,0.00,0.00,27.35,0.00,4.93,0.00,0.00,0.00,0.00,-280.00,25,7.00,0.6000,"Potentiody-1mic Polarization in a three electrode flat cell, prior to anodic sweep OCP measured for 1 hr",0.10,-1,-1,Al Alloy,5
0.00,0.00,0.00,0.00,0.00,0.00,0.00,0.00,0.01,0.01,0.00,0.00,0.00,67.72,0.00,0.00,0.00,27.35,0.00,4.93,0.00,0.00,0.00,0.00,-390.00,25,7.00,0.6000,"Potentiody-1mic Polarization in a three electrode flat cell, prior to anodic sweep OCP measured for 1 hr",0.10,-1,-1,Al Alloy,5
0.00,0.00,0.00,0.00,0.00,0.00,0.00,0.00,0.01,0.01,0.00,0.00,0.00,67.72,0.00,0.00,0.00,27.35,0.00,4.93,0.00,0.00,0.00,0.00,-420.00,25,7.00,0.6000,"Potentiody-1mic Polarization in a three electrode flat cell, prior to anodic sweep OCP measured for 1 hr",0.10,-1,-1,Al Alloy,5
0.00,0.00,0.00,0.00,0.00,0.00,0.00,0.00,0.01,0.01,0.00,0.00,0.00,67.72,0.00,0.00,0.00,27.35,0.00,4.93,0.00,0.00,0.00,0.00,-450.00,25,7.00,0.6000,"Potentiody-1mic Polarization in a three electrode flat cell, prior to anodic sweep OCP measured for 1 hr",0.10,-1,-1,Al Alloy,5
0.00,0.00,0.00,0.00,0.00,0.00,0.00,0.00,0.01,0.01,0.00,0.00,0.00,67.72,0.00,0.00,0.00,27.35,0.00,4.93,0.00,0.00,0.00,0.00,-690.00,25,7.00,0.6000,"Potentiody-1mic Polarization in a three electrode flat cell, prior to anodic sweep OCP measured for 1 hr",0.10,-1,-1,Al Alloy,5
0.00,0.00,11.10,0.00,0.00,0.00,0.00,0.00,0.01,0.01,0.00,0.00,0.00,63.41,0.00,0.00,0.00,0.00,0.00,0.00,0.00,0.00,0.00,25.49,-290.00,25,7.00,0.6000,"Potentiody-1mic Polarization in a three electrode flat cell, prior to anodic sweep OCP measured for 1 hr",0.10,-1,-1,Al Alloy,5
0.00,0.00,11.10,0.00,0.00,0.00,0.00,0.00,0.01,0.01,0.00,0.00,0.00,63.41,0.00,0.00,0.00,0.00,0.00,0.00,0.00,0.00,0.00,25.49,-240.00,25,7.00,0.6000,"Potentiody-1mic Polarization in a three electrode flat cell, prior to anodic sweep OCP measured for 1 hr",0.10,-1,-1,Al Alloy,5
0.00,0.00,11.10,0.00,0.00,0.00,0.00,0.00,0.01,0.01,0.00,0.00,0.00,63.41,0.00,0.00,0.00,0.00,0.00,0.00,0.00,0.00,0.00,25.49,-195.00,25,7.00,0.6000,"Potentiody-1mic Polarization in a three electrode flat cell, prior to anodic sweep OCP measured for 1 hr",0.10,-1,-1,Al Alloy,5
9.78,0.00,0.00,0.00,0.00,0.00,0.00,0.00,0.01,0.01,0.00,0.00,0.00,58.74,0.00,0.00,0.00,0.00,0.00,0.00,0.00,0.00,0.00,31.48,-200.00,25,7.00,0.6000,"Potentiody-1mic Polarization in a three electrode flat cell, prior to anodic sweep OCP measured for 1 hr",0.10,-1,-1,Al Alloy,5
9.78,0.00,0.00,0.00,0.00,0.00,0.00,0.00,0.01,0.01,0.00,0.00,0.00,58.74,0.00,0.00,0.00,0.00,0.00,0.00,0.00,0.00,0.00,31.48,300.00,25,7.00,0.6000,"Potentiody-1mic Polarization in a three electrode flat cell, prior to anodic sweep OCP measured for 1 hr",0.10,-1,-1,Al Alloy,5
0.00,0.00,0.00,0.00,0.00,0.00,0.00,0.00,0.01,0.01,4.00,0.00,0.00,96.00,0.00,0.00,0.00,0.00,0.00,0.00,0.00,0.00,0.00,0.00,-541.00,25,7.00,0.0100,Potentiostatic Polarization. Measurements made in 10 mV steps and held until a statio-1ry current was observed,-1.00,-1,-1,Al Alloy,5
0.00,0.00,0.00,0.00,0.00,0.00,0.00,0.00,0.01,0.01,4.00,0.00,0.00,96.00,0.00,0.00,0.00,0.00,0.00,0.00,0.00,0.00,0.00,0.00,-591.00,25,7.00,0.1000,Potentiostatic Polarization. Measurements made in 10 mV steps and held until a statio-1ry current was observed,-1.00,-1,-1,Al Alloy,5
0.00,0.00,0.00,0.00,0.00,0.00,0.00,0.00,0.01,0.01,4.00,0.00,0.00,96.00,0.00,0.00,0.00,0.00,0.00,0.00,0.00,0.00,0.00,0.00,-631.00,25,7.00,1.0000,Potentiostatic Polarization. Measurements made in 10 mV steps and held until a statio-1ry current was observed,-1.00,-1,-1,Al Alloy,5
0.00,0.00,0.00,0.00,0.00,0.00,0.00,0.00,0.01,0.01,4.00,0.00,0.00,96.00,0.00,0.00,0.00,0.00,0.00,0.00,0.00,0.00,0.00,0.00,-671.00,25,7.00,5.0000,Potentiostatic Polarization. Measurements made in 10 mV steps and held until a statio-1ry current was observed,-1.00,-1,-1,Al Alloy,5
0.00,0.00,0.00,0.00,0.00,0.00,0.00,0.00,0.01,0.01,0.20,0.00,0.00,99.80,0.00,0.00,0.00,0.00,0.00,0.00,0.00,0.00,0.00,0.00,-631.00,25,7.00,0.0100,Potentiostatic Polarization. Measurements made in 10 mV steps and held until a statio-1ry current was observed,-1.00,-1,-1,Al Alloy,5
0.00,0.00,0.00,0.00,0.00,0.00,0.00,0.00,0.01,0.01,0.20,0.00,0.00,99.80,0.00,0.00,0.00,0.00,0.00,0.00,0.00,0.00,0.00,0.00,-701.00,25,7.00,0.1000,Potentiostatic Polarization. Measurements made in 10 mV steps and held until a statio-1ry current was observed,-1.00,-1,-1,Al Alloy,5
0.00,0.00,0.00,0.00,0.00,0.00,0.00,0.00,0.01,0.01,0.20,0.00,0.00,99.80,0.00,0.00,0.00,0.00,0.00,0.00,0.00,0.00,0.00,0.00,-761.00,25,7.00,1.0000,Potentiostatic Polarization. Measurements made in 10 mV steps and held until a statio-1ry current was observed,-1.00,-1,-1,Al Alloy,5
0.17,0.01,0.00,0.00,0.00,0.00,0.00,0.00,0.06,0.63,4.54,0.00,0.00,92.97,0.00,0.00,0.00,0.00,0.03,0.00,0.00,1.51,0.00,0.00,-720.00,25,6.00,1.0000,Potentiostatic Polarization,-1.00,-1,-1,Al Alloy,5
0.00,0.00,0.00,0.00,0.00,0.00,0.00,0.00,0.00,0.01,0.00,0.00,0.00,99.99,0.00,0.00,0.00,0.00,0.00,0.00,0.00,0.00,0.00,0.00,-646.42,0,7.00,0.1000,"Potentiostatic Polarization. For most of the measurements, Al electrodes were employed measuring 1.5 cm long and 0.4 cm in diameter. One end of each electrode was drilled and tapped, allowing a threaded member attached to a nickel wire to hold the electrode firmly against a glass tube separated by a water-tight Teflon gasket. Only the electrode surface, totally immersed, Teflon, and glass made contact with the electrolyte. Specimens were polished to 3/0 emery paper followed by pickling in 2N -1OH at 80~ for 5 min and then washing in distilled water.",0.17,-1,-1,"Al Alloy, For most of the measurements, Al electrodes were employed measuring 1.5 cm long and 0.4 cm in diameter. One end of each electrode was drilled and tapped, allowing a threaded member attached to a nickel wire to hold the electrode firmly against a glass tube separated by a water-tight Teflon gasket. Only the electrode surface, totally immersed, Teflon, and glass made contact with the electrolyte. Specimens were polished to 3/0 emery paper followed by pickling in 2N -1OH at 80~ for 5 min and then washing in distilled water.",5
0.00,0.00,0.00,0.00,0.00,0.00,0.00,0.00,0.00,0.01,0.00,0.00,0.00,99.99,0.00,0.00,0.00,0.00,0.00,0.00,0.00,0.00,0.00,0.00,-644.58,15,7.00,0.1000,"Potentiostatic Polarization. For most of the measurements, Al electrodes were employed measuring 1.5 cm long and 0.4 cm in diameter. One end of each electrode was drilled and tapped, allowing a threaded member attached to a nickel wire to hold the electrode firmly against a glass tube separated by a water-tight Teflon gasket. Only the electrode surface, totally immersed, Teflon, and glass made contact with the electrolyte. Specimens were polished to 3/0 emery paper followed by pickling in 2N -1OH at 80~ for 5 min and then washing in distilled water.",0.17,-1,-1,"Al Alloy, For most of the measurements, Al electrodes were employed measuring 1.5 cm long and 0.4 cm in diameter. One end of each electrode was drilled and tapped, allowing a threaded member attached to a nickel wire to hold the electrode firmly against a glass tube separated by a water-tight Teflon gasket. Only the electrode surface, totally immersed, Teflon, and glass made contact with the electrolyte. Specimens were polished to 3/0 emery paper followed by pickling in 2N -1OH at 80~ for 5 min and then washing in distilled water.",5
0.00,0.00,0.00,0.00,0.00,0.00,0.00,0.00,0.00,0.01,0.00,0.00,0.00,99.99,0.00,0.00,0.00,0.00,0.00,0.00,0.00,0.00,0.00,0.00,-649.40,25,7.00,0.1000,"Potentiostatic Polarization. For most of the measurements, Al electrodes were employed measuring 1.5 cm long and 0.4 cm in diameter. One end of each electrode was drilled and tapped, allowing a threaded member attached to a nickel wire to hold the electrode firmly against a glass tube separated by a water-tight Teflon gasket. Only the electrode surface, totally immersed, Teflon, and glass made contact with the electrolyte. Specimens were polished to 3/0 emery paper followed by pickling in 2N -1OH at 80~ for 5 min and then washing in distilled water.",0.17,-1,-1,"Al Alloy, For most of the measurements, Al electrodes were employed measuring 1.5 cm long and 0.4 cm in diameter. One end of each electrode was drilled and tapped, allowing a threaded member attached to a nickel wire to hold the electrode firmly against a glass tube separated by a water-tight Teflon gasket. Only the electrode surface, totally immersed, Teflon, and glass made contact with the electrolyte. Specimens were polished to 3/0 emery paper followed by pickling in 2N -1OH at 80~ for 5 min and then washing in distilled water.",5
0.00,0.00,0.00,0.00,0.00,0.00,0.00,0.00,0.00,0.01,0.00,0.00,0.00,99.99,0.00,0.00,0.00,0.00,0.00,0.00,0.00,0.00,0.00,0.00,-653.01,32,7.00,0.1000,"Potentiostatic Polarization. For most of the measurements, Al electrodes were employed measuring 1.5 cm long and 0.4 cm in diameter. One end of each electrode was drilled and tapped, allowing a threaded member attached to a nickel wire to hold the electrode firmly against a glass tube separated by a water-tight Teflon gasket. Only the electrode surface, totally immersed, Teflon, and glass made contact with the electrolyte. Specimens were polished to 3/0 emery paper followed by pickling in 2N -1OH at 80~ for 5 min and then washing in distilled water.",0.17,-1,-1,"Al Alloy, For most of the measurements, Al electrodes were employed measuring 1.5 cm long and 0.4 cm in diameter. One end of each electrode was drilled and tapped, allowing a threaded member attached to a nickel wire to hold the electrode firmly against a glass tube separated by a water-tight Teflon gasket. Only the electrode surface, totally immersed, Teflon, and glass made contact with the electrolyte. Specimens were polished to 3/0 emery paper followed by pickling in 2N -1OH at 80~ for 5 min and then washing in distilled water.",5
0.00,0.00,0.00,0.00,0.00,0.00,0.00,0.00,0.00,0.01,0.00,0.00,0.00,99.99,0.00,0.00,0.00,0.00,0.00,0.00,0.00,0.00,0.00,0.00,-666.87,40,7.00,0.1000,"Potentiostatic Polarization. For most of the measurements, Al electrodes were employed measuring 1.5 cm long and 0.4 cm in diameter. One end of each electrode was drilled and tapped, allowing a threaded member attached to a nickel wire to hold the electrode firmly against a glass tube separated by a water-tight Teflon gasket. Only the electrode surface, totally immersed, Teflon, and glass made contact with the electrolyte. Specimens were polished to 3/0 emery paper followed by pickling in 2N -1OH at 80~ for 5 min and then washing in distilled water.",0.17,-1,-1,"Al Alloy, For most of the measurements, Al electrodes were employed measuring 1.5 cm long and 0.4 cm in diameter. One end of each electrode was drilled and tapped, allowing a threaded member attached to a nickel wire to hold the electrode firmly against a glass tube separated by a water-tight Teflon gasket. Only the electrode surface, totally immersed, Teflon, and glass made contact with the electrolyte. Specimens were polished to 3/0 emery paper followed by pickling in 2N -1OH at 80~ for 5 min and then washing in distilled water.",5
0.00,0.00,0.00,0.00,0.00,0.00,0.00,0.00,0.00,0.01,0.00,0.00,0.00,99.99,0.00,0.00,0.00,0.00,0.00,0.00,0.00,0.00,0.00,0.00,-534.00,25,7.00,0.0000,"Potentiostatic Polarization. For most of the measurements, Al electrodes were employed measuring 1.5 cm long and 0.4 cm in diameter. One end of each electrode was drilled and tapped, allowing a threaded member attached to a nickel wire to hold the electrode firmly against a glass tube separated by a water-tight Teflon gasket. Only the electrode surface, totally immersed, Teflon, and glass made contact with the electrolyte. Specimens were polished to 3/0 emery paper followed by pickling in 2N -1OH at 80~ for 5 min and then washing in distilled water.",0.17,-1,-1,"Al Alloy, For most of the measurements, Al electrodes were employed measuring 1.5 cm long and 0.4 cm in diameter. One end of each electrode was drilled and tapped, allowing a threaded member attached to a nickel wire to hold the electrode firmly against a glass tube separated by a water-tight Teflon gasket. Only the electrode surface, totally immersed, Teflon, and glass made contact with the electrolyte. Specimens were polished to 3/0 emery paper followed by pickling in 2N -1OH at 80~ for 5 min and then washing in distilled water.",5
0.00,0.00,0.00,0.00,0.00,0.00,0.00,0.00,0.00,0.01,0.00,0.00,0.00,99.99,0.00,0.00,0.00,0.00,0.00,0.00,0.00,0.00,0.00,0.00,-564.00,0,7.00,0.0000,"Potentiostatic Polarization. For most of the measurements, Al electrodes were employed measuring 1.5 cm long and 0.4 cm in diameter. One end of each electrode was drilled and tapped, allowing a threaded member attached to a nickel wire to hold the electrode firmly against a glass tube separated by a water-tight Teflon gasket. Only the electrode surface, totally immersed, Teflon, and glass made contact with the electrolyte. Specimens were polished to 3/0 emery paper followed by pickling in 2N -1OH at 80~ for 5 min and then washing in distilled water.",0.17,-1,-1,"Al Alloy, For most of the measurements, Al electrodes were employed measuring 1.5 cm long and 0.4 cm in diameter. One end of each electrode was drilled and tapped, allowing a threaded member attached to a nickel wire to hold the electrode firmly against a glass tube separated by a water-tight Teflon gasket. Only the electrode surface, totally immersed, Teflon, and glass made contact with the electrolyte. Specimens were polished to 3/0 emery paper followed by pickling in 2N -1OH at 80~ for 5 min and then washing in distilled water.",5
0.00,0.00,0.00,0.00,0.00,0.00,0.00,0.00,0.00,0.01,0.00,0.00,0.00,99.99,0.00,0.00,0.00,0.00,0.00,0.00,0.00,0.00,0.00,0.00,-244.00,25,7.00,0.1000,"Potentiostatic Polarization. For most of the measurements, Al electrodes were employed measuring 1.5 cm long and 0.4 cm in diameter. One end of each electrode was drilled and tapped, allowing a threaded member attached to a nickel wire to hold the electrode firmly against a glass tube separated by a water-tight Teflon gasket. Only the electrode surface, totally immersed, Teflon, and glass made contact with the electrolyte. Specimens were polished to 3/0 emery paper followed by pickling in 2N -1OH at 80~ for 5 min and then washing in distilled water.",0.17,-1,-1,"Al Alloy, For most of the measurements, Al electrodes were employed measuring 1.5 cm long and 0.4 cm in diameter. One end of each electrode was drilled and tapped, allowing a threaded member attached to a nickel wire to hold the electrode firmly against a glass tube separated by a water-tight Teflon gasket. Only the electrode surface, totally immersed, Teflon, and glass made contact with the electrolyte. Specimens were polished to 3/0 emery paper followed by pickling in 2N -1OH at 80~ for 5 min and then washing in distilled water.",5
0.00,0.00,0.00,0.00,0.00,0.00,0.00,0.00,0.00,0.01,0.00,0.00,0.00,99.99,0.00,0.00,0.00,0.00,0.00,0.00,0.00,0.00,0.00,0.00,-744.00,25,7.00,0.5000,"Potentiostatic Polarization. For most of the measurements, Al electrodes were employed measuring 1.5 cm long and 0.4 cm in diameter. One end of each electrode was drilled and tapped, allowing a threaded member attached to a nickel wire to hold the electrode firmly against a glass tube separated by a water-tight Teflon gasket. Only the electrode surface, totally immersed, Teflon, and glass made contact with the electrolyte. Specimens were polished to 3/0 emery paper followed by pickling in 2N -1OH at 80~ for 5 min and then washing in distilled water.",0.17,-1,-1,"Al Alloy, For most of the measurements, Al electrodes were employed measuring 1.5 cm long and 0.4 cm in diameter. One end of each electrode was drilled and tapped, allowing a threaded member attached to a nickel wire to hold the electrode firmly against a glass tube separated by a water-tight Teflon gasket. Only the electrode surface, totally immersed, Teflon, and glass made contact with the electrolyte. Specimens were polished to 3/0 emery paper followed by pickling in 2N -1OH at 80~ for 5 min and then washing in distilled water.",5
0.48,0.00,0.00,0.00,0.00,0.00,0.00,0.00,0.08,0.00,0.10,0.00,0.00,99.40,0.00,0.00,0.00,0.00,0.00,0.00,0.00,0.00,0.00,0.00,-654.00,25,7.00,0.1000,"Potentiostatic Polarization. For most of the measurements, Al electrodes were employed measuring 1.5 cm long and 0.4 cm in diameter. One end of each electrode was drilled and tapped, allowing a threaded member attached to a nickel wire to hold the electrode firmly against a glass tube separated by a water-tight Teflon gasket. Only the electrode surface, totally immersed, Teflon, and glass made contact with the electrolyte. Specimens were polished to 3/0 emery paper followed by pickling in 2N -1OH at 80~ for 5 min and then washing in distilled water.",0.17,-1,-1,"Al Alloy, For most of the measurements, Al electrodes were employed measuring 1.5 cm long and 0.4 cm in diameter. One end of each electrode was drilled and tapped, allowing a threaded member attached to a nickel wire to hold the electrode firmly against a glass tube separated by a water-tight Teflon gasket. Only the electrode surface, totally immersed, Teflon, and glass made contact with the electrolyte. Specimens were polished to 3/0 emery paper followed by pickling in 2N -1OH at 80~ for 5 min and then washing in distilled water.",5
0.00,0.00,0.00,0.00,0.00,0.00,0.00,0.00,0.00,1.30,0.01,0.00,0.00,98.69,0.00,0.00,0.00,0.00,0.00,0.00,0.00,0.00,0.00,0.00,-694.00,25,7.00,0.1000,"Potentiostatic Polarization. For most of the measurements, Al electrodes were employed measuring 1.5 cm long and 0.4 cm in diameter. One end of each electrode was drilled and tapped, allowing a threaded member attached to a nickel wire to hold the electrode firmly against a glass tube separated by a water-tight Teflon gasket. Only the electrode surface, totally immersed, Teflon, and glass made contact with the electrolyte. Specimens were polished to 3/0 emery paper followed by pickling in 2N -1OH at 80~ for 5 min and then washing in distilled water.",0.17,-1,-1,"Al Alloy, For most of the measurements, Al electrodes were employed measuring 1.5 cm long and 0.4 cm in diameter. One end of each electrode was drilled and tapped, allowing a threaded member attached to a nickel wire to hold the electrode firmly against a glass tube separated by a water-tight Teflon gasket. Only the electrode surface, totally immersed, Teflon, and glass made contact with the electrolyte. Specimens were polished to 3/0 emery paper followed by pickling in 2N -1OH at 80~ for 5 min and then washing in distilled water.",5
0.16,0.23,0.00,0.00,0.00,0.00,0.00,0.00,0.08,0.02,0.04,0.00,0.00,97.04,0.00,0.00,0.00,0.00,0.00,0.00,0.00,2.43,0.00,0.00,-684.00,25,7.00,0.1000,"Potentiostatic Polarization. For most of the measurements, Al electrodes were employed measuring 1.5 cm long and 0.4 cm in diameter. One end of each electrode was drilled and tapped, allowing a threaded member attached to a nickel wire to hold the electrode firmly against a glass tube separated by a water-tight Teflon gasket. Only the electrode surface, totally immersed, Teflon, and glass made contact with the electrolyte. Specimens were polished to 3/0 emery paper followed by pickling in 2N -1OH at 80~ for 5 min and then washing in distilled water.",0.17,-1,-1,"Al Alloy, For most of the measurements, Al electrodes were employed measuring 1.5 cm long and 0.4 cm in diameter. One end of each electrode was drilled and tapped, allowing a threaded member attached to a nickel wire to hold the electrode firmly against a glass tube separated by a water-tight Teflon gasket. Only the electrode surface, totally immersed, Teflon, and glass made contact with the electrolyte. Specimens were polished to 3/0 emery paper followed by pickling in 2N -1OH at 80~ for 5 min and then washing in distilled water.",5
